invoice_id,client_id,matter_id,invoice_status_before,invoice_amount,payment_count,total_received,invoice_excess_total,payment_sequence,payment_id,payment_date,payment_method,payment_reference,original_payment_amount,invoice_allocation_amount,client_credit_amount,reason_code,recommended_action,resolution_status,review_notes
938,142,424,failed,3831.80,5,180367.39,176535.59,1,114,2018-07-23,cash,26-245-8034,36767.70,3831.80,32935.90,payment_exceeds_remaining_balance,allocate_to_invoice_and_create_client_credit,modeled_pending_database_load,
938,142,424,failed,3831.80,5,180367.39,176535.59,2,536,2020-06-15,card,81-934-5349,32235.22,0.00,32235.22,invoice_already_fully_allocated,allocate_to_invoice_and_create_client_credit,modeled_pending_database_load,
938,142,424,failed,3831.80,5,180367.39,176535.59,3,227,2025-08-12,paypal,92-325-0378,45684.94,0.00,45684.94,invoice_already_fully_allocated,allocate_to_invoice_and_create_client_credit,modeled_pending_database_load,
938,142,424,failed,3831.80,5,180367.39,176535.59,4,156,2026-04-15,venmo,61-691-3495,28452.20,0.00,28452.20,invoice_already_fully_allocated,allocate_to_invoice_and_create_client_credit,modeled_pending_database_load,
938,142,424,failed,3831.80,5,180367.39,176535.59,5,549,2026-09-12,bank_transfer,33-534-1191,37227.33,0.00,37227.33,invoice_already_fully_allocated,allocate_to_invoice_and_create_client_credit,modeled_pending_database_load,
60,6,337,unpaid,2966.27,4,116433.44,113467.17,1,113,2024-10-07,bitcoin,60-766-1914,22907.63,2966.27,19941.36,payment_exceeds_remaining_balance,allocate_to_invoice_and_create_client_credit,modeled_pending_database_load,
60,6,337,unpaid,2966.27,4,116433.44,113467.17,2,416,2024-10-07,apple_pay,58-145-0294,3773.80,0.00,3773.80,invoice_already_fully_allocated,allocate_to_invoice_and_create_client_credit,modeled_pending_database_load,
60,6,337,unpaid,2966.27,4,116433.44,113467.17,3,877,2024-10-12,venmo,65-740-8118,47279.68,0.00,47279.68,invoice_already_fully_allocated,allocate_to_invoice_and_create_client_credit,modeled_pending_database_load,
60,6,337,unpaid,2966.27,4,116433.44,113467.17,4,693,2026-09-12,bank_transfer,25-558-7919,42472.33,0.00,42472.33,invoice_already_fully_allocated,allocate_to_invoice_and_create_client_credit,modeled_pending_database_load,
165,639,660,failed,16430.02,3,115206.27,98776.25,1,826,2019-05-13,bitcoin,00-660-9213,48434.53,16430.02,32004.51,payment_exceeds_remaining_balance,allocate_to_invoice_and_create_client_credit,modeled_pending_database_load,
165,639,660,failed,16430.02,3,115206.27,98776.25,2,953,2023-12-24,cash,29-656-4682,27966.73,0.00,27966.73,invoice_already_fully_allocated,allocate_to_invoice_and_create_client_credit,modeled_pending_database_load,
165,639,660,failed,16430.02,3,115206.27,98776.25,3,938,2026-09-12,bank_transfer,45-383-0733,38805.01,0.00,38805.01,invoice_already_fully_allocated,allocate_to_invoice_and_create_client_credit,modeled_pending_database_load,
138,251,102,unpaid,3682.69,3,96614.67,92931.98,1,30,2021-09-06,apple_pay,49-604-8198,13604.40,3682.69,9921.71,payment_exceeds_remaining_balance,allocate_to_invoice_and_create_client_credit,modeled_pending_database_load,
138,251,102,unpaid,3682.69,3,96614.67,92931.98,2,334,2021-09-06,cash,14-552-4326,43662.21,0.00,43662.21,invoice_already_fully_allocated,allocate_to_invoice_and_create_client_credit,modeled_pending_database_load,
138,251,102,unpaid,3682.69,3,96614.67,92931.98,3,624,2021-09-06,venmo,80-614-0640,39348.06,0.00,39348.06,invoice_already_fully_allocated,allocate_to_invoice_and_create_client_credit,modeled_pending_database_load,
386,169,433,failed,28492.10,3,119794.58,91302.48,1,93,2026-09-12,cash,95-859-0681,25937.26,25937.26,0.00,payment_fully_allocated,allocate_to_invoice,modeled_pending_database_load,
386,169,433,failed,28492.10,3,119794.58,91302.48,2,509,2026-09-12,apple_pay,97-448-2951,45087.06,2554.84,42532.22,payment_exceeds_remaining_balance,allocate_to_invoice_and_create_client_credit,modeled_pending_database_load,
386,169,433,failed,28492.10,3,119794.58,91302.48,3,731,2026-09-12,venmo,17-637-1087,48770.26,0.00,48770.26,invoice_already_fully_allocated,allocate_to_invoice_and_create_client_credit,modeled_pending_database_load,
891,667,707,failed,7179.17,2,89017.53,81838.36,1,791,2021-01-21,online_payment,75-950-2053,45699.51,7179.17,38520.34,payment_exceeds_remaining_balance,allocate_to_invoice_and_create_client_credit,modeled_pending_database_load,
891,667,707,failed,7179.17,2,89017.53,81838.36,2,596,2025-05-30,paypal,51-393-2859,43318.02,0.00,43318.02,invoice_already_fully_allocated,allocate_to_invoice_and_create_client_credit,modeled_pending_database_load,
118,85,233,unpaid,19832.94,3,100750.73,80917.79,1,830,2020-11-07,bitcoin,87-455-9690,49297.80,19832.94,29464.86,payment_exceeds_remaining_balance,allocate_to_invoice_and_create_client_credit,modeled_pending_database_load,
118,85,233,unpaid,19832.94,3,100750.73,80917.79,2,862,2024-01-24,bitcoin,16-996-4899,11886.10,0.00,11886.10,invoice_already_fully_allocated,allocate_to_invoice_and_create_client_credit,modeled_pending_database_load,
118,85,233,unpaid,19832.94,3,100750.73,80917.79,3,311,2025-12-03,google_wallet,58-291-3459,39566.83,0.00,39566.83,invoice_already_fully_allocated,allocate_to_invoice_and_create_client_credit,modeled_pending_database_load,
858,539,732,unpaid,12620.17,2,87954.71,75334.54,1,138,2025-09-09,bank_transfer,72-946-9483,40380.55,12620.17,27760.38,payment_exceeds_remaining_balance,allocate_to_invoice_and_create_client_credit,modeled_pending_database_load,
858,539,732,unpaid,12620.17,2,87954.71,75334.54,2,282,2026-09-12,google_wallet,01-370-2308,47574.16,0.00,47574.16,invoice_already_fully_allocated,allocate_to_invoice_and_create_client_credit,modeled_pending_database_load,
378,557,423,failed,2959.65,2,76540.45,73580.80,1,767,2019-12-21,venmo,68-420-1961,34370.73,2959.65,31411.08,payment_exceeds_remaining_balance,allocate_to_invoice_and_create_client_credit,modeled_pending_database_load,
378,557,423,failed,2959.65,2,76540.45,73580.80,2,653,2021-11-15,card,78-269-6499,42169.72,0.00,42169.72,invoice_already_fully_allocated,allocate_to_invoice_and_create_client_credit,modeled_pending_database_load,
155,783,801,paid,17127.90,2,81348.04,64220.14,1,7,2026-09-12,venmo,87-070-7297,43309.29,17127.90,26181.39,payment_exceeds_remaining_balance,allocate_to_invoice_and_create_client_credit,modeled_pending_database_load,
155,783,801,paid,17127.90,2,81348.04,64220.14,2,662,2026-09-12,bitcoin,78-070-8275,38038.75,0.00,38038.75,invoice_already_fully_allocated,allocate_to_invoice_and_create_client_credit,modeled_pending_database_load,
159,638,382,not_processed,18882.35,3,81023.09,62140.74,1,415,2026-07-27,bank_transfer,42-772-2622,28643.99,18882.35,9761.64,payment_exceeds_remaining_balance,allocate_to_invoice_and_create_client_credit,modeled_pending_database_load,
159,638,382,not_processed,18882.35,3,81023.09,62140.74,2,445,2026-07-27,online_payment,79-228-5565,29093.63,0.00,29093.63,invoice_already_fully_allocated,allocate_to_invoice_and_create_client_credit,modeled_pending_database_load,
159,638,382,not_processed,18882.35,3,81023.09,62140.74,3,607,2026-07-27,apple_pay,52-410-1638,23285.47,0.00,23285.47,invoice_already_fully_allocated,allocate_to_invoice_and_create_client_credit,modeled_pending_database_load,
75,376,938,not_processed,11326.56,2,72904.71,61578.15,1,125,2018-05-17,bitcoin,56-891-8029,34872.46,11326.56,23545.90,payment_exceeds_remaining_balance,allocate_to_invoice_and_create_client_credit,modeled_pending_database_load,
75,376,938,not_processed,11326.56,2,72904.71,61578.15,2,220,2021-03-13,cash,31-490-8817,38032.25,0.00,38032.25,invoice_already_fully_allocated,allocate_to_invoice_and_create_client_credit,modeled_pending_database_load,
361,135,713,paid,36473.59,2,94517.37,58043.78,1,584,2025-07-24,apple_pay,22-528-1377,45124.76,36473.59,8651.17,payment_exceeds_remaining_balance,allocate_to_invoice_and_create_client_credit,modeled_pending_database_load,
361,135,713,paid,36473.59,2,94517.37,58043.78,2,711,2026-09-12,venmo,30-180-7191,49392.61,0.00,49392.61,invoice_already_fully_allocated,allocate_to_invoice_and_create_client_credit,modeled_pending_database_load,
556,513,714,unpaid,3986.13,2,61823.77,57837.64,1,49,2026-05-17,cash,51-916-2699,18231.01,3986.13,14244.88,payment_exceeds_remaining_balance,allocate_to_invoice_and_create_client_credit,modeled_pending_database_load,
556,513,714,unpaid,3986.13,2,61823.77,57837.64,2,780,2026-05-17,card,75-615-1373,43592.76,0.00,43592.76,invoice_already_fully_allocated,allocate_to_invoice_and_create_client_credit,modeled_pending_database_load,
826,167,995,failed,43693.53,3,100266.51,56572.98,1,641,2019-03-28,bank_transfer,97-881-7945,32634.85,32634.85,0.00,payment_fully_allocated,allocate_to_invoice,modeled_pending_database_load,
826,167,995,failed,43693.53,3,100266.51,56572.98,2,937,2019-07-18,paypal,95-075-3944,45070.46,11058.68,34011.78,payment_exceeds_remaining_balance,allocate_to_invoice_and_create_client_credit,modeled_pending_database_load,
826,167,995,failed,43693.53,3,100266.51,56572.98,3,926,2026-03-25,apple_pay,34-461-6233,22561.20,0.00,22561.20,invoice_already_fully_allocated,allocate_to_invoice_and_create_client_credit,modeled_pending_database_load,
484,443,213,unpaid,15180.42,4,70316.92,55136.50,1,237,2019-08-02,paypal,88-830-5035,4245.96,4245.96,0.00,payment_fully_allocated,allocate_to_invoice,modeled_pending_database_load,
484,443,213,unpaid,15180.42,4,70316.92,55136.50,2,861,2019-08-02,paypal,05-991-5495,37861.03,10934.46,26926.57,payment_exceeds_remaining_balance,allocate_to_invoice_and_create_client_credit,modeled_pending_database_load,
484,443,213,unpaid,15180.42,4,70316.92,55136.50,3,105,2026-07-22,cash,39-780-5263,24346.52,0.00,24346.52,invoice_already_fully_allocated,allocate_to_invoice_and_create_client_credit,modeled_pending_database_load,
484,443,213,unpaid,15180.42,4,70316.92,55136.50,4,718,2026-09-12,venmo,42-873-0174,3863.41,0.00,3863.41,invoice_already_fully_allocated,allocate_to_invoice_and_create_client_credit,modeled_pending_database_load,
549,253,839,paid,911.84,3,54225.11,53313.27,1,406,2020-05-25,venmo,94-774-4607,32422.15,911.84,31510.31,payment_exceeds_remaining_balance,allocate_to_invoice_and_create_client_credit,modeled_pending_database_load,
549,253,839,paid,911.84,3,54225.11,53313.27,2,180,2022-12-18,paypal,01-045-7382,3555.54,0.00,3555.54,invoice_already_fully_allocated,allocate_to_invoice_and_create_client_credit,modeled_pending_database_load,
549,253,839,paid,911.84,3,54225.11,53313.27,3,177,2026-08-21,online_payment,96-299-2929,18247.42,0.00,18247.42,invoice_already_fully_allocated,allocate_to_invoice_and_create_client_credit,modeled_pending_database_load,
197,959,628,unpaid,40600.26,2,93398.76,52798.50,1,392,2022-11-19,google_wallet,34-078-9805,44845.51,40600.26,4245.25,payment_exceeds_remaining_balance,allocate_to_invoice_and_create_client_credit,modeled_pending_database_load,
197,959,628,unpaid,40600.26,2,93398.76,52798.50,2,427,2024-06-07,card,52-349-0465,48553.25,0.00,48553.25,invoice_already_fully_allocated,allocate_to_invoice_and_create_client_credit,modeled_pending_database_load,
1,833,478,not_processed,6992.94,3,58629.90,51636.96,1,649,2019-07-20,online_payment,41-477-3416,23894.27,6992.94,16901.33,payment_exceeds_remaining_balance,allocate_to_invoice_and_create_client_credit,modeled_pending_database_load,
1,833,478,not_processed,6992.94,3,58629.90,51636.96,2,678,2019-07-20,venmo,23-047-4478,30520.34,0.00,30520.34,invoice_already_fully_allocated,allocate_to_invoice_and_create_client_credit,modeled_pending_database_load,
1,833,478,not_processed,6992.94,3,58629.90,51636.96,3,252,2023-08-26,card,46-162-7942,4215.29,0.00,4215.29,invoice_already_fully_allocated,allocate_to_invoice_and_create_client_credit,modeled_pending_database_load,
382,626,594,unpaid,26555.25,2,77607.21,51051.96,1,47,2018-04-22,google_wallet,70-952-8349,36654.45,26555.25,10099.20,payment_exceeds_remaining_balance,allocate_to_invoice_and_create_client_credit,modeled_pending_database_load,
382,626,594,unpaid,26555.25,2,77607.21,51051.96,2,211,2026-09-12,venmo,55-501-4399,40952.76,0.00,40952.76,invoice_already_fully_allocated,allocate_to_invoice_and_create_client_credit,modeled_pending_database_load,
385,936,979,failed,16849.41,3,62902.87,46053.46,1,567,2021-07-01,bitcoin,52-881-4904,7395.23,7395.23,0.00,payment_fully_allocated,allocate_to_invoice,modeled_pending_database_load,
385,936,979,failed,16849.41,3,62902.87,46053.46,2,36,2023-04-08,card,23-697-7094,28882.40,9454.18,19428.22,payment_exceeds_remaining_balance,allocate_to_invoice_and_create_client_credit,modeled_pending_database_load,
385,936,979,failed,16849.41,3,62902.87,46053.46,3,107,2026-09-12,paypal,25-235-5617,26625.24,0.00,26625.24,invoice_already_fully_allocated,allocate_to_invoice_and_create_client_credit,modeled_pending_database_load,
784,894,976,not_processed,38612.47,3,81813.17,43200.70,1,101,2021-03-09,apple_pay,97-645-4044,5667.49,5667.49,0.00,payment_fully_allocated,allocate_to_invoice,modeled_pending_database_load,
784,894,976,not_processed,38612.47,3,81813.17,43200.70,2,479,2021-03-09,paypal,70-466-6134,32623.04,32623.04,0.00,payment_fully_allocated,allocate_to_invoice,modeled_pending_database_load,
784,894,976,not_processed,38612.47,3,81813.17,43200.70,3,411,2022-03-05,cash,27-940-5969,43522.64,321.94,43200.70,payment_exceeds_remaining_balance,allocate_to_invoice_and_create_client_credit,modeled_pending_database_load,
930,790,335,failed,6917.44,2,49637.86,42720.42,1,984,2021-05-18,apple_pay,58-468-6281,46289.15,6917.44,39371.71,payment_exceeds_remaining_balance,allocate_to_invoice_and_create_client_credit,modeled_pending_database_load,
930,790,335,failed,6917.44,2,49637.86,42720.42,2,969,2026-09-12,card,83-477-2334,3348.71,0.00,3348.71,invoice_already_fully_allocated,allocate_to_invoice_and_create_client_credit,modeled_pending_database_load,
753,185,226,not_processed,4500.33,1,47011.66,42511.33,1,145,2025-09-16,paypal,26-736-7997,47011.66,4500.33,42511.33,payment_exceeds_remaining_balance,allocate_to_invoice_and_create_client_credit,modeled_pending_database_load,
993,817,59,not_processed,40365.68,3,82815.23,42449.55,1,592,2022-10-09,online_payment,51-267-0442,29577.25,29577.25,0.00,payment_fully_allocated,allocate_to_invoice,modeled_pending_database_load,
993,817,59,not_processed,40365.68,3,82815.23,42449.55,2,694,2024-04-27,google_wallet,36-647-7015,11071.83,10788.43,283.40,payment_exceeds_remaining_balance,allocate_to_invoice_and_create_client_credit,modeled_pending_database_load,
993,817,59,not_processed,40365.68,3,82815.23,42449.55,3,432,2026-05-19,bitcoin,54-863-8860,42166.15,0.00,42166.15,invoice_already_fully_allocated,allocate_to_invoice_and_create_client_credit,modeled_pending_database_load,
383,330,184,failed,61149.34,3,101535.37,40386.03,1,599,2024-12-28,venmo,75-828-2503,30083.23,30083.23,0.00,payment_fully_allocated,allocate_to_invoice,modeled_pending_database_load,
383,330,184,failed,61149.34,3,101535.37,40386.03,2,175,2026-09-12,bank_transfer,96-674-2525,48609.00,31066.11,17542.89,payment_exceeds_remaining_balance,allocate_to_invoice_and_create_client_credit,modeled_pending_database_load,
383,330,184,failed,61149.34,3,101535.37,40386.03,3,779,2026-09-12,venmo,01-698-2321,22843.14,0.00,22843.14,invoice_already_fully_allocated,allocate_to_invoice_and_create_client_credit,modeled_pending_database_load,
81,682,399,unpaid,7834.86,1,47107.58,39272.72,1,971,2026-02-17,venmo,45-069-4506,47107.58,7834.86,39272.72,payment_exceeds_remaining_balance,allocate_to_invoice_and_create_client_credit,modeled_pending_database_load,
341,651,894,paid,42381.10,2,81271.63,38890.53,1,747,2023-09-26,bank_transfer,98-293-1589,42999.29,42381.10,618.19,payment_exceeds_remaining_balance,allocate_to_invoice_and_create_client_credit,modeled_pending_database_load,
341,651,894,paid,42381.10,2,81271.63,38890.53,2,936,2023-09-26,bank_transfer,33-711-8467,38272.34,0.00,38272.34,invoice_already_fully_allocated,allocate_to_invoice_and_create_client_credit,modeled_pending_database_load,
914,634,228,paid,10522.03,2,49376.32,38854.29,1,194,2024-08-30,bitcoin,94-708-8133,13956.85,10522.03,3434.82,payment_exceeds_remaining_balance,allocate_to_invoice_and_create_client_credit,modeled_pending_database_load,
914,634,228,paid,10522.03,2,49376.32,38854.29,2,912,2024-08-30,online_payment,19-711-0558,35419.47,0.00,35419.47,invoice_already_fully_allocated,allocate_to_invoice_and_create_client_credit,modeled_pending_database_load,
642,675,732,unpaid,65001.81,3,102586.67,37584.86,1,506,2021-07-17,paypal,86-363-8616,39875.83,39875.83,0.00,payment_fully_allocated,allocate_to_invoice,modeled_pending_database_load,
642,675,732,unpaid,65001.81,3,102586.67,37584.86,2,75,2026-09-12,online_payment,42-091-9356,42368.19,25125.98,17242.21,payment_exceeds_remaining_balance,allocate_to_invoice_and_create_client_credit,modeled_pending_database_load,
642,675,732,unpaid,65001.81,3,102586.67,37584.86,3,102,2026-09-12,card,37-747-8270,20342.65,0.00,20342.65,invoice_already_fully_allocated,allocate_to_invoice_and_create_client_credit,modeled_pending_database_load,
659,494,301,not_processed,53953.20,3,90093.17,36139.97,1,739,2018-10-01,online_payment,42-545-6497,43683.84,43683.84,0.00,payment_fully_allocated,allocate_to_invoice,modeled_pending_database_load,
659,494,301,not_processed,53953.20,3,90093.17,36139.97,2,284,2025-03-18,paypal,85-498-9174,13915.87,10269.36,3646.51,payment_exceeds_remaining_balance,allocate_to_invoice_and_create_client_credit,modeled_pending_database_load,
659,494,301,not_processed,53953.20,3,90093.17,36139.97,3,136,2026-09-12,card,84-922-6139,32493.46,0.00,32493.46,invoice_already_fully_allocated,allocate_to_invoice_and_create_client_credit,modeled_pending_database_load,
949,754,461,paid,18002.25,2,53210.93,35208.68,1,752,2025-05-15,cash,88-177-3230,33052.98,18002.25,15050.73,payment_exceeds_remaining_balance,allocate_to_invoice_and_create_client_credit,modeled_pending_database_load,
949,754,461,paid,18002.25,2,53210.93,35208.68,2,53,2025-12-21,paypal,03-630-7736,20157.95,0.00,20157.95,invoice_already_fully_allocated,allocate_to_invoice_and_create_client_credit,modeled_pending_database_load,
292,285,325,not_processed,13669.90,2,47531.67,33861.77,1,681,2020-10-18,bitcoin,26-885-6762,25409.60,13669.90,11739.70,payment_exceeds_remaining_balance,allocate_to_invoice_and_create_client_credit,modeled_pending_database_load,
292,285,325,not_processed,13669.90,2,47531.67,33861.77,2,458,2026-09-12,card,26-755-5813,22122.07,0.00,22122.07,invoice_already_fully_allocated,allocate_to_invoice_and_create_client_credit,modeled_pending_database_load,
543,206,777,unpaid,28868.25,2,62195.13,33326.88,1,214,2020-10-29,bitcoin,74-370-1875,12282.75,12282.75,0.00,payment_fully_allocated,allocate_to_invoice,modeled_pending_database_load,
543,206,777,unpaid,28868.25,2,62195.13,33326.88,2,614,2026-06-21,bitcoin,22-408-2034,49912.38,16585.50,33326.88,payment_exceeds_remaining_balance,allocate_to_invoice_and_create_client_credit,modeled_pending_database_load,
330,351,374,failed,29893.81,2,62917.39,33023.58,1,643,2024-08-21,online_payment,35-068-7968,24378.22,24378.22,0.00,payment_fully_allocated,allocate_to_invoice,modeled_pending_database_load,
330,351,374,failed,29893.81,2,62917.39,33023.58,2,342,2026-09-12,bank_transfer,05-623-9133,38539.17,5515.59,33023.58,payment_exceeds_remaining_balance,allocate_to_invoice_and_create_client_credit,modeled_pending_database_load,
879,207,166,unpaid,11854.84,1,43518.99,31664.15,1,324,2026-09-12,google_wallet,90-761-0606,43518.99,11854.84,31664.15,payment_exceeds_remaining_balance,allocate_to_invoice_and_create_client_credit,modeled_pending_database_load,
140,448,575,paid,23585.81,2,54590.17,31004.36,1,435,2024-05-14,cash,12-303-2483,16290.22,16290.22,0.00,payment_fully_allocated,allocate_to_invoice,modeled_pending_database_load,
140,448,575,paid,23585.81,2,54590.17,31004.36,2,561,2024-05-14,cash,35-449-3524,38299.95,7295.59,31004.36,payment_exceeds_remaining_balance,allocate_to_invoice_and_create_client_credit,modeled_pending_database_load,
968,633,895,unpaid,18522.01,1,48397.71,29875.70,1,769,2020-12-31,google_wallet,48-015-3433,48397.71,18522.01,29875.70,payment_exceeds_remaining_balance,allocate_to_invoice_and_create_client_credit,modeled_pending_database_load,
303,504,842,unpaid,11994.04,2,40789.95,28795.91,1,613,2026-01-27,bank_transfer,63-465-1419,4587.49,4587.49,0.00,payment_fully_allocated,allocate_to_invoice,modeled_pending_database_load,
303,504,842,unpaid,11994.04,2,40789.95,28795.91,2,652,2026-01-27,bitcoin,09-863-8694,36202.46,7406.55,28795.91,payment_exceeds_remaining_balance,allocate_to_invoice_and_create_client_credit,modeled_pending_database_load,
674,352,564,paid,25384.95,2,53396.33,28011.38,1,690,2020-05-19,venmo,43-886-9818,32330.13,25384.95,6945.18,payment_exceeds_remaining_balance,allocate_to_invoice_and_create_client_credit,modeled_pending_database_load,
674,352,564,paid,25384.95,2,53396.33,28011.38,2,870,2021-10-07,online_payment,13-383-6575,21066.20,0.00,21066.20,invoice_already_fully_allocated,allocate_to_invoice_and_create_client_credit,modeled_pending_database_load,
264,43,372,not_processed,14570.63,2,41841.06,27270.43,1,715,2020-09-26,venmo,30-271-3340,40751.50,14570.63,26180.87,payment_exceeds_remaining_balance,allocate_to_invoice_and_create_client_credit,modeled_pending_database_load,
264,43,372,not_processed,14570.63,2,41841.06,27270.43,2,383,2021-10-12,cash,03-117-2973,1089.56,0.00,1089.56,invoice_already_fully_allocated,allocate_to_invoice_and_create_client_credit,modeled_pending_database_load,
996,147,820,unpaid,38376.07,3,65487.83,27111.76,1,263,2026-08-11,cash,17-040-2736,9.87,9.87,0.00,payment_fully_allocated,allocate_to_invoice,modeled_pending_database_load,
996,147,820,unpaid,38376.07,3,65487.83,27111.76,2,516,2026-08-11,venmo,83-072-9627,15745.37,15745.37,0.00,payment_fully_allocated,allocate_to_invoice,modeled_pending_database_load,
996,147,820,unpaid,38376.07,3,65487.83,27111.76,3,667,2026-08-11,google_wallet,00-477-4251,49732.59,22620.83,27111.76,payment_exceeds_remaining_balance,allocate_to_invoice_and_create_client_credit,modeled_pending_database_load,
218,287,92,paid,38139.42,2,64950.69,26811.27,1,875,2019-12-20,cash,45-543-8477,29032.14,29032.14,0.00,payment_fully_allocated,allocate_to_invoice,modeled_pending_database_load,
218,287,92,paid,38139.42,2,64950.69,26811.27,2,803,2026-01-09,venmo,19-557-6554,35918.55,9107.28,26811.27,payment_exceeds_remaining_balance,allocate_to_invoice_and_create_client_credit,modeled_pending_database_load,
102,100,592,failed,27013.57,2,53615.71,26602.14,1,923,2022-10-30,venmo,42-506-8257,46802.47,27013.57,19788.90,payment_exceeds_remaining_balance,allocate_to_invoice_and_create_client_credit,modeled_pending_database_load,
102,100,592,failed,27013.57,2,53615.71,26602.14,2,665,2024-09-24,bitcoin,84-854-7476,6813.24,0.00,6813.24,invoice_already_fully_allocated,allocate_to_invoice_and_create_client_credit,modeled_pending_database_load,
907,634,352,paid,23554.69,1,49962.73,26408.04,1,302,2024-02-13,paypal,64-375-8770,49962.73,23554.69,26408.04,payment_exceeds_remaining_balance,allocate_to_invoice_and_create_client_credit,modeled_pending_database_load,
527,528,192,failed,4003.11,1,30261.27,26258.16,1,960,2025-03-10,card,00-422-1700,30261.27,4003.11,26258.16,payment_exceeds_remaining_balance,allocate_to_invoice_and_create_client_credit,modeled_pending_database_load,
11,245,378,failed,82055.53,4,107909.85,25854.32,1,52,2020-09-29,google_wallet,47-601-8845,33304.59,33304.59,0.00,payment_fully_allocated,allocate_to_invoice,modeled_pending_database_load,
11,245,378,failed,82055.53,4,107909.85,25854.32,2,384,2020-09-29,bitcoin,44-900-4831,32796.26,32796.26,0.00,payment_fully_allocated,allocate_to_invoice,modeled_pending_database_load,
11,245,378,failed,82055.53,4,107909.85,25854.32,3,442,2025-06-13,google_wallet,64-470-3454,22626.81,15954.68,6672.13,payment_exceeds_remaining_balance,allocate_to_invoice_and_create_client_credit,modeled_pending_database_load,
11,245,378,failed,82055.53,4,107909.85,25854.32,4,755,2026-09-12,paypal,69-160-0971,19182.19,0.00,19182.19,invoice_already_fully_allocated,allocate_to_invoice_and_create_client_credit,modeled_pending_database_load,
658,202,247,paid,15576.91,1,41291.24,25714.33,1,799,2020-07-30,bitcoin,57-390-9800,41291.24,15576.91,25714.33,payment_exceeds_remaining_balance,allocate_to_invoice_and_create_client_credit,modeled_pending_database_load,
936,898,601,unpaid,9147.18,1,34387.03,25239.85,1,216,2026-09-12,cash,52-350-3029,34387.03,9147.18,25239.85,payment_exceeds_remaining_balance,allocate_to_invoice_and_create_client_credit,modeled_pending_database_load,
965,258,156,not_processed,22303.89,1,46692.74,24388.85,1,616,2024-10-21,card,76-548-0900,46692.74,22303.89,24388.85,payment_exceeds_remaining_balance,allocate_to_invoice_and_create_client_credit,modeled_pending_database_load,
702,913,963,unpaid,1896.43,1,23432.96,21536.53,1,848,2026-06-08,cash,85-109-7315,23432.96,1896.43,21536.53,payment_exceeds_remaining_balance,allocate_to_invoice_and_create_client_credit,modeled_pending_database_load,
46,474,1000,paid,17515.34,1,38375.02,20859.68,1,943,2025-04-18,cash,62-774-4276,38375.02,17515.34,20859.68,payment_exceeds_remaining_balance,allocate_to_invoice_and_create_client_credit,modeled_pending_database_load,
152,594,534,not_processed,78125.60,3,98083.39,19957.79,1,686,2026-01-20,apple_pay,13-654-4155,3660.51,3660.51,0.00,payment_fully_allocated,allocate_to_invoice,modeled_pending_database_load,
152,594,534,not_processed,78125.60,3,98083.39,19957.79,2,190,2026-09-12,online_payment,01-175-9550,47634.44,47634.44,0.00,payment_fully_allocated,allocate_to_invoice,modeled_pending_database_load,
152,594,534,not_processed,78125.60,3,98083.39,19957.79,3,277,2026-09-12,google_wallet,41-031-4536,46788.44,26830.65,19957.79,payment_exceeds_remaining_balance,allocate_to_invoice_and_create_client_credit,modeled_pending_database_load,
857,427,48,paid,23943.14,1,42902.98,18959.84,1,542,2026-09-12,card,43-558-5626,42902.98,23943.14,18959.84,payment_exceeds_remaining_balance,allocate_to_invoice_and_create_client_credit,modeled_pending_database_load,
463,576,582,not_processed,1424.79,1,20186.24,18761.45,1,112,2018-01-17,bitcoin,07-207-2688,20186.24,1424.79,18761.45,payment_exceeds_remaining_balance,allocate_to_invoice_and_create_client_credit,modeled_pending_database_load,
558,885,763,failed,22377.00,1,39962.71,17585.71,1,539,2026-09-12,google_wallet,64-461-8128,39962.71,22377.00,17585.71,payment_exceeds_remaining_balance,allocate_to_invoice_and_create_client_credit,modeled_pending_database_load,
78,699,16,paid,49638.15,2,66748.66,17110.51,1,501,2025-05-08,google_wallet,07-719-4406,34912.53,34912.53,0.00,payment_fully_allocated,allocate_to_invoice,modeled_pending_database_load,
78,699,16,paid,49638.15,2,66748.66,17110.51,2,672,2025-05-08,bank_transfer,20-194-7854,31836.13,14725.62,17110.51,payment_exceeds_remaining_balance,allocate_to_invoice_and_create_client_credit,modeled_pending_database_load,
768,55,699,failed,18691.36,1,35765.75,17074.39,1,850,2025-06-27,card,68-602-9792,35765.75,18691.36,17074.39,payment_exceeds_remaining_balance,allocate_to_invoice_and_create_client_credit,modeled_pending_database_load,
51,932,493,unpaid,11687.77,1,28689.63,17001.86,1,141,2022-12-11,bitcoin,14-440-3197,28689.63,11687.77,17001.86,payment_exceeds_remaining_balance,allocate_to_invoice_and_create_client_credit,modeled_pending_database_load,
671,122,930,failed,87746.14,4,104526.81,16780.67,1,380,2025-07-05,apple_pay,64-048-6550,3910.60,3910.60,0.00,payment_fully_allocated,allocate_to_invoice,modeled_pending_database_load,
671,122,930,failed,87746.14,4,104526.81,16780.67,2,639,2025-07-05,card,26-597-2257,43014.15,43014.15,0.00,payment_fully_allocated,allocate_to_invoice,modeled_pending_database_load,
671,122,930,failed,87746.14,4,104526.81,16780.67,3,590,2026-07-01,google_wallet,38-283-5960,35816.34,35816.34,0.00,payment_fully_allocated,allocate_to_invoice,modeled_pending_database_load,
671,122,930,failed,87746.14,4,104526.81,16780.67,4,173,2026-09-12,apple_pay,91-331-6930,21785.72,5005.05,16780.67,payment_exceeds_remaining_balance,allocate_to_invoice_and_create_client_credit,modeled_pending_database_load,
570,637,70,paid,50663.50,2,67382.45,16718.95,1,192,2020-04-26,online_payment,86-129-0087,44448.16,44448.16,0.00,payment_fully_allocated,allocate_to_invoice,modeled_pending_database_load,
570,637,70,paid,50663.50,2,67382.45,16718.95,2,73,2023-09-28,bank_transfer,78-375-9737,22934.29,6215.34,16718.95,payment_exceeds_remaining_balance,allocate_to_invoice_and_create_client_credit,modeled_pending_database_load,
627,829,353,paid,41961.64,2,58131.45,16169.81,1,695,2023-12-24,paypal,66-561-8809,30668.39,30668.39,0.00,payment_fully_allocated,allocate_to_invoice,modeled_pending_database_load,
627,829,353,paid,41961.64,2,58131.45,16169.81,2,200,2026-09-12,card,09-787-0299,27463.06,11293.25,16169.81,payment_exceeds_remaining_balance,allocate_to_invoice_and_create_client_credit,modeled_pending_database_load,
766,394,620,paid,25807.42,2,41855.05,16047.63,1,100,2025-12-13,apple_pay,38-811-4353,8025.18,8025.18,0.00,payment_fully_allocated,allocate_to_invoice,modeled_pending_database_load,
766,394,620,paid,25807.42,2,41855.05,16047.63,2,913,2025-12-13,paypal,38-922-7393,33829.87,17782.24,16047.63,payment_exceeds_remaining_balance,allocate_to_invoice_and_create_client_credit,modeled_pending_database_load,
917,995,226,paid,72197.87,3,87388.01,15190.14,1,54,2024-08-13,bitcoin,93-838-8939,20653.06,20653.06,0.00,payment_fully_allocated,allocate_to_invoice,modeled_pending_database_load,
917,995,226,paid,72197.87,3,87388.01,15190.14,2,404,2025-10-14,google_wallet,44-945-8475,49423.47,49423.47,0.00,payment_fully_allocated,allocate_to_invoice,modeled_pending_database_load,
917,995,226,paid,72197.87,3,87388.01,15190.14,3,832,2026-09-12,paypal,17-906-1727,17311.48,2121.34,15190.14,payment_exceeds_remaining_balance,allocate_to_invoice_and_create_client_credit,modeled_pending_database_load,
237,433,65,unpaid,18331.00,2,33294.30,14963.30,1,195,2018-12-10,bank_transfer,29-938-3776,33216.92,18331.00,14885.92,payment_exceeds_remaining_balance,allocate_to_invoice_and_create_client_credit,modeled_pending_database_load,
237,433,65,unpaid,18331.00,2,33294.30,14963.30,2,714,2018-12-10,google_wallet,72-368-0430,77.38,0.00,77.38,invoice_already_fully_allocated,allocate_to_invoice_and_create_client_credit,modeled_pending_database_load,
811,86,434,failed,28764.95,1,43604.75,14839.80,1,472,2026-09-12,online_payment,74-168-6289,43604.75,28764.95,14839.80,payment_exceeds_remaining_balance,allocate_to_invoice_and_create_client_credit,modeled_pending_database_load,
911,776,454,not_processed,12862.33,1,27416.84,14554.51,1,15,2024-08-07,bank_transfer,34-798-2942,27416.84,12862.33,14554.51,payment_exceeds_remaining_balance,allocate_to_invoice_and_create_client_credit,modeled_pending_database_load,
458,660,84,unpaid,63868.31,2,77478.76,13610.45,1,117,2024-05-30,cash,96-718-7899,34658.41,34658.41,0.00,payment_fully_allocated,allocate_to_invoice,modeled_pending_database_load,
458,660,84,unpaid,63868.31,2,77478.76,13610.45,2,952,2025-08-18,online_payment,09-171-8229,42820.35,29209.90,13610.45,payment_exceeds_remaining_balance,allocate_to_invoice_and_create_client_credit,modeled_pending_database_load,
279,1000,66,unpaid,52487.49,2,65921.20,13433.71,1,535,2022-12-27,paypal,41-446-7770,41841.14,41841.14,0.00,payment_fully_allocated,allocate_to_invoice,modeled_pending_database_load,
279,1000,66,unpaid,52487.49,2,65921.20,13433.71,2,666,2023-10-01,online_payment,76-978-7142,24080.06,10646.35,13433.71,payment_exceeds_remaining_balance,allocate_to_invoice_and_create_client_credit,modeled_pending_database_load,
739,14,15,failed,12803.54,1,26009.15,13205.61,1,625,2026-09-12,apple_pay,04-101-9849,26009.15,12803.54,13205.61,payment_exceeds_remaining_balance,allocate_to_invoice_and_create_client_credit,modeled_pending_database_load,
83,273,511,unpaid,14457.61,2,27155.29,12697.68,1,121,2023-03-30,apple_pay,07-267-3150,11962.28,11962.28,0.00,payment_fully_allocated,allocate_to_invoice,modeled_pending_database_load,
83,273,511,unpaid,14457.61,2,27155.29,12697.68,2,997,2025-11-27,venmo,25-250-0057,15193.01,2495.33,12697.68,payment_exceeds_remaining_balance,allocate_to_invoice_and_create_client_credit,modeled_pending_database_load,
853,312,226,failed,35914.26,1,48134.55,12220.29,1,537,2026-09-12,card,40-851-0013,48134.55,35914.26,12220.29,payment_exceeds_remaining_balance,allocate_to_invoice_and_create_client_credit,modeled_pending_database_load,
773,288,256,paid,59165.59,2,71077.48,11911.89,1,646,2020-04-28,online_payment,65-418-1011,41530.26,41530.26,0.00,payment_fully_allocated,allocate_to_invoice,modeled_pending_database_load,
773,288,256,paid,59165.59,2,71077.48,11911.89,2,517,2026-09-12,venmo,00-336-6749,29547.22,17635.33,11911.89,payment_exceeds_remaining_balance,allocate_to_invoice_and_create_client_credit,modeled_pending_database_load,
315,915,708,not_processed,48894.97,2,60717.00,11822.03,1,579,2019-04-21,paypal,97-272-5536,29395.80,29395.80,0.00,payment_fully_allocated,allocate_to_invoice,modeled_pending_database_load,
315,915,708,not_processed,48894.97,2,60717.00,11822.03,2,193,2026-09-12,google_wallet,24-583-8197,31321.20,19499.17,11822.03,payment_exceeds_remaining_balance,allocate_to_invoice_and_create_client_credit,modeled_pending_database_load,
148,975,452,paid,92801.74,3,104506.79,11705.05,1,430,2026-07-10,online_payment,33-078-4774,41814.98,41814.98,0.00,payment_fully_allocated,allocate_to_invoice,modeled_pending_database_load,
148,975,452,paid,92801.74,3,104506.79,11705.05,2,847,2026-07-10,online_payment,31-348-1616,27850.15,27850.15,0.00,payment_fully_allocated,allocate_to_invoice,modeled_pending_database_load,
148,975,452,paid,92801.74,3,104506.79,11705.05,3,899,2026-09-12,online_payment,06-462-6096,34841.66,23136.61,11705.05,payment_exceeds_remaining_balance,allocate_to_invoice_and_create_client_credit,modeled_pending_database_load,
5,80,158,paid,81378.06,2,92980.35,11602.29,1,72,2026-07-28,paypal,64-075-0669,46764.91,46764.91,0.00,payment_fully_allocated,allocate_to_invoice,modeled_pending_database_load,
5,80,158,paid,81378.06,2,92980.35,11602.29,2,512,2026-07-28,cash,51-785-4454,46215.44,34613.15,11602.29,payment_exceeds_remaining_balance,allocate_to_invoice_and_create_client_credit,modeled_pending_database_load,
808,357,938,failed,19987.71,1,31176.26,11188.55,1,608,2019-06-28,venmo,47-686-3211,31176.26,19987.71,11188.55,payment_exceeds_remaining_balance,allocate_to_invoice_and_create_client_credit,modeled_pending_database_load,
977,665,78,paid,50272.60,3,61161.61,10889.01,1,76,2021-06-15,cash,46-098-6224,10811.45,10811.45,0.00,payment_fully_allocated,allocate_to_invoice,modeled_pending_database_load,
977,665,78,paid,50272.60,3,61161.61,10889.01,2,248,2021-06-15,bitcoin,46-625-5405,16096.82,16096.82,0.00,payment_fully_allocated,allocate_to_invoice,modeled_pending_database_load,
977,665,78,paid,50272.60,3,61161.61,10889.01,3,896,2021-06-15,card,05-097-4811,34253.34,23364.33,10889.01,payment_exceeds_remaining_balance,allocate_to_invoice_and_create_client_credit,modeled_pending_database_load,
864,902,467,unpaid,30345.42,1,40407.36,10061.94,1,124,2026-09-12,google_wallet,31-952-7105,40407.36,30345.42,10061.94,payment_exceeds_remaining_balance,allocate_to_invoice_and_create_client_credit,modeled_pending_database_load,
816,783,645,paid,1684.37,1,11593.40,9909.03,1,169,2026-04-07,cash,46-953-1837,11593.40,1684.37,9909.03,payment_exceeds_remaining_balance,allocate_to_invoice_and_create_client_credit,modeled_pending_database_load,
256,604,222,paid,45985.64,3,55663.38,9677.74,1,161,2018-03-24,card,88-916-8542,6432.61,6432.61,0.00,payment_fully_allocated,allocate_to_invoice,modeled_pending_database_load,
256,604,222,paid,45985.64,3,55663.38,9677.74,2,704,2018-03-24,card,30-906-3553,13323.66,13323.66,0.00,payment_fully_allocated,allocate_to_invoice,modeled_pending_database_load,
256,604,222,paid,45985.64,3,55663.38,9677.74,3,94,2021-07-04,card,55-609-7461,35907.11,26229.37,9677.74,payment_exceeds_remaining_balance,allocate_to_invoice_and_create_client_credit,modeled_pending_database_load,
791,668,708,failed,8323.58,1,17298.91,8975.33,1,589,2020-12-07,card,19-668-8363,17298.91,8323.58,8975.33,payment_exceeds_remaining_balance,allocate_to_invoice_and_create_client_credit,modeled_pending_database_load,
52,675,781,paid,14866.12,1,23650.12,8784.00,1,742,2025-08-24,card,65-053-5747,23650.12,14866.12,8784.00,payment_exceeds_remaining_balance,allocate_to_invoice_and_create_client_credit,modeled_pending_database_load,
509,399,348,not_processed,29682.75,1,38068.43,8385.68,1,191,2024-07-13,apple_pay,99-637-5813,38068.43,29682.75,8385.68,payment_exceeds_remaining_balance,allocate_to_invoice_and_create_client_credit,modeled_pending_database_load,
487,647,826,failed,83774.02,4,91922.69,8148.67,1,212,2020-03-16,card,82-111-6490,41522.01,41522.01,0.00,payment_fully_allocated,allocate_to_invoice,modeled_pending_database_load,
487,647,826,failed,83774.02,4,91922.69,8148.67,2,954,2020-10-13,venmo,08-668-4578,23027.04,23027.04,0.00,payment_fully_allocated,allocate_to_invoice,modeled_pending_database_load,
487,647,826,failed,83774.02,4,91922.69,8148.67,3,396,2026-09-12,online_payment,41-406-0172,4497.96,4497.96,0.00,payment_fully_allocated,allocate_to_invoice,modeled_pending_database_load,
487,647,826,failed,83774.02,4,91922.69,8148.67,4,412,2026-09-12,card,02-155-8706,22875.68,14727.01,8148.67,payment_exceeds_remaining_balance,allocate_to_invoice_and_create_client_credit,modeled_pending_database_load,
33,485,940,not_processed,16447.27,1,24401.63,7954.36,1,373,2026-05-31,apple_pay,49-841-2824,24401.63,16447.27,7954.36,payment_exceeds_remaining_balance,allocate_to_invoice_and_create_client_credit,modeled_pending_database_load,
184,181,838,unpaid,29209.77,1,37122.46,7912.69,1,146,2025-01-15,paypal,87-534-2134,37122.46,29209.77,7912.69,payment_exceeds_remaining_balance,allocate_to_invoice_and_create_client_credit,modeled_pending_database_load,
623,830,878,unpaid,9864.44,1,17279.47,7415.03,1,987,2026-09-12,paypal,94-130-7096,17279.47,9864.44,7415.03,payment_exceeds_remaining_balance,allocate_to_invoice_and_create_client_credit,modeled_pending_database_load,
188,858,173,unpaid,41342.79,2,48719.13,7376.34,1,735,2025-11-12,venmo,53-108-2812,34835.82,34835.82,0.00,payment_fully_allocated,allocate_to_invoice,modeled_pending_database_load,
188,858,173,unpaid,41342.79,2,48719.13,7376.34,2,813,2026-09-12,cash,74-568-6549,13883.31,6506.97,7376.34,payment_exceeds_remaining_balance,allocate_to_invoice_and_create_client_credit,modeled_pending_database_load,
619,141,145,unpaid,44836.38,2,51872.20,7035.82,1,96,2026-06-21,card,18-532-3413,30735.22,30735.22,0.00,payment_fully_allocated,allocate_to_invoice,modeled_pending_database_load,
619,141,145,unpaid,44836.38,2,51872.20,7035.82,2,48,2026-09-12,card,15-696-9975,21136.98,14101.16,7035.82,payment_exceeds_remaining_balance,allocate_to_invoice_and_create_client_credit,modeled_pending_database_load,
506,716,482,not_processed,43784.10,2,50089.24,6305.14,1,685,2018-12-31,bank_transfer,40-949-2731,11960.38,11960.38,0.00,payment_fully_allocated,allocate_to_invoice,modeled_pending_database_load,
506,716,482,not_processed,43784.10,2,50089.24,6305.14,2,701,2026-09-12,bank_transfer,13-097-0229,38128.86,31823.72,6305.14,payment_exceeds_remaining_balance,allocate_to_invoice_and_create_client_credit,modeled_pending_database_load,
950,256,345,unpaid,23029.71,1,29326.34,6296.63,1,480,2024-08-13,venmo,26-181-2448,29326.34,23029.71,6296.63,payment_exceeds_remaining_balance,allocate_to_invoice_and_create_client_credit,modeled_pending_database_load,
803,518,29,unpaid,15404.29,1,20818.28,5413.99,1,493,2026-03-18,cash,84-112-3597,20818.28,15404.29,5413.99,payment_exceeds_remaining_balance,allocate_to_invoice_and_create_client_credit,modeled_pending_database_load,
162,892,607,not_processed,43039.64,1,48332.37,5292.73,1,341,2026-09-12,card,31-382-1889,48332.37,43039.64,5292.73,payment_exceeds_remaining_balance,allocate_to_invoice_and_create_client_credit,modeled_pending_database_load,
26,240,931,not_processed,2011.52,1,7125.87,5114.35,1,163,2022-01-16,google_wallet,14-848-8652,7125.87,2011.52,5114.35,payment_exceeds_remaining_balance,allocate_to_invoice_and_create_client_credit,modeled_pending_database_load,
50,748,314,unpaid,142083.68,5,145569.55,3485.87,1,41,2024-09-18,google_wallet,03-646-4616,46309.55,46309.55,0.00,payment_fully_allocated,allocate_to_invoice,modeled_pending_database_load,
50,748,314,unpaid,142083.68,5,145569.55,3485.87,2,370,2024-09-18,online_payment,93-420-7430,41355.63,41355.63,0.00,payment_fully_allocated,allocate_to_invoice,modeled_pending_database_load,
50,748,314,unpaid,142083.68,5,145569.55,3485.87,3,417,2024-09-18,apple_pay,41-243-0538,47822.92,47822.92,0.00,payment_fully_allocated,allocate_to_invoice,modeled_pending_database_load,
50,748,314,unpaid,142083.68,5,145569.55,3485.87,4,821,2024-09-18,cash,94-848-3829,2116.04,2116.04,0.00,payment_fully_allocated,allocate_to_invoice,modeled_pending_database_load,
50,748,314,unpaid,142083.68,5,145569.55,3485.87,5,904,2024-09-18,bank_transfer,31-368-8103,7965.41,4479.54,3485.87,payment_exceeds_remaining_balance,allocate_to_invoice_and_create_client_credit,modeled_pending_database_load,
638,346,707,unpaid,42548.53,2,45832.48,3283.95,1,226,2021-08-18,online_payment,05-797-4233,30385.45,30385.45,0.00,payment_fully_allocated,allocate_to_invoice,modeled_pending_database_load,
638,346,707,unpaid,42548.53,2,45832.48,3283.95,2,127,2026-09-12,cash,09-095-2891,15447.03,12163.08,3283.95,payment_exceeds_remaining_balance,allocate_to_invoice_and_create_client_credit,modeled_pending_database_load,
863,620,111,not_processed,18202.10,1,21185.53,2983.43,1,908,2026-09-08,card,90-538-3507,21185.53,18202.10,2983.43,payment_exceeds_remaining_balance,allocate_to_invoice_and_create_client_credit,modeled_pending_database_load,
318,459,76,not_processed,28077.06,1,31059.25,2982.19,1,705,2019-06-25,google_wallet,16-919-2542,31059.25,28077.06,2982.19,payment_exceeds_remaining_balance,allocate_to_invoice_and_create_client_credit,modeled_pending_database_load,
411,997,973,paid,143521.31,4,145867.59,2346.28,1,203,2021-02-26,cash,26-740-0618,17825.40,17825.40,0.00,payment_fully_allocated,allocate_to_invoice,modeled_pending_database_load,
411,997,973,paid,143521.31,4,145867.59,2346.28,2,499,2021-04-16,paypal,00-197-8281,33887.03,33887.03,0.00,payment_fully_allocated,allocate_to_invoice,modeled_pending_database_load,
411,997,973,paid,143521.31,4,145867.59,2346.28,3,902,2025-08-04,venmo,78-541-1585,48909.30,48909.30,0.00,payment_fully_allocated,allocate_to_invoice,modeled_pending_database_load,
411,997,973,paid,143521.31,4,145867.59,2346.28,4,988,2026-05-04,paypal,23-076-5097,45245.86,42899.58,2346.28,payment_exceeds_remaining_balance,allocate_to_invoice_and_create_client_credit,modeled_pending_database_load,
675,660,29,paid,37609.35,1,39874.87,2265.52,1,601,2022-04-08,bank_transfer,83-679-3276,39874.87,37609.35,2265.52,payment_exceeds_remaining_balance,allocate_to_invoice_and_create_client_credit,modeled_pending_database_load,
571,488,772,not_processed,93843.20,3,95280.44,1437.24,1,178,2018-07-08,card,07-495-9553,29292.71,29292.71,0.00,payment_fully_allocated,allocate_to_invoice,modeled_pending_database_load,
571,488,772,not_processed,93843.20,3,95280.44,1437.24,2,403,2018-07-08,cash,06-503-7715,18858.36,18858.36,0.00,payment_fully_allocated,allocate_to_invoice,modeled_pending_database_load,
571,488,772,not_processed,93843.20,3,95280.44,1437.24,3,688,2026-09-12,card,77-747-7160,47129.37,45692.13,1437.24,payment_exceeds_remaining_balance,allocate_to_invoice_and_create_client_credit,modeled_pending_database_load,
111,97,156,failed,62895.95,2,64321.91,1425.96,1,353,2022-04-04,apple_pay,23-089-2206,15352.16,15352.16,0.00,payment_fully_allocated,allocate_to_invoice,modeled_pending_database_load,
111,97,156,failed,62895.95,2,64321.91,1425.96,2,942,2023-07-05,apple_pay,81-391-7195,48969.75,47543.79,1425.96,payment_exceeds_remaining_balance,allocate_to_invoice_and_create_client_credit,modeled_pending_database_load,
800,857,322,failed,24694.11,1,25992.55,1298.44,1,748,2023-11-17,bank_transfer,95-573-2236,25992.55,24694.11,1298.44,payment_exceeds_remaining_balance,allocate_to_invoice_and_create_client_credit,modeled_pending_database_load,
214,14,701,failed,36481.46,2,37274.31,792.85,1,485,2024-02-02,card,69-861-4420,13807.89,13807.89,0.00,payment_fully_allocated,allocate_to_invoice,modeled_pending_database_load,
214,14,701,failed,36481.46,2,37274.31,792.85,2,676,2026-09-12,cash,41-900-5885,23466.42,22673.57,792.85,payment_exceeds_remaining_balance,allocate_to_invoice_and_create_client_credit,modeled_pending_database_load,
