consultation_id,client_id,inquiry_id,lawyer_id,scheduled_at,held_at,consultation_fee,consultation_invoice_id,paid_status,case_accepted
1,153,219,1,2025-10-28,,141.84,1,cancelled,
2,333,157,2,2029-12-29,,150.46,2,processing,
3,236,377,3,2023-05-24,2023-07-24,141.97,3,unpaid,FALSE
4,885,328,4,2024-07-01,,134.02,4,pending,
5,293,769,5,2030-07-03,,180.11,5,refunded,
6,983,359,6,2021-04-29,2025-05-19,127.47,6,refunded,FALSE
7,900,728,7,2024-11-17,2026-05-14,168.27,7,cancelled,TRUE
8,87,793,8,2028-01-30,,102.34,8,completed,
9,976,874,9,2021-07-01,2024-01-21,139.14,9,on_hold,TRUE
10,689,351,10,2022-04-27,,168.78,10,completed,
11,129,627,11,2020-10-12,,174.8,11,cancelled,
12,957,681,12,2030-01-26,,108.79,12,pending,
13,816,844,13,2024-09-27,,164.67,13,completed,
14,626,838,14,2021-09-16,2025-10-08,111.35,14,completed,FALSE
15,19,724,15,2021-05-21,2026-08-14,110.49,15,pending,FALSE
16,40,450,16,2029-09-27,,163.75,16,completed,
17,453,822,17,2029-01-06,,163.47,17,unpaid,
18,134,981,18,2026-11-28,,121.91,18,processing,
19,468,85,19,2021-02-03,2021-09-04,182.71,19,failed,TRUE
20,989,651,20,2022-07-12,,160.43,20,failed,
21,221,918,21,2023-05-24,2024-08-02,135.67,21,completed,FALSE
22,21,777,22,2027-07-10,,159.7,22,completed,
23,153,219,23,2025-01-22,,172.45,23,processing,
24,967,36,24,2030-08-09,,136.69,24,completed,
25,824,278,25,2024-01-18,,139.68,25,refunded,
26,59,619,26,2029-11-01,,151.86,26,unpaid,
27,825,246,27,2021-03-27,,128.59,27,completed,
28,971,462,28,2021-07-31,,100.25,28,refunded,
29,811,297,29,2026-05-26,2026-05-26,107.09,29,cancelled,FALSE
30,454,423,30,2023-09-24,2026-02-23,126.95,30,processing,TRUE
31,895,983,31,2025-02-27,,119.02,31,completed,
32,587,23,32,2024-04-27,,150.52,32,pending,
33,144,939,33,2023-11-06,2024-01-04,158.23,33,pending,FALSE
34,370,556,34,2025-02-17,2025-02-17,142.2,34,completed,TRUE
35,573,438,35,2022-02-28,,148.08,35,completed,
36,658,264,36,2022-08-11,,183.15,36,completed,
37,454,391,37,2026-05-31,,111.75,37,completed,
38,511,621,38,2028-06-21,,128.05,38,unpaid,
39,616,955,39,2025-01-11,2025-01-11,159.35,39,processing,FALSE
40,406,161,40,2022-05-10,,140.65,40,on_hold,
41,152,561,41,2029-05-03,,133.1,41,processing,
42,243,770,42,2023-05-18,,131.94,42,completed,
43,28,65,43,2020-08-15,2024-07-21,114.92,43,completed,TRUE
44,818,86,44,2027-08-08,,170.96,44,unpaid,
45,707,735,45,2027-06-16,,121.13,45,completed,
46,601,979,46,2021-02-01,2023-06-04,149.57,46,failed,FALSE
47,154,923,47,2027-04-08,,108.5,47,refunded,
48,998,591,48,2023-02-07,2023-02-07,107.26,48,failed,FALSE
49,433,26,49,2025-11-04,,133.92,49,refunded,
50,877,83,50,2023-09-27,2023-09-27,129.06,50,processing,FALSE
51,841,218,51,2022-05-17,,155.4,51,cancelled,
52,462,959,52,2029-10-23,,170.56,52,completed,
53,966,612,53,2021-06-22,2026-04-07,179.78,53,completed,FALSE
54,148,943,54,2026-08-02,2026-08-02,117.95,54,completed,TRUE
55,6,445,55,2028-07-27,,175.28,55,pending,
56,947,186,56,2024-06-11,,132.14,56,completed,
57,735,105,57,2028-03-16,,157.15,57,cancelled,
58,145,510,58,2030-11-18,,128.27,58,unpaid,
59,356,927,59,2024-01-10,2024-01-10,115.33,59,refunded,TRUE
60,536,678,60,2021-08-19,2024-04-12,140.53,60,completed,TRUE
61,211,557,61,2025-12-26,2025-12-26,119.17,61,completed,FALSE
62,909,57,62,2027-11-20,,181.54,62,on_hold,
63,369,499,63,2023-03-11,2023-03-11,138.1,63,cancelled,TRUE
64,816,844,64,2024-05-27,2024-05-27,157.33,64,unpaid,FALSE
65,660,201,65,2021-11-19,2021-11-19,120.63,65,refunded,FALSE
66,210,639,66,2028-06-03,,151.06,66,on_hold,
67,693,6,67,2021-07-25,2021-07-25,140.57,67,on_hold,FALSE
68,76,578,68,2025-10-02,2025-10-02,128.05,68,completed,FALSE
69,429,224,69,2023-04-25,2025-07-09,102.27,69,completed,FALSE
70,369,499,70,2027-04-27,,132.18,70,completed,
71,19,813,71,2030-09-17,,135.17,71,completed,
72,776,790,72,2029-12-12,,158.59,72,completed,
73,649,358,73,2021-05-16,2025-10-29,183.05,73,refunded,FALSE
74,164,311,74,2022-07-22,2022-07-22,176.77,74,failed,TRUE
75,333,157,75,2030-08-30,,182.03,75,processing,
76,401,781,76,2022-01-25,2023-12-31,153.27,76,cancelled,TRUE
77,941,106,77,2028-01-10,,168.79,77,on_hold,
78,975,435,78,2027-06-29,,146.14,78,processing,
79,466,605,79,2026-10-20,,134.64,79,cancelled,
80,226,812,80,2021-03-25,2021-04-10,153.37,80,completed,FALSE
81,19,291,81,2028-07-28,,148.24,81,pending,
82,417,509,82,2020-12-28,2021-02-09,126.25,82,unpaid,TRUE
83,610,645,83,2026-11-13,,130.07,83,pending,
84,898,15,84,2026-08-09,2026-08-09,172.41,84,failed,TRUE
85,772,750,85,2025-05-23,,126.44,85,unpaid,
86,963,491,86,2023-06-06,2023-06-06,118.61,86,on_hold,TRUE
87,300,117,87,2029-07-15,,136.03,87,completed,
88,427,559,88,2027-09-16,,103.37,88,completed,
89,758,797,89,2022-02-21,2025-10-27,168.62,89,completed,TRUE
90,48,620,90,2027-05-31,,180.79,90,completed,
91,993,420,91,2022-01-21,,161.04,91,processing,
92,456,322,92,2021-09-03,,118.54,92,completed,
93,41,567,93,2029-01-12,,123.36,93,processing,
94,519,702,94,2022-01-06,2022-01-06,174.39,94,pending,TRUE
95,951,699,95,2020-05-19,2026-07-25,130.11,95,unpaid,TRUE
96,401,781,96,2030-04-06,,167.99,96,completed,
97,275,574,97,2022-09-20,2022-09-20,168.55,97,unpaid,FALSE
98,242,191,98,2020-05-28,2023-07-04,114.63,98,processing,FALSE
99,182,890,99,2025-12-20,,143.35,99,on_hold,
100,603,652,100,2025-08-14,,165.9,100,completed,
101,693,6,101,2028-11-13,,145.46,101,processing,
102,413,835,102,2029-02-06,,142.48,102,unpaid,
103,511,624,103,2023-01-19,2023-01-19,162.48,103,refunded,FALSE
104,757,994,104,2023-03-18,2023-03-18,107.08,104,cancelled,TRUE
105,40,450,105,2020-02-04,2020-02-20,143.66,105,on_hold,FALSE
106,935,533,106,2022-11-19,,173.17,106,refunded,
107,724,668,107,2022-05-12,2022-05-12,115.23,107,unpaid,TRUE
108,185,443,108,2020-06-24,,119.67,108,unpaid,
109,951,699,109,2024-03-08,2024-03-08,127.39,109,completed,FALSE
110,467,760,110,2028-10-31,,125.4,110,processing,
111,641,167,111,2028-05-31,,170.77,111,refunded,
112,761,489,112,2021-12-10,2021-12-10,180.56,112,on_hold,FALSE
113,666,109,113,2023-07-27,2025-07-10,139.08,113,unpaid,FALSE
114,210,639,114,2029-09-11,,145.28,114,failed,
115,902,656,115,2027-11-28,,150.98,115,on_hold,
116,53,7,116,2025-03-14,,182.3,116,completed,
117,142,565,117,2027-03-13,,134.87,117,completed,
118,236,377,118,2030-07-08,,179.12,118,completed,
119,208,529,119,2028-11-08,,112.35,119,refunded,
120,668,477,120,2028-07-08,,172.52,120,processing,
121,663,315,121,2022-12-12,2022-12-12,114.37,121,pending,TRUE
122,622,471,122,2024-03-17,,119.49,122,pending,
123,704,924,123,2020-05-22,2023-01-06,103.74,123,processing,FALSE
124,27,821,124,2024-04-10,,158.8,124,refunded,
125,429,517,125,2027-10-23,,178.74,125,cancelled,
126,666,109,126,2030-10-24,,169.59,126,processing,
127,210,639,127,2029-02-02,,166.77,127,refunded,
128,779,56,128,2024-03-09,,125.54,128,completed,
129,201,836,129,2028-05-29,,138.91,129,cancelled,
130,41,567,130,2026-02-16,2026-02-27,181.72,130,unpaid,TRUE
131,588,585,131,2029-01-09,,149.23,131,completed,
132,61,92,132,2029-03-21,,106.98,132,completed,
133,543,350,133,2023-09-06,2024-01-09,174.75,133,processing,TRUE
134,334,229,134,2030-11-01,,169.7,134,completed,
135,402,718,135,2020-01-27,,107.27,135,failed,
136,754,408,136,2020-05-08,,179.65,136,unpaid,
137,431,266,137,2029-12-28,,182.74,137,refunded,
138,119,720,138,2025-06-07,2025-06-07,140.93,138,on_hold,TRUE
139,159,966,139,2029-11-03,,180.72,139,completed,
140,801,452,140,2027-12-20,,159.74,140,completed,
141,169,756,141,2030-12-12,,143.63,141,cancelled,
142,454,423,142,2029-04-18,,183.18,142,on_hold,
143,476,869,143,2023-12-18,2023-12-18,168.83,143,pending,FALSE
144,13,399,144,2029-09-07,,111.15,144,completed,
145,964,27,145,2027-11-26,,153.47,145,pending,
146,431,266,146,2022-07-08,,109.83,146,failed,
147,726,2,147,2025-09-06,2025-09-06,170.56,147,completed,TRUE
148,983,38,148,2021-07-12,,171.76,148,completed,
149,499,301,149,2030-05-13,,157.87,149,completed,
150,649,358,150,2021-12-23,,103.03,150,completed,
151,933,911,151,2024-11-22,2024-11-22,154.09,151,processing,FALSE
152,41,567,152,2028-01-22,,129.3,152,completed,
153,573,937,153,2028-03-21,,148.96,153,processing,
154,254,4,154,2030-11-15,,120.66,154,failed,
155,599,599,155,2020-06-08,2020-12-18,119.19,155,completed,TRUE
156,991,300,156,2026-02-21,,145.01,156,processing,
157,601,979,157,2020-03-27,2021-02-24,109.54,157,completed,TRUE
158,524,833,158,2023-07-22,,182.63,158,completed,
159,66,348,159,2021-03-24,2025-03-05,114.93,159,refunded,TRUE
160,179,948,160,2030-10-29,,146.57,160,cancelled,
161,899,500,161,2023-08-02,2023-08-02,164.39,161,completed,FALSE
162,235,897,162,2020-06-13,2022-03-28,173.19,162,pending,FALSE
163,816,844,163,2030-09-04,,129.86,163,completed,
164,415,306,164,2026-02-17,2026-02-17,169.18,164,on_hold,FALSE
165,616,955,165,2027-05-04,,100.78,165,on_hold,
166,780,531,166,2027-07-07,,137.1,166,on_hold,
167,657,961,167,2022-05-16,2022-07-29,158.84,167,completed,FALSE
168,97,899,168,2026-04-23,2026-04-23,162.07,168,on_hold,TRUE
169,832,150,169,2027-12-20,,104.98,169,pending,
170,447,123,170,2023-09-12,2024-07-10,176.68,170,completed,TRUE
171,365,62,171,2030-01-09,,176.24,171,completed,
172,139,375,172,2030-09-29,,108.15,172,cancelled,
173,384,868,173,2029-02-22,,133.85,173,cancelled,
174,776,790,174,2026-04-27,,177.87,174,failed,
175,753,289,175,2022-05-07,2022-05-07,112.1,175,processing,FALSE
176,255,687,176,2022-10-29,2024-05-24,124.03,176,cancelled,FALSE
177,985,130,177,2023-05-29,2026-08-27,166.99,177,cancelled,FALSE
178,992,947,178,2023-12-10,2026-04-16,105.96,178,completed,TRUE
179,890,407,179,2020-11-21,2025-05-25,112.45,179,unpaid,FALSE
180,94,963,180,2023-01-24,,143.07,180,completed,
181,471,254,181,2024-11-30,2024-11-30,137.84,181,completed,FALSE
182,139,375,182,2020-02-21,,104.76,182,refunded,
183,447,319,183,2022-04-15,,155.6,183,completed,
184,102,891,184,2020-06-20,,146.37,184,cancelled,
185,817,622,185,2025-04-22,2025-04-22,135.39,185,cancelled,TRUE
186,966,896,186,2022-01-30,,142.84,186,processing,
187,550,690,187,2026-05-03,2026-05-03,122.29,187,pending,TRUE
188,4,432,188,2030-04-29,,130.24,188,cancelled,
189,124,773,189,2024-01-12,2024-01-12,165.8,189,failed,TRUE
190,554,791,190,2020-09-06,2021-08-03,157.84,190,failed,TRUE
191,707,735,191,2021-03-28,2025-06-02,158.26,191,completed,FALSE
192,567,850,192,2024-07-31,2024-07-31,179.46,192,processing,FALSE
193,664,965,193,2026-07-21,2026-07-21,123.5,193,refunded,FALSE
194,291,419,194,2026-11-28,,102.89,194,processing,
195,300,117,195,2022-06-11,2026-05-28,162.14,195,processing,FALSE
196,889,363,196,2030-11-29,,172.01,196,completed,
197,812,592,197,2025-03-20,2025-03-20,138.05,197,completed,TRUE
198,643,433,198,2020-08-15,,106.18,198,pending,
199,773,341,199,2023-06-20,2023-06-20,164.64,199,completed,TRUE
200,613,780,200,2021-06-05,,176.76,200,completed,
201,597,929,201,2024-07-01,,133.05,201,completed,
202,634,982,202,2022-02-11,2024-10-01,116.23,202,on_hold,TRUE
203,475,767,203,2023-05-22,,122.19,203,completed,
204,875,287,204,2030-09-01,,175.07,204,completed,
205,599,599,205,2029-07-27,,144.97,205,unpaid,
206,399,901,206,2021-06-09,,172.4,206,pending,
207,714,502,207,2030-05-22,,115.88,207,completed,
208,152,554,208,2029-07-26,,148.16,208,completed,
209,459,163,209,2027-07-24,,169.73,209,completed,
210,342,998,210,2022-07-30,,104.3,210,completed,
211,111,584,211,2022-04-30,2025-10-29,110.88,211,refunded,FALSE
212,626,838,212,2023-03-19,2023-03-19,176.68,212,completed,TRUE
213,777,376,213,2030-12-10,,109.87,213,refunded,
214,540,255,214,2028-10-10,,119.79,214,refunded,
215,311,880,215,2026-11-29,,119.43,215,completed,
216,774,495,216,2025-04-04,2025-04-04,181.56,216,refunded,TRUE
217,554,791,217,2024-11-11,,126.39,217,completed,
218,761,489,218,2030-04-26,,139.53,218,completed,
219,889,363,219,2029-11-26,,157.78,219,failed,
220,363,116,220,2028-10-03,,135.43,220,cancelled,
221,849,657,221,2029-10-19,,137.38,221,cancelled,
222,668,477,222,2023-02-27,2024-01-27,178.27,222,failed,TRUE
223,130,100,223,2028-10-12,,108.9,223,failed,
224,178,884,224,2026-11-19,,164.95,224,cancelled,
225,841,218,225,2030-11-15,,142.97,225,on_hold,
226,616,955,226,2024-08-17,2024-08-17,123.75,226,refunded,FALSE
227,897,977,227,2021-10-25,2026-06-09,101.35,227,pending,TRUE
228,471,254,228,2027-08-14,,117.65,228,completed,
229,686,877,229,2029-08-18,,176.82,229,cancelled,
230,121,61,230,2021-01-05,,147.12,230,completed,
231,180,183,231,2026-12-21,,163.24,231,unpaid,
232,885,328,232,2028-12-24,,178.5,232,completed,
233,416,727,233,2030-04-21,,138.51,233,refunded,
234,306,808,234,2028-06-19,,133.35,234,refunded,
235,249,512,235,2028-10-07,,143.59,235,refunded,
236,967,36,236,2027-07-14,,125.94,236,completed,
237,966,612,237,2029-10-18,,159.58,237,cancelled,
238,551,411,238,2023-12-03,2023-12-03,155.64,238,pending,FALSE
239,19,813,239,2025-09-19,2025-09-19,142.04,239,cancelled,TRUE
240,46,707,240,2025-04-22,2025-04-22,125.19,240,completed,TRUE
241,487,650,241,2026-08-22,,141.06,241,pending,
242,398,338,242,2028-02-01,,107.41,242,completed,
243,139,978,243,2026-02-13,2026-02-13,125.33,243,completed,FALSE
244,828,294,244,2024-03-01,,108.9,244,completed,
245,242,191,245,2027-05-17,,113.3,245,on_hold,
246,426,522,246,2029-06-23,,137.31,246,completed,
247,626,360,247,2030-12-14,,101.76,247,completed,
248,554,588,248,2020-01-18,,155.29,248,pending,
249,291,12,249,2026-03-22,2026-03-22,125.11,249,processing,TRUE
250,580,129,250,2022-11-13,,149.21,250,on_hold,
251,679,828,251,2027-01-11,,159.84,251,completed,
252,966,896,252,2027-01-04,,115.15,252,completed,
253,660,932,253,2023-06-11,2026-08-23,167.89,253,on_hold,FALSE
254,48,620,254,2026-07-09,2026-07-09,143.22,254,pending,TRUE
255,957,210,255,2023-06-15,,100.13,255,on_hold,
256,121,416,256,2023-01-02,,167.73,256,processing,
257,927,434,257,2028-04-20,,107.8,257,processing,
258,234,198,258,2028-06-20,,134.99,258,refunded,
259,313,501,259,2030-02-04,,114.02,259,completed,
260,56,956,260,2030-04-19,,136.93,260,cancelled,
261,241,113,261,2027-09-20,,123.08,261,refunded,
262,582,646,262,2027-02-02,,146.59,262,unpaid,
263,305,33,263,2020-06-15,2025-08-25,143.25,263,cancelled,FALSE
264,757,538,264,2020-12-21,,173.44,264,processing,
265,921,166,265,2023-05-26,2023-05-26,126.24,265,cancelled,FALSE
266,342,998,266,2026-11-24,,147.47,266,cancelled,
267,334,229,267,2021-07-04,,132.17,267,processing,
268,218,361,268,2027-11-14,,175.73,268,completed,
269,879,81,269,2023-06-13,,128.86,269,completed,
270,240,551,270,2025-08-09,2025-08-09,165.31,270,completed,FALSE
271,897,977,271,2025-08-23,2025-08-23,161.8,271,refunded,FALSE
272,547,228,272,2028-09-04,,164.07,272,completed,
273,829,784,273,2028-05-26,,100.22,273,completed,
274,796,938,274,2020-03-10,2021-06-06,129.95,274,processing,TRUE
275,340,99,275,2021-06-26,,133.63,275,completed,
276,833,382,276,2022-04-14,2022-04-14,117.87,276,refunded,FALSE
277,885,328,277,2022-07-12,,161.32,277,refunded,
278,76,578,278,2024-04-17,,157.91,278,completed,
279,929,142,279,2021-02-21,2022-10-15,101.75,279,refunded,TRUE
280,139,387,280,2030-10-04,,168.69,280,pending,
281,507,125,281,2027-07-06,,123.31,281,cancelled,
282,437,534,282,2027-04-04,,114.99,282,completed,
283,908,545,283,2028-01-23,,130.8,283,completed,
284,741,636,284,2026-09-23,,127.35,284,on_hold,
285,374,713,285,2025-06-01,2025-06-01,143.48,285,cancelled,FALSE
286,666,109,286,2024-07-25,2026-08-28,136.43,286,pending,FALSE
287,724,668,287,2027-02-14,,148.08,287,pending,
288,129,627,288,2026-03-16,,162.28,288,on_hold,
289,728,753,289,2030-01-01,,128.76,289,pending,
290,42,525,290,2026-04-05,2026-04-05,167.33,290,on_hold,TRUE
291,413,835,291,2021-09-12,2024-04-08,179.8,291,on_hold,FALSE
292,674,9,292,2025-04-28,2025-04-28,156.77,292,processing,FALSE
293,240,551,293,2029-09-03,,138.58,293,on_hold,
294,431,266,294,2025-12-16,2025-12-16,116.54,294,refunded,TRUE
295,800,785,295,2024-06-10,2024-06-10,168.27,295,cancelled,TRUE
296,295,304,296,2026-06-06,,117.25,296,failed,
297,849,232,297,2030-03-14,,102.72,297,completed,
298,31,316,298,2022-07-03,2025-02-08,109.94,298,completed,TRUE
299,365,62,299,2024-04-19,,118.01,299,processing,
300,370,556,300,2023-05-28,,159.45,300,completed,
301,930,547,301,2025-05-10,2025-12-05,182.58,301,completed,TRUE
302,487,747,302,2022-06-11,,121.63,302,completed,
303,911,519,303,2026-04-26,2026-07-24,104.27,303,completed,TRUE
304,221,598,304,2027-12-15,,161.75,304,refunded,
305,66,273,305,2030-03-02,,130.15,305,cancelled,
306,665,875,306,2023-06-11,2025-12-30,148.08,306,pending,FALSE
307,365,139,307,2022-04-24,,143.53,307,cancelled,
308,183,819,308,2022-10-29,,126.29,308,unpaid,
309,76,564,309,2023-03-26,,135.92,309,refunded,
310,746,124,310,2024-12-06,2024-12-06,130.65,310,on_hold,FALSE
311,909,57,311,2021-06-05,2025-02-12,177.82,311,unpaid,FALSE
312,131,174,312,2028-02-24,,153.25,312,failed,
313,155,628,313,2022-12-22,,144.29,313,cancelled,
314,957,681,314,2027-04-02,,167.91,314,failed,
315,92,362,315,2020-05-03,2021-06-20,119.96,315,completed,FALSE
316,832,150,316,2030-03-26,,109.37,316,completed,
317,613,807,317,2024-10-22,,167.68,317,refunded,
318,40,669,318,2029-11-02,,138.33,318,completed,
319,35,607,319,2021-12-18,2022-06-10,134.48,319,completed,FALSE
320,826,544,320,2023-01-20,2023-01-20,146.1,320,completed,FALSE
321,909,57,321,2030-02-21,,109.42,321,on_hold,
322,170,421,322,2021-03-10,2021-03-10,168.17,322,cancelled,TRUE
323,72,653,323,2022-06-11,2025-05-14,145.08,323,completed,FALSE
324,143,418,324,2024-06-24,2024-06-24,150.43,324,completed,FALSE
325,259,840,325,2023-01-14,,125.09,325,cancelled,
326,939,478,326,2029-09-16,,157.5,326,processing,
327,557,325,327,2021-03-29,,153.07,327,on_hold,
328,53,817,328,2027-05-08,,170.32,328,refunded,
329,2,768,329,2021-02-18,2022-12-20,110.43,329,completed,FALSE
330,151,602,330,2023-07-27,,130.56,330,processing,
331,859,484,331,2030-12-23,,129.44,331,cancelled,
332,8,422,332,2030-09-21,,149.49,332,unpaid,
333,627,787,333,2022-08-08,2026-09-09,179.62,333,refunded,TRUE
334,751,460,334,2020-10-05,2024-06-02,174.91,334,completed,TRUE
335,825,799,335,2020-05-13,2021-12-03,115.01,335,unpaid,FALSE
336,185,443,336,2029-06-06,,148.72,336,unpaid,
337,920,801,337,2030-09-01,,119.71,337,on_hold,
338,190,196,338,2023-03-13,2024-07-08,122.43,338,on_hold,FALSE
339,673,879,339,2025-01-21,2026-05-17,111.9,339,failed,TRUE
340,971,462,340,2025-10-01,2026-06-22,103.02,340,processing,FALSE
341,132,310,341,2025-01-18,,171.85,341,pending,
342,605,467,342,2027-11-21,,156.91,342,completed,
343,200,796,343,2026-08-18,2026-08-18,172.82,343,completed,FALSE
344,161,689,344,2028-12-18,,178.5,344,completed,
345,911,233,345,2025-01-02,,183.41,345,pending,
346,399,928,346,2021-11-21,2021-11-21,118.26,346,refunded,TRUE
347,238,794,347,2028-11-05,,119.9,347,unpaid,
348,82,385,348,2028-05-17,,149.51,348,on_hold,
349,685,110,349,2026-06-26,,167.9,349,refunded,
350,859,484,350,2024-08-30,,127.16,350,completed,
351,516,279,351,2024-01-09,,175.1,351,processing,
352,143,379,352,2024-08-31,2025-07-03,178.5,352,completed,FALSE
353,759,465,353,2029-07-30,,112.8,353,processing,
354,665,87,354,2027-06-27,,126.71,354,completed,
355,410,30,355,2026-01-18,,122.95,355,on_hold,
356,799,870,356,2029-10-14,,180.83,356,cancelled,
357,903,885,357,2023-11-27,2023-11-27,181.31,357,completed,FALSE
358,669,894,358,2029-10-05,,132.97,358,on_hold,
359,680,82,359,2030-04-05,,177,359,completed,
360,936,600,360,2029-07-29,,174.53,360,unpaid,
361,679,828,361,2027-10-31,,175.03,361,on_hold,
362,343,102,362,2029-05-28,,132.61,362,pending,
363,35,675,363,2020-06-28,,165.87,363,cancelled,
364,849,657,364,2026-02-27,2026-02-27,176.39,364,refunded,FALSE
365,622,647,365,2022-05-03,2022-05-03,178.08,365,cancelled,TRUE
366,802,16,366,2029-10-10,,112.37,366,completed,
367,698,296,367,2024-12-22,2024-12-22,151.62,367,on_hold,TRUE
368,879,81,368,2026-08-31,2026-08-31,113.58,368,completed,TRUE
369,170,32,369,2022-03-31,2022-03-31,102.76,369,completed,TRUE
370,487,650,370,2027-06-27,,135.85,370,cancelled,
371,26,733,371,2022-11-04,2023-12-20,181,371,cancelled,TRUE
372,251,281,372,2023-03-21,2025-01-11,122.76,372,cancelled,TRUE
373,452,431,373,2023-04-29,,179.83,373,completed,
374,16,18,374,2026-11-23,,159.38,374,refunded,
375,488,204,375,2023-07-05,2023-07-05,115.09,375,refunded,TRUE
376,76,578,376,2024-12-12,2024-12-12,146.54,376,completed,FALSE
377,301,394,377,2030-05-08,,139.75,377,pending,
378,798,140,378,2022-08-06,2023-05-10,165.9,378,on_hold,FALSE
379,363,916,379,2030-05-04,,121.25,379,processing,
380,339,148,380,2028-11-30,,135.58,380,completed,
381,141,76,381,2027-08-21,,183.31,381,completed,
382,11,589,382,2023-03-01,2024-07-07,103.06,382,refunded,TRUE
383,451,284,383,2030-05-25,,171,383,failed,
384,738,35,384,2020-09-16,2026-01-11,131.23,384,unpaid,TRUE
385,565,267,385,2021-11-02,2024-10-29,115.3,385,completed,TRUE
386,363,116,386,2026-03-07,2026-03-07,110.03,386,pending,TRUE
387,975,674,387,2026-05-31,,121.27,387,pending,
388,742,659,388,2021-04-17,2021-04-17,169.95,388,pending,FALSE
389,207,555,389,2027-04-11,,106.15,389,failed,
390,817,622,390,2028-03-21,,123.28,390,failed,
391,567,850,391,2024-12-31,2024-12-31,152.91,391,unpaid,TRUE
392,837,212,392,2027-11-01,,157.32,392,pending,
393,11,589,393,2021-09-20,2022-02-10,128.17,393,unpaid,FALSE
394,547,332,394,2030-12-13,,132.68,394,unpaid,
395,871,726,395,2025-05-24,,143.24,395,completed,
396,554,843,396,2029-05-04,,110.58,396,completed,
397,431,476,397,2022-07-02,2023-11-25,147.5,397,processing,TRUE
398,429,517,398,2023-06-25,2023-06-25,117.04,398,completed,FALSE
399,700,842,399,2030-07-31,,158.96,399,completed,
400,827,741,400,2022-07-11,,173.38,400,unpaid,
401,901,122,401,2025-12-17,2025-12-17,157.4,401,pending,FALSE
402,130,100,402,2024-04-11,2024-04-11,129.17,402,processing,TRUE
403,837,212,403,2021-10-19,2024-07-04,162.28,403,unpaid,TRUE
404,890,407,404,2027-08-27,,159.81,404,completed,
405,557,395,405,2025-12-15,,150.33,405,failed,
406,29,346,406,2027-07-11,,179.31,406,failed,
407,408,582,407,2022-02-15,2025-10-26,119.96,407,refunded,TRUE
408,486,230,408,2021-09-16,,105.02,408,refunded,
409,846,610,409,2023-10-21,2026-08-11,107.42,409,processing,FALSE
410,828,34,410,2027-05-10,,134,410,processing,
411,146,548,411,2027-11-02,,171.13,411,completed,
412,623,383,412,2020-12-31,2025-12-22,138.6,412,processing,FALSE
413,96,181,413,2021-03-12,,165.55,413,refunded,
414,927,962,414,2026-11-26,,170.68,414,refunded,
415,992,13,415,2028-05-27,,162.12,415,pending,
416,482,995,416,2028-05-26,,169.1,416,refunded,
417,983,38,417,2024-01-05,,142.84,417,on_hold,
418,954,931,418,2025-08-02,,105.97,418,processing,
419,541,145,419,2021-03-25,2023-11-08,154.98,419,failed,TRUE
420,28,65,420,2025-04-04,,110.31,420,refunded,
421,170,957,421,2020-11-15,,135.05,421,on_hold,
422,488,204,422,2025-03-21,2025-03-21,164.04,422,completed,TRUE
423,236,342,423,2021-02-02,,105.7,423,cancelled,
424,190,196,424,2021-05-18,2021-05-18,134.95,424,on_hold,TRUE
425,731,866,425,2022-10-12,2022-10-12,103.23,425,completed,FALSE
426,275,574,426,2027-10-25,,116.83,426,completed,
427,111,584,427,2020-10-07,,121.35,427,completed,
428,317,703,428,2028-08-17,,116.75,428,unpaid,
429,825,799,429,2020-02-11,,136.9,429,cancelled,
430,747,236,430,2026-04-28,,110.89,430,completed,
431,249,759,431,2030-06-15,,174.64,431,cancelled,
432,459,163,432,2030-04-01,,122.68,432,completed,
433,926,535,433,2020-09-22,2021-01-09,126.11,433,processing,TRUE
434,154,872,434,2028-11-03,,133.36,434,processing,
435,795,776,435,2020-11-26,2026-06-03,182.04,435,unpaid,FALSE
436,13,493,436,2021-01-20,2021-01-20,131.34,436,refunded,FALSE
437,619,131,437,2020-12-27,2024-10-28,140.46,437,unpaid,TRUE
438,963,491,438,2021-10-10,2024-08-27,167.15,438,unpaid,FALSE
439,370,556,439,2028-10-14,,171.44,439,completed,
440,694,444,440,2027-03-18,,140.85,440,completed,
441,41,567,441,2022-08-22,,160.89,441,completed,
442,119,642,442,2027-12-13,,122.3,442,completed,
443,194,576,443,2030-08-15,,100.9,443,pending,
444,384,638,444,2026-03-05,,182.37,444,completed,
445,288,946,445,2023-06-01,2023-06-01,165.13,445,on_hold,FALSE
446,153,219,446,2025-02-17,,151.94,446,processing,
447,910,14,447,2021-01-22,2021-05-04,131.78,447,processing,TRUE
448,8,798,448,2026-11-19,,140.44,448,pending,
449,755,160,449,2030-07-14,,139.08,449,unpaid,
450,550,690,450,2023-09-17,2026-04-25,133.83,450,failed,TRUE
451,820,252,451,2028-10-01,,151.01,451,processing,
452,365,139,452,2024-10-21,2024-10-21,160.68,452,processing,FALSE
453,824,380,453,2020-09-22,2022-10-25,146.25,453,failed,TRUE
454,869,662,454,2027-05-13,,126.07,454,completed,
455,543,630,455,2027-01-05,,170.46,455,completed,
456,462,959,456,2021-11-03,,118.76,456,processing,
457,870,263,457,2025-09-05,2025-09-05,149.21,457,cancelled,FALSE
458,20,220,458,2021-03-05,,177.64,458,completed,
459,228,667,459,2020-08-14,2023-04-30,171.29,459,completed,FALSE
460,121,416,460,2021-10-29,2023-03-02,146.92,460,pending,FALSE
461,660,717,461,2030-06-23,,170.16,461,completed,
462,429,517,462,2024-04-23,,146.84,462,unpaid,
463,478,634,463,2027-07-05,,159.12,463,on_hold,
464,83,209,464,2022-06-23,2022-06-23,110.82,464,pending,TRUE
465,42,134,465,2024-06-03,2024-06-03,116.13,465,completed,FALSE
466,487,594,466,2024-05-11,2026-08-16,148.22,466,on_hold,FALSE
467,686,877,467,2026-10-11,,174.33,467,completed,
468,544,298,468,2026-02-13,,153.13,468,refunded,
469,972,43,469,2022-09-10,,126.45,469,on_hold,
470,376,193,470,2025-10-24,2025-10-24,121.48,470,cancelled,FALSE
471,554,843,471,2023-02-10,2025-01-17,171.33,471,refunded,FALSE
472,759,364,472,2026-01-22,,110.33,472,unpaid,
473,745,93,473,2021-01-19,2024-10-08,133.96,473,refunded,FALSE
474,235,333,474,2030-09-10,,152.63,474,completed,
475,485,762,475,2025-11-18,2025-11-18,148.56,475,cancelled,FALSE
476,693,288,476,2021-06-08,2021-06-08,131.1,476,unpaid,FALSE
477,988,336,477,2030-05-30,,163.57,477,failed,
478,517,663,478,2026-10-21,,121.44,478,cancelled,
479,407,661,479,2028-10-30,,157.5,479,processing,
480,226,39,480,2028-09-08,,126.28,480,refunded,
481,443,1,481,2024-02-20,,157.62,481,completed,
482,832,150,482,2021-11-08,,126.07,482,completed,
483,435,696,483,2020-03-17,,168.11,483,cancelled,
484,647,805,484,2025-03-01,,159.61,484,unpaid,
485,759,786,485,2025-02-14,,150.64,485,refunded,
486,876,271,486,2027-08-14,,104.49,486,completed,
487,524,162,487,2025-07-02,2025-07-02,143.02,487,on_hold,TRUE
488,121,61,488,2021-08-21,2022-02-23,117.46,488,completed,FALSE
489,251,861,489,2020-05-02,2025-01-19,131.58,489,completed,FALSE
490,48,620,490,2024-08-20,,177.58,490,refunded,
491,212,31,491,2025-07-04,,166.16,491,unpaid,
492,552,964,492,2022-08-15,2024-11-13,142.08,492,cancelled,FALSE
493,806,711,493,2020-11-13,2021-04-25,105.54,493,completed,FALSE
494,820,252,494,2025-04-27,2025-04-27,123.8,494,pending,FALSE
495,768,103,495,2026-04-17,2026-04-17,158.72,495,completed,FALSE
496,754,679,496,2021-09-26,2022-11-23,174.57,496,on_hold,TRUE
497,243,770,497,2025-01-19,,183.26,497,completed,
498,619,292,498,2023-09-09,,145.52,498,refunded,
499,825,246,499,2022-04-27,2023-07-18,168.08,499,pending,FALSE
500,414,580,500,2023-12-01,2023-12-01,182.01,500,on_hold,TRUE
501,168,63,501,2020-05-19,,106.15,501,completed,
502,936,600,502,2023-09-05,,167.21,502,refunded,
503,213,490,503,2027-12-27,,179.1,503,pending,
504,927,962,504,2023-10-26,2025-08-15,134.08,504,processing,TRUE
505,61,92,505,2029-08-28,,144.4,505,pending,
506,91,712,506,2026-04-23,,154.89,506,processing,
507,236,377,507,2021-01-14,2025-12-05,124.23,507,unpaid,TRUE
508,576,5,508,2021-05-21,2026-06-15,106.84,508,completed,FALSE
509,329,972,509,2022-01-29,,102.35,509,refunded,
510,369,499,510,2024-02-12,2024-02-12,145.82,510,processing,TRUE
511,218,361,511,2021-12-18,,127.91,511,unpaid,
512,966,896,512,2029-07-23,,115.62,512,refunded,
513,544,225,513,2022-06-19,,138.5,513,failed,
514,688,845,514,2028-07-21,,128.81,514,refunded,
515,506,91,515,2026-05-27,2026-05-27,138.41,515,on_hold,TRUE
516,139,375,516,2020-12-08,2026-05-19,112.61,516,pending,TRUE
517,416,727,517,2028-12-28,,174.83,517,completed,
518,3,441,518,2026-07-30,2026-07-30,145.58,518,pending,FALSE
519,996,365,519,2021-12-28,,136.79,519,refunded,
520,365,139,520,2023-01-03,2023-01-03,112.22,520,unpaid,TRUE
521,182,890,521,2028-12-09,,180.97,521,failed,
522,416,727,522,2022-11-01,2024-05-30,145.77,522,processing,FALSE
523,334,337,523,2025-01-13,,103.96,523,cancelled,
524,670,913,524,2021-01-08,,104.65,524,completed,
525,228,179,525,2021-03-21,,159.59,525,completed,
526,780,531,526,2023-04-08,2025-07-15,148.11,526,refunded,TRUE
527,145,510,527,2024-09-09,2026-04-21,160.15,527,refunded,FALSE
528,759,465,528,2029-08-01,,109.87,528,refunded,
529,333,157,529,2020-01-13,2024-09-28,179.88,529,pending,FALSE
530,235,809,530,2030-01-05,,154.19,530,unpaid,
531,998,591,531,2023-09-05,2023-09-24,183.71,531,processing,TRUE
532,471,254,532,2025-06-10,2025-06-10,129.73,532,completed,FALSE
533,403,334,533,2023-05-22,,100.63,533,completed,
534,83,209,534,2028-12-26,,172.66,534,pending,
535,534,275,535,2022-03-16,2024-11-30,101.11,535,completed,TRUE
536,864,71,536,2029-12-07,,171.89,536,pending,
537,993,420,537,2024-11-05,2024-11-05,154.02,537,processing,TRUE
538,334,354,538,2025-05-10,,169.02,538,failed,
539,594,195,539,2020-07-17,2022-01-29,173.48,539,unpaid,TRUE
540,818,86,540,2025-12-09,2025-12-09,178.07,540,pending,TRUE
541,544,757,541,2027-06-13,,130.98,541,completed,
542,295,304,542,2028-01-24,,160.87,542,completed,
543,886,524,543,2028-08-24,,129.98,543,on_hold,
544,811,297,544,2022-02-21,2022-07-27,151.33,544,completed,TRUE
545,152,406,545,2030-03-10,,128.68,545,processing,
546,660,201,546,2024-06-30,,140.45,546,refunded,
547,768,618,547,2023-09-19,2023-09-19,132.62,547,completed,FALSE
548,152,406,548,2023-04-24,2023-04-24,160.26,548,completed,TRUE
549,784,84,549,2028-03-10,,119.22,549,unpaid,
550,13,399,550,2030-05-21,,111.16,550,unpaid,
551,154,664,551,2027-07-11,,123.95,551,completed,
552,554,588,552,2024-04-27,2024-04-27,170.66,552,on_hold,TRUE
553,892,272,553,2028-11-20,,125.85,553,failed,
554,159,997,554,2028-12-29,,119.65,554,failed,
555,773,341,555,2030-10-13,,162.76,555,completed,
556,164,311,556,2030-03-29,,137.2,556,completed,
557,142,565,557,2023-11-04,,158.67,557,cancelled,
558,327,954,558,2030-11-07,,166.38,558,completed,
559,19,200,559,2028-02-29,,132.24,559,failed,
560,11,324,560,2025-04-15,2025-04-15,125.28,560,on_hold,TRUE
561,605,190,561,2022-08-23,2023-09-24,105.77,561,completed,TRUE
562,550,690,562,2024-03-21,,166.87,562,on_hold,
563,725,41,563,2022-08-21,2023-04-27,143.83,563,completed,FALSE
564,413,795,564,2024-11-21,2024-11-21,121.5,564,processing,TRUE
565,802,614,565,2021-12-31,,106.35,565,cancelled,
566,854,335,566,2027-01-23,,155.85,566,completed,
567,825,246,567,2025-12-30,,169.07,567,unpaid,
568,56,956,568,2022-09-01,,174.43,568,completed,
569,312,508,569,2021-12-19,2026-03-19,125.46,569,processing,FALSE
570,154,872,570,2020-11-20,,132.95,570,on_hold,
571,149,546,571,2026-09-22,,176.78,571,completed,
572,554,588,572,2027-05-24,,163.79,572,cancelled,
573,481,147,573,2024-11-19,,153.05,573,on_hold,
574,365,62,574,2027-03-26,,103.91,574,on_hold,
575,413,835,575,2020-12-09,2026-05-22,183.4,575,processing,FALSE
576,757,538,576,2020-09-30,2024-07-10,162.82,576,unpaid,FALSE
577,384,513,577,2027-01-27,,135.96,577,on_hold,
578,663,315,578,2028-03-14,,112.45,578,completed,
579,251,281,579,2022-05-20,2024-06-11,114.26,579,cancelled,TRUE
580,168,63,580,2023-09-11,2023-09-11,161.12,580,pending,TRUE
581,618,469,581,2028-03-07,,123.66,581,unpaid,
582,119,701,582,2026-12-05,,166.92,582,processing,
583,805,141,583,2023-12-13,,160.76,583,refunded,
584,519,702,584,2023-04-27,2025-11-21,135.42,584,completed,TRUE
585,429,159,585,2021-10-26,2022-06-18,173.24,585,pending,TRUE
586,828,294,586,2023-11-21,,155.44,586,unpaid,
587,846,427,587,2028-09-05,,134.33,587,completed,
588,76,552,588,2023-12-11,2023-12-11,171.12,588,completed,FALSE
589,370,556,589,2028-06-29,,107.52,589,cancelled,
590,154,664,590,2027-12-09,,167.76,590,refunded,
591,554,588,591,2022-04-10,,128.78,591,on_hold,
592,111,584,592,2030-12-16,,141.92,592,on_hold,
593,148,943,593,2023-01-14,2025-11-12,181.22,593,processing,TRUE
594,774,94,594,2030-12-02,,103.01,594,on_hold,
595,964,27,595,2022-07-07,,110.02,595,unpaid,
596,152,561,596,2022-05-07,2024-10-17,105.11,596,completed,FALSE
597,910,595,597,2021-11-14,2022-12-17,103.18,597,completed,TRUE
598,403,104,598,2021-12-28,,121.83,598,refunded,
599,962,355,599,2026-07-19,2026-07-19,104.85,599,on_hold,FALSE
600,717,58,600,2028-02-10,,170.51,600,processing,
601,895,983,601,2024-12-21,2024-12-21,127.87,601,on_hold,TRUE
602,689,351,602,2020-10-13,,132.35,602,unpaid,
603,431,476,603,2022-08-23,2022-08-23,128.86,603,completed,FALSE
604,146,548,604,2025-01-22,,134.46,604,completed,
605,501,144,605,2026-04-16,,161,605,completed,
606,529,814,606,2030-02-20,,121.11,606,completed,
607,501,922,607,2027-06-16,,182.37,607,completed,
608,983,309,608,2020-10-08,2022-02-01,101.9,608,failed,FALSE
609,306,841,609,2020-06-09,,143.16,609,refunded,
610,994,945,610,2025-01-12,2025-01-12,181.56,610,failed,FALSE
611,557,325,611,2027-12-15,,144.51,611,failed,
612,326,685,612,2021-04-29,,135.08,612,failed,
613,249,512,613,2025-09-10,2025-09-10,102.97,613,refunded,TRUE
614,2,768,614,2026-06-07,2026-06-07,167.13,614,completed,TRUE
615,356,927,615,2024-02-27,,141.69,615,pending,
616,4,432,616,2025-02-22,2025-02-22,170.99,616,completed,TRUE
617,326,685,617,2025-07-19,2025-07-19,170.94,617,on_hold,FALSE
618,850,497,618,2023-03-03,2023-03-03,107.95,618,completed,FALSE
619,987,856,619,2024-12-13,2026-08-08,136.02,619,completed,TRUE
620,599,599,620,2028-11-30,,173.07,620,completed,
621,774,94,621,2020-04-22,,174.81,621,completed,
622,887,327,622,2028-08-17,,158.45,622,unpaid,
623,410,398,623,2027-05-23,,148.44,623,completed,
624,105,575,624,2029-03-11,,125.78,624,completed,
625,680,82,625,2027-06-22,,125.99,625,processing,
626,932,903,626,2026-07-18,,164.94,626,completed,
627,381,339,627,2030-01-04,,183.73,627,completed,
628,429,517,628,2021-08-12,2023-09-20,158.38,628,cancelled,FALSE
629,668,477,629,2026-09-25,,172.94,629,cancelled,
630,537,883,630,2030-09-01,,131.63,630,pending,
631,972,388,631,2030-07-22,,152.83,631,cancelled,
632,437,534,632,2020-10-12,,121.58,632,refunded,
633,616,243,633,2027-04-04,,146.17,633,refunded,
634,846,427,634,2030-09-02,,113.08,634,failed,
635,196,523,635,2026-06-28,2026-06-28,151.73,635,cancelled,FALSE
636,56,956,636,2023-12-03,,177.69,636,cancelled,
637,523,820,637,2029-05-11,,174.56,637,processing,
638,154,923,638,2021-02-22,2025-12-11,145.29,638,unpaid,FALSE
639,768,318,639,2022-02-26,2024-08-23,182.94,639,unpaid,TRUE
640,31,316,640,2030-03-22,,143.31,640,processing,
641,514,992,641,2028-06-03,,172.94,641,unpaid,
642,782,37,642,2024-01-14,2026-01-21,159.19,642,completed,TRUE
643,161,528,643,2023-03-10,2024-08-12,101.91,643,pending,TRUE
644,419,448,644,2024-10-22,,170.47,644,completed,
645,951,699,645,2029-07-13,,135.86,645,failed,
646,554,765,646,2024-10-19,2024-10-19,128.91,646,pending,TRUE
647,502,231,647,2023-02-14,,100.64,647,failed,
648,399,865,648,2028-01-27,,157.28,648,on_hold,
649,749,933,649,2026-05-12,,167.62,649,completed,
650,976,665,650,2021-03-12,2021-09-19,104.63,650,unpaid,FALSE
651,826,544,651,2029-06-11,,138.42,651,completed,
652,334,354,652,2030-01-10,,124.18,652,completed,
653,32,654,653,2021-04-14,2022-11-15,139.83,653,cancelled,FALSE
654,499,301,654,2029-05-05,,166.45,654,pending,
655,301,394,655,2024-10-11,2024-10-11,156.45,655,completed,TRUE
656,573,937,656,2026-12-18,,155.11,656,cancelled,
657,259,840,657,2022-10-11,2022-10-11,126.66,657,failed,TRUE
658,867,78,658,2028-07-24,,157.49,658,completed,
659,669,894,659,2027-02-19,,154.21,659,refunded,
660,96,683,660,2026-07-14,2026-07-14,104.24,660,completed,FALSE
661,664,965,661,2021-11-20,2024-07-22,117.97,661,refunded,TRUE
662,346,507,662,2026-05-24,,118.82,662,completed,
663,196,523,663,2026-05-29,2026-05-29,131.27,663,unpaid,TRUE
664,660,717,664,2027-07-05,,105.73,664,cancelled,
665,94,10,665,2027-09-19,,113.04,665,pending,
666,324,806,666,2028-10-16,,103.07,666,completed,
667,472,996,667,2029-02-03,,116.28,667,completed,
668,67,506,668,2027-12-26,,149.96,668,unpaid,
669,151,409,669,2024-11-03,,121.34,669,completed,
670,94,680,670,2024-04-28,2024-04-28,177.46,670,completed,FALSE
671,128,505,671,2029-12-13,,104.62,671,processing,
672,83,17,672,2023-10-20,2024-07-21,112.38,672,unpaid,FALSE
673,343,102,673,2026-11-26,,136.61,673,failed,
674,971,462,674,2022-05-15,,113.93,674,completed,
675,35,675,675,2024-09-28,,101.94,675,pending,
676,251,861,676,2021-09-30,2021-09-30,117.34,676,cancelled,FALSE
677,886,524,677,2024-12-11,2024-12-11,151.65,677,pending,TRUE
678,267,247,678,2030-08-24,,167.93,678,on_hold,
679,119,720,679,2027-12-12,,156.72,679,on_hold,
680,236,342,680,2024-10-19,2024-10-19,112.33,680,completed,FALSE
681,772,750,681,2020-07-21,2026-04-12,141.4,681,completed,TRUE
682,255,710,682,2023-10-11,,133.16,682,processing,
683,171,74,683,2030-07-19,,136.3,683,processing,
684,524,496,684,2020-07-31,,135.08,684,completed,
685,466,605,685,2023-07-30,,107.63,685,on_hold,
686,725,192,686,2020-04-05,,153.54,686,completed,
687,415,802,687,2026-11-12,,109.77,687,cancelled,
688,844,698,688,2024-09-12,2024-09-12,160.75,688,refunded,FALSE
689,90,19,689,2027-11-09,,171.34,689,failed,
690,588,585,690,2025-08-15,,135.14,690,completed,
691,475,960,691,2025-09-13,,171.3,691,pending,
692,829,909,692,2027-01-12,,157.92,692,completed,
693,972,388,693,2025-12-30,2025-12-30,135.44,693,pending,TRUE
694,384,854,694,2028-01-18,,176.3,694,pending,
695,482,995,695,2030-05-21,,146.78,695,refunded,
696,384,854,696,2025-12-14,2025-12-14,168.51,696,completed,TRUE
697,570,3,697,2023-09-09,,151.53,697,completed,
698,381,888,698,2020-07-22,2022-11-23,159.23,698,completed,TRUE
699,143,738,699,2029-05-07,,150,699,completed,
700,321,737,700,2021-12-06,,174.65,700,refunded,
701,384,868,701,2021-01-31,2022-01-17,164.76,701,completed,TRUE
702,312,508,702,2024-06-25,2024-06-25,125.8,702,pending,FALSE
703,479,447,703,2023-02-09,2023-02-09,162.8,703,failed,FALSE
704,145,562,704,2030-04-14,,138.27,704,pending,
705,901,122,705,2020-04-19,,149.93,705,failed,
706,804,286,706,2029-07-02,,107.64,706,refunded,
707,244,917,707,2025-11-25,2025-11-25,121.11,707,pending,FALSE
708,605,190,708,2026-10-15,,115.3,708,processing,
709,682,729,709,2021-08-08,2021-08-08,123.37,709,completed,TRUE
710,544,834,710,2029-09-19,,174.56,710,processing,
711,609,329,711,2028-08-25,,175.18,711,pending,
712,902,656,712,2029-04-07,,112.99,712,completed,
713,666,109,713,2022-05-12,2022-05-12,171.58,713,cancelled,FALSE
714,155,628,714,2021-03-29,,161.68,714,refunded,
715,484,837,715,2025-02-07,2025-02-07,112.49,715,pending,FALSE
716,890,751,716,2030-06-21,,144.87,716,on_hold,
717,943,353,717,2028-05-08,,161.01,717,processing,
718,612,222,718,2029-02-04,,173.49,718,pending,
719,145,510,719,2024-07-04,,151.01,719,cancelled,
720,342,998,720,2021-07-08,2025-01-03,144.35,720,pending,TRUE
721,626,838,721,2020-12-07,,172.43,721,on_hold,
722,697,146,722,2021-08-28,,134.6,722,failed,
723,82,974,723,2027-03-06,,160.62,723,failed,
724,657,961,724,2029-04-21,,172.58,724,unpaid,
725,927,895,725,2025-08-19,,128.25,725,pending,
726,802,614,726,2025-11-25,2025-11-25,135.09,726,refunded,FALSE
727,933,536,727,2029-09-30,,103.18,727,completed,
728,471,254,728,2025-02-28,,181.72,728,completed,
729,701,832,729,2029-02-01,,120.67,729,pending,
730,207,555,730,2025-08-11,2025-08-11,145.56,730,completed,TRUE
731,132,473,731,2022-12-12,2022-12-12,148.28,731,completed,TRUE
732,321,737,732,2024-05-05,2024-05-05,128.6,732,completed,TRUE
733,407,367,733,2024-06-01,2024-06-01,114.51,733,processing,FALSE
734,763,403,734,2023-03-05,,183.73,734,completed,
735,374,713,735,2027-03-01,,111.02,735,cancelled,
736,877,83,736,2030-12-26,,159.57,736,completed,
737,787,583,737,2024-09-07,,168.27,737,completed,
738,152,561,738,2020-11-23,,146.74,738,completed,
739,794,705,739,2020-09-04,2021-10-01,174.65,739,completed,FALSE
740,202,206,740,2030-03-08,,100.94,740,processing,
741,180,183,741,2030-01-09,,120,741,refunded,
742,547,228,742,2023-02-12,2023-02-12,180.04,742,processing,FALSE
743,329,972,743,2024-06-02,,145.7,743,pending,
744,781,934,744,2026-11-16,,154.67,744,cancelled,
745,587,23,745,2022-11-02,,107.47,745,on_hold,
746,139,387,746,2024-07-07,2026-03-27,124.6,746,cancelled,TRUE
747,916,586,747,2021-08-15,2021-08-15,174.24,747,completed,TRUE
748,236,377,748,2021-11-25,2023-12-19,100.17,748,pending,FALSE
749,842,446,749,2030-11-28,,181.89,749,completed,
750,692,344,750,2028-04-09,,116.89,750,unpaid,
751,801,452,751,2029-10-16,,172.88,751,refunded,
752,141,629,752,2027-11-11,,113,752,completed,
753,117,368,753,2024-11-10,2024-11-10,151.3,753,cancelled,FALSE
754,576,313,754,2028-02-12,,172.67,754,completed,
755,844,698,755,2024-06-28,,147.79,755,unpaid,
756,660,717,756,2026-05-18,2026-05-18,132.57,756,refunded,FALSE
757,797,307,757,2028-09-13,,149.61,757,failed,
758,576,313,758,2024-08-13,2024-08-13,174.64,758,processing,FALSE
759,773,323,759,2022-11-09,,147.47,759,completed,
760,321,723,760,2025-11-14,2025-11-14,106.17,760,processing,FALSE
761,828,294,761,2025-05-20,,155.99,761,completed,
762,291,419,762,2022-12-23,2025-11-04,170.88,762,cancelled,TRUE
763,170,766,763,2020-11-19,,105.79,763,pending,
764,456,322,764,2028-02-07,,108.33,764,processing,
765,295,304,765,2029-05-03,,142.43,765,failed,
766,833,382,766,2027-09-26,,120.56,766,failed,
767,267,165,767,2022-10-02,,107.74,767,failed,
768,561,658,768,2024-01-16,2025-01-04,159.44,768,unpaid,TRUE
769,90,19,769,2022-07-28,2026-04-23,143.66,769,processing,TRUE
770,152,554,770,2020-07-07,,168.43,770,pending,
771,82,385,771,2029-10-30,,170.58,771,on_hold,
772,145,969,772,2029-09-09,,122.56,772,unpaid,
773,729,372,773,2030-11-16,,183.14,773,processing,
774,798,749,774,2024-09-30,,173.04,774,completed,
775,429,224,775,2029-11-03,,169.45,775,refunded,
776,445,566,776,2027-09-02,,170.53,776,cancelled,
777,758,797,777,2027-01-23,,168.34,777,on_hold,
778,311,880,778,2029-05-12,,157.49,778,unpaid,
779,768,318,779,2029-02-07,,180.14,779,pending,
780,11,589,780,2021-05-09,,100.54,780,processing,
781,132,473,781,2027-11-25,,140.59,781,refunded,
782,951,699,782,2023-02-10,2023-02-10,148.53,782,processing,TRUE
783,703,673,783,2025-10-20,2025-10-20,152.74,783,completed,FALSE
784,322,774,784,2026-08-19,2026-08-19,173.05,784,completed,FALSE
785,475,8,785,2020-08-22,2025-07-17,107.32,785,completed,TRUE
786,605,467,786,2028-01-30,,105.69,786,completed,
787,951,699,787,2027-07-09,,157.51,787,completed,
788,454,423,788,2026-04-11,2026-04-11,107.06,788,failed,TRUE
789,933,911,789,2022-12-01,,100.88,789,cancelled,
790,449,464,790,2027-07-10,,171.84,790,cancelled,
791,458,295,791,2021-05-14,2021-07-11,115.68,791,completed,TRUE
792,417,509,792,2026-07-14,,156.41,792,failed,
793,759,465,793,2023-07-31,,119.82,793,on_hold,
794,805,752,794,2021-08-29,,117.6,794,failed,
795,541,537,795,2030-01-25,,179.82,795,failed,
796,451,284,796,2023-03-30,,157.98,796,on_hold,
797,883,485,797,2021-12-10,2023-03-29,141.96,797,on_hold,TRUE
798,542,775,798,2025-12-05,2025-12-05,124.38,798,failed,TRUE
799,475,8,799,2020-07-24,2026-08-05,162.15,799,pending,FALSE
800,537,883,800,2029-07-20,,139.18,800,on_hold,
801,846,439,801,2025-05-23,,101.48,801,completed,
802,768,103,802,2024-10-15,,107.52,802,on_hold,
803,988,223,803,2021-10-01,2022-11-12,116.77,803,completed,TRUE
804,334,354,804,2026-11-19,,152.86,804,unpaid,
805,413,835,805,2026-08-12,2026-08-12,145.89,805,processing,FALSE
806,486,241,806,2030-06-30,,111.53,806,completed,
807,169,756,807,2028-12-07,,180.52,807,on_hold,
808,399,865,808,2027-07-25,,178.55,808,failed,
809,145,510,809,2024-03-22,2024-03-22,154.3,809,failed,TRUE
810,859,484,810,2020-07-25,,121.72,810,failed,
811,334,851,811,2028-05-14,,145.65,811,failed,
812,31,316,812,2027-04-15,,103.9,812,on_hold,
813,622,647,813,2021-03-16,2021-03-16,100.55,813,completed,TRUE
814,316,811,814,2021-02-26,,167.75,814,processing,
815,235,809,815,2025-12-25,2025-12-25,123.95,815,cancelled,TRUE
816,793,579,816,2022-05-06,2024-02-11,142.85,816,completed,TRUE
817,927,895,817,2023-07-05,2023-07-19,148.42,817,processing,FALSE
818,65,371,818,2027-05-20,,151.06,818,completed,
819,381,339,819,2026-10-13,,181.07,819,cancelled,
820,294,716,820,2022-08-15,,117.97,820,completed,
821,341,97,821,2023-01-30,2023-01-30,175.7,821,refunded,TRUE
822,662,227,822,2026-02-16,,146.62,822,pending,
823,255,687,823,2028-08-19,,165.83,823,on_hold,
824,612,222,824,2028-08-31,,126.52,824,completed,
825,149,546,825,2023-11-11,2023-11-11,127.72,825,processing,TRUE
826,865,459,826,2024-08-14,,175.04,826,cancelled,
827,501,144,827,2029-12-17,,161.38,827,unpaid,
828,974,498,828,2027-01-30,,175.27,828,completed,
829,254,4,829,2028-03-03,,141.3,829,processing,
830,429,159,830,2023-10-10,2023-10-10,101.43,830,cancelled,TRUE
831,251,847,831,2021-03-23,2025-04-06,131.28,831,failed,TRUE
832,11,589,832,2021-09-23,2021-09-23,169.55,832,pending,TRUE
833,300,456,833,2027-03-02,,111.41,833,on_hold,
834,554,791,834,2024-08-20,2024-09-07,144.31,834,on_hold,TRUE
835,346,507,835,2025-10-13,2025-10-13,128.94,835,cancelled,FALSE
836,223,282,836,2030-07-26,,158.85,836,on_hold,
837,757,994,837,2027-06-30,,175.16,837,cancelled,
838,212,511,838,2028-01-28,,158.69,838,refunded,
839,642,345,839,2028-02-19,,108.99,839,failed,
840,445,566,840,2024-11-01,,159.71,840,unpaid,
841,53,343,841,2022-03-30,2022-12-31,113.16,841,unpaid,TRUE
842,407,367,842,2024-08-05,2024-08-05,157.48,842,unpaid,TRUE
843,190,196,843,2026-06-15,,142.65,843,pending,
844,488,204,844,2024-08-13,2025-09-08,126.4,844,pending,TRUE
845,983,309,845,2020-02-05,2024-09-11,130.91,845,cancelled,FALSE
846,484,837,846,2024-08-10,,108.88,846,on_hold,
847,157,864,847,2023-07-30,2023-11-04,170.8,847,cancelled,FALSE
848,19,291,848,2024-11-18,2024-11-24,173.24,848,refunded,FALSE
849,107,853,849,2029-07-18,,166.76,849,cancelled,
850,408,582,850,2026-03-01,2026-03-01,150.46,850,unpaid,FALSE
851,28,65,851,2029-10-04,,162.73,851,cancelled,
852,221,918,852,2022-02-13,,101.36,852,cancelled,
853,804,286,853,2029-05-02,,100.23,853,completed,
854,993,420,854,2028-06-11,,130.31,854,pending,
855,44,577,855,2020-05-16,,139.65,855,refunded,
856,935,533,856,2030-07-31,,154.3,856,failed,
857,377,72,857,2030-08-13,,131,857,processing,
858,879,81,858,2022-10-06,2022-10-29,124.43,858,processing,FALSE
859,836,816,859,2025-02-22,2025-02-22,165.58,859,completed,TRUE
860,142,565,860,2023-06-21,2023-06-21,153.26,860,completed,FALSE
861,17,68,861,2030-12-10,,177.85,861,processing,
862,706,915,862,2024-06-16,2024-06-16,156.8,862,refunded,FALSE
863,623,383,863,2022-10-03,2022-11-27,101.14,863,completed,FALSE
864,453,822,864,2030-02-27,,126.72,864,on_hold,
865,382,137,865,2024-12-17,,119.68,865,refunded,
866,347,258,866,2024-12-13,,134.71,866,on_hold,
867,547,332,867,2027-09-26,,142.08,867,cancelled,
868,972,388,868,2025-06-14,2025-06-14,162.75,868,refunded,FALSE
869,951,699,869,2021-07-10,,111.51,869,failed,
870,4,432,870,2023-12-22,,172.6,870,completed,
871,905,644,871,2030-04-23,,165.28,871,on_hold,
872,675,114,872,2024-11-29,,131.85,872,refunded,
873,837,194,873,2021-09-24,2022-10-02,124.77,873,unpaid,TRUE
874,390,670,874,2021-02-27,2025-02-18,101.25,874,cancelled,TRUE
875,458,942,875,2029-03-26,,136.14,875,cancelled,
876,774,706,876,2025-12-02,,173.76,876,processing,
877,605,190,877,2026-08-16,2026-08-16,133.78,877,completed,FALSE
878,787,112,878,2020-10-09,,153.89,878,pending,
879,694,444,879,2022-12-27,,127.53,879,failed,
880,413,835,880,2021-02-04,2021-02-04,147.96,880,processing,TRUE
881,724,668,881,2027-08-09,,145.2,881,processing,
882,877,153,882,2020-01-09,2026-01-31,153.91,882,processing,TRUE
883,404,347,883,2025-03-25,2025-03-25,182.53,883,pending,FALSE
884,825,799,884,2028-10-31,,174.84,884,processing,
885,449,464,885,2020-03-10,2024-11-02,166.48,885,completed,FALSE
886,20,331,886,2022-11-16,2025-01-09,127.22,886,processing,FALSE
887,540,255,887,2020-11-16,2023-11-08,110.13,887,cancelled,TRUE
888,162,902,888,2025-07-18,2025-07-18,151.38,888,failed,TRUE
889,485,762,889,2025-06-04,,100.61,889,on_hold,
890,387,988,890,2024-01-27,2025-02-08,139.69,890,cancelled,TRUE
891,170,766,891,2026-02-11,2026-02-11,161.52,891,unpaid,TRUE
892,879,81,892,2026-11-30,,135.66,892,completed,
893,11,754,893,2025-06-12,2025-06-17,118.7,893,unpaid,TRUE
894,899,500,894,2025-05-29,2025-05-29,110.75,894,completed,TRUE
895,339,148,895,2023-09-17,,182.74,895,completed,
896,501,144,896,2021-02-27,,138.18,896,processing,
897,129,627,897,2026-10-04,,147.28,897,on_hold,
898,704,924,898,2026-11-08,,141.38,898,unpaid,
899,409,831,899,2020-11-04,,112.39,899,unpaid,
900,547,269,900,2029-04-03,,103.09,900,pending,
901,96,181,901,2028-07-17,,105.13,901,completed,
902,471,254,902,2028-09-08,,159.06,902,completed,
903,570,3,903,2025-09-19,,124.78,903,completed,
904,61,317,904,2030-01-01,,130.47,904,completed,
905,694,444,905,2025-08-23,2025-08-23,140.86,905,failed,TRUE
906,19,291,906,2029-01-04,,178.55,906,cancelled,
907,425,606,907,2021-09-20,2023-03-02,103.05,907,completed,TRUE
908,96,683,908,2027-08-30,,179.93,908,failed,
909,846,427,909,2021-04-30,,161.45,909,processing,
910,509,54,910,2021-05-07,,118.23,910,on_hold,
911,657,961,911,2027-05-25,,108.84,911,completed,
912,742,659,912,2028-11-02,,129.22,912,processing,
913,39,572,913,2027-10-12,,153.1,913,on_hold,
914,599,827,914,2030-05-23,,131.81,914,cancelled,
915,369,90,915,2026-01-09,,164.6,915,completed,
916,619,131,916,2027-08-14,,176.73,916,refunded,
917,864,71,917,2023-08-17,2025-12-24,155.66,917,completed,FALSE
918,984,632,918,2023-10-13,,108.8,918,unpaid,
919,509,479,919,2020-07-12,2020-07-12,127.65,919,completed,TRUE
920,201,640,920,2030-03-30,,182.28,920,pending,
921,417,714,921,2025-10-26,2025-10-26,159.15,921,refunded,TRUE
922,478,829,922,2023-01-28,,129.69,922,processing,
923,333,157,923,2020-02-07,2022-10-09,181.11,923,completed,TRUE
924,704,924,924,2027-12-24,,174.56,924,refunded,
925,772,750,925,2028-06-13,,158.49,925,cancelled,
926,936,396,926,2030-06-05,,159.21,926,pending,
927,353,635,927,2024-11-21,2024-11-21,132.72,927,pending,FALSE
928,877,83,928,2030-02-27,,101.67,928,completed,
929,601,979,929,2026-08-24,,153.43,929,on_hold,
930,96,683,930,2021-04-27,,161.39,930,completed,
931,207,597,931,2029-08-23,,117.02,931,completed,
932,983,309,932,2022-04-11,,183.94,932,refunded,
933,32,654,933,2030-05-13,,128.98,933,processing,
934,972,43,934,2026-06-19,2026-06-19,128.77,934,on_hold,FALSE
935,151,20,935,2023-04-01,,113.54,935,failed,
936,702,704,936,2026-11-29,,115.17,936,unpaid,
937,162,902,937,2030-11-17,,161.23,937,on_hold,
938,226,596,938,2022-11-13,,166.03,938,on_hold,
939,377,72,939,2020-09-04,2023-02-03,155.94,939,refunded,FALSE
940,398,338,940,2025-09-18,2025-09-18,107.85,940,completed,TRUE
941,675,926,941,2020-08-05,,166.05,941,refunded,
942,605,190,942,2022-07-17,,172.35,942,completed,
943,143,738,943,2022-01-18,,109.16,943,processing,
944,910,14,944,2030-06-17,,183.94,944,completed,
945,399,865,945,2020-01-07,2026-07-07,172.74,945,completed,FALSE
946,926,535,946,2021-10-25,2025-03-03,126.52,946,cancelled,FALSE
947,327,449,947,2022-12-15,,173.37,947,failed,
948,519,702,948,2024-08-19,2025-10-05,117.71,948,unpaid,TRUE
949,551,411,949,2030-10-16,,151.96,949,failed,
950,758,984,950,2023-07-31,,144.7,950,failed,
951,984,239,951,2021-11-08,,150.02,951,unpaid,
952,921,166,952,2021-04-03,,148.27,952,completed,
953,141,76,953,2026-06-28,,149.98,953,on_hold,
954,826,544,954,2024-02-10,,116.57,954,on_hold,
955,875,287,955,2027-05-28,,159.86,955,on_hold,
956,481,138,956,2021-10-17,2026-01-25,163.84,956,pending,FALSE
957,755,160,957,2021-08-21,,135.04,957,processing,
958,628,550,958,2020-05-12,,142.68,958,pending,
959,76,552,959,2028-04-24,,124.44,959,completed,
960,576,5,960,2026-02-22,,137.38,960,pending,
961,966,896,961,2028-07-19,,143.66,961,refunded,
962,182,470,962,2029-04-26,,102.78,962,completed,
963,768,318,963,2023-03-16,2023-03-16,109.83,963,completed,FALSE
964,363,916,964,2020-09-24,,144.95,964,pending,
965,544,834,965,2022-11-16,2022-11-16,108.7,965,cancelled,FALSE
966,208,215,966,2027-08-30,,180.45,966,completed,
967,974,498,967,2023-04-21,2023-09-23,178.98,967,processing,FALSE
968,844,260,968,2026-06-10,,110.17,968,completed,
969,749,933,969,2020-11-14,,161.08,969,completed,
970,664,965,970,2021-04-07,,180.71,970,completed,
971,430,633,971,2029-01-11,,130.27,971,refunded,
972,628,550,972,2021-07-27,2021-07-27,121.49,972,on_hold,TRUE
973,42,525,973,2021-02-15,,104.33,973,completed,
974,774,495,974,2026-09-05,2026-09-05,161.09,974,completed,TRUE
975,339,148,975,2024-10-21,,142.51,975,completed,
976,541,537,976,2029-09-03,,157.11,976,on_hold,
977,22,430,977,2029-09-28,,161.69,977,cancelled,
978,707,735,978,2028-07-10,,153.86,978,unpaid,
979,427,559,979,2030-01-06,,146.91,979,cancelled,
980,724,169,980,2027-07-25,,140.97,980,completed,
981,828,73,981,2025-08-08,2025-08-08,147.45,981,unpaid,FALSE
982,856,133,982,2022-09-24,2022-09-24,130.65,982,on_hold,TRUE
983,899,500,983,2027-08-02,,120.51,983,completed,
984,492,810,984,2029-03-02,,168.97,984,failed,
985,248,182,985,2024-12-14,2025-02-23,109.09,985,failed,TRUE
986,777,376,986,2024-11-07,,132.79,986,on_hold,
987,844,260,987,2025-07-15,2025-07-15,168.89,987,completed,TRUE
988,984,239,988,2021-11-16,2021-11-21,157.81,988,completed,TRUE
989,402,718,989,2020-03-22,2020-08-30,105.42,989,completed,FALSE
990,61,317,990,2027-11-06,,118.41,990,completed,
991,755,185,991,2023-03-29,,149.44,991,failed,
992,546,815,992,2027-04-16,,128.72,992,completed,
993,647,805,993,2020-03-22,,143.72,993,completed,
994,19,200,994,2024-06-09,,105.66,994,completed,
995,976,874,995,2027-05-01,,123.93,995,completed,
996,976,665,996,2021-09-18,2025-04-16,123.74,996,on_hold,FALSE
997,90,19,997,2024-09-16,2024-09-16,176.24,997,cancelled,TRUE
998,587,111,998,2030-05-07,,104.66,998,cancelled,
999,612,222,999,2027-03-30,,167.05,999,completed,
1000,576,5,1000,2025-09-11,,160.05,1000,failed,
