inquiry_id,client_id,origin_channel,menu_option,received_at,is_working_hours,assistant_id,first_response_at,response_delay_minutes,outcome
1,443,phone,completed,2025-01-05,FALSE,1,2025-01-05,0,cancelled
2,726,email,approved,2026-05-17,FALSE,2,2026-05-17,0,pending
3,570,whatsapp,cancelled,2026-08-19,TRUE,3,2026-08-19,0,delayed
4,254,whatsapp,completed,2024-04-28,FALSE,4,2026-09-12,1248480,pending
5,576,phone,on_hold,2024-11-27,TRUE,5,2024-11-27,0,on_hold
6,693,whatsapp,pending,2025-05-15,TRUE,6,2026-01-11,347040,rejected
7,53,email,pending,2024-05-17,FALSE,7,2025-03-26,450720,rejected
8,475,phone,pending,2025-08-05,TRUE,8,2025-08-05,0,pending
9,674,email,under_review,2025-08-20,FALSE,9,2025-08-20,0,rejected
10,94,email,under_review,2025-06-01,TRUE,10,2026-01-29,348480,in_progress
11,644,whatsapp,cancelled,2026-01-25,FALSE,11,2026-01-25,0,on_hold
12,291,email,schedule,2024-09-03,FALSE,12,2026-03-22,813600,approved
13,992,whatsapp,in_progress,2025-09-11,TRUE,13,2025-09-11,0,delayed
14,910,email,pending,2025-09-09,FALSE,14,2026-09-12,529920,cancelled
15,898,whatsapp,approved,2024-09-13,FALSE,15,2024-09-22,12960,delayed
16,802,email,schedule,2025-10-01,FALSE,16,2025-10-01,0,approved
17,83,phone,on_hold,2024-11-28,FALSE,17,2025-10-21,470880,under_review
18,16,email,pending,2026-09-12,TRUE,18,2026-09-12,0,delayed
19,90,whatsapp,pending,2025-10-22,FALSE,19,2025-10-22,0,on_hold
20,151,email,pending,2025-08-03,FALSE,20,2025-08-03,0,pending
21,532,whatsapp,pending,2024-12-14,TRUE,21,2024-12-14,0,schedule
22,537,phone,pending,2025-08-28,FALSE,22,2025-08-28,0,cancelled
23,587,email,cancelled,2026-08-22,TRUE,23,2026-08-22,0,rejected
24,786,whatsapp,completed,2024-09-26,FALSE,24,2024-09-26,0,in_progress
25,398,whatsapp,in_progress,2025-07-26,TRUE,25,2025-07-26,0,cancelled
26,433,phone,on_hold,2025-05-20,FALSE,26,2026-09-12,691200,approved
27,964,phone,approved,2026-04-19,FALSE,27,2026-04-19,0,cancelled
28,566,phone,in_progress,2026-09-12,TRUE,28,2026-09-12,0,rejected
29,560,whatsapp,pending,2025-04-05,TRUE,29,2025-04-05,0,in_progress
30,410,whatsapp,schedule,2025-12-08,FALSE,30,2026-03-23,151200,schedule
31,212,email,cancelled,2026-09-12,FALSE,31,2026-09-12,0,under_review
32,170,whatsapp,on_hold,2024-10-02,FALSE,32,2025-09-04,485280,on_hold
33,305,phone,schedule,2025-02-14,FALSE,33,2026-05-05,640800,schedule
34,828,email,pending,2026-06-07,FALSE,34,2026-06-07,0,cancelled
35,738,whatsapp,under_review,2024-07-16,TRUE,35,2024-07-16,0,under_review
36,967,email,cancelled,2024-04-21,TRUE,36,2026-02-26,973440,pending
37,782,phone,rejected,2025-01-26,TRUE,37,2025-09-26,349920,cancelled
38,983,email,pending,2024-01-25,FALSE,38,2026-09-12,1383840,approved
39,226,whatsapp,rejected,2026-05-29,FALSE,39,2026-05-29,0,approved
40,677,email,under_review,2025-06-05,FALSE,40,2026-03-26,423360,rejected
41,725,email,completed,2026-09-12,TRUE,41,2026-09-12,0,cancelled
42,233,whatsapp,cancelled,2024-05-16,FALSE,42,2026-01-30,898560,approved
43,972,phone,pending,2026-09-12,TRUE,43,2026-09-12,0,under_review
44,627,whatsapp,completed,2025-08-02,TRUE,44,2025-08-02,0,pending
45,163,whatsapp,on_hold,2024-11-27,TRUE,45,2024-11-27,0,rejected
46,176,whatsapp,completed,2025-06-24,TRUE,46,2025-06-24,0,approved
47,864,whatsapp,under_review,2025-08-28,FALSE,47,2025-08-28,0,delayed
48,257,whatsapp,completed,2025-10-29,FALSE,48,2026-03-05,182880,approved
49,23,whatsapp,rejected,2026-09-12,TRUE,49,2026-09-12,0,approved
50,896,whatsapp,completed,2025-10-08,FALSE,50,2025-10-08,0,rejected
51,617,whatsapp,pending,2026-09-12,TRUE,51,2026-09-12,0,under_review
52,177,email,cancelled,2025-08-08,FALSE,52,2026-01-18,234720,on_hold
53,705,whatsapp,on_hold,2025-07-14,FALSE,53,2025-07-14,0,rejected
54,509,email,on_hold,2025-09-19,TRUE,54,2025-09-19,0,rejected
55,975,whatsapp,cancelled,2024-09-23,FALSE,55,2024-11-07,64800,pending
56,779,whatsapp,completed,2024-03-07,TRUE,56,2025-07-18,717120,on_hold
57,909,whatsapp,schedule,2025-02-13,FALSE,57,2025-02-13,0,in_progress
58,717,email,completed,2026-09-12,TRUE,58,2026-09-12,0,approved
59,16,email,schedule,2024-11-28,TRUE,59,2026-02-07,627840,cancelled
60,675,email,pending,2025-03-02,FALSE,60,2025-04-01,43200,rejected
61,121,email,on_hold,2026-08-23,FALSE,61,2026-08-23,0,under_review
62,365,whatsapp,approved,2026-06-29,TRUE,62,2026-06-29,0,rejected
63,168,whatsapp,schedule,2025-01-11,TRUE,63,2026-05-17,707040,under_review
64,729,email,schedule,2026-09-06,FALSE,64,2026-09-06,0,on_hold
65,28,email,on_hold,2025-04-19,TRUE,65,2025-07-27,142560,cancelled
66,751,email,schedule,2025-03-12,FALSE,66,2025-12-14,398880,approved
67,175,whatsapp,schedule,2026-04-09,TRUE,67,2026-04-09,0,in_progress
68,17,whatsapp,on_hold,2024-06-27,FALSE,68,2024-09-15,115200,schedule
69,791,whatsapp,approved,2025-05-10,FALSE,69,2026-01-16,361440,cancelled
70,181,phone,cancelled,2024-01-25,TRUE,70,2025-03-24,610560,delayed
71,864,phone,cancelled,2025-12-13,FALSE,71,2025-12-13,0,pending
72,377,whatsapp,cancelled,2025-10-07,FALSE,72,2025-10-07,0,in_progress
73,828,email,cancelled,2025-08-12,TRUE,73,2026-04-02,335520,approved
74,171,email,schedule,2026-01-10,TRUE,74,2026-01-10,0,under_review
75,386,email,cancelled,2025-03-08,FALSE,75,2026-04-25,594720,under_review
76,141,whatsapp,pending,2024-07-05,TRUE,76,2026-01-30,826560,in_progress
77,301,phone,pending,2025-07-15,FALSE,77,2026-06-17,485280,in_progress
78,867,phone,under_review,2026-03-10,TRUE,78,2026-03-10,0,pending
79,507,phone,pending,2024-04-28,FALSE,79,2024-04-28,0,pending
80,773,whatsapp,rejected,2024-01-09,TRUE,80,2026-07-04,1306080,cancelled
81,879,whatsapp,on_hold,2026-03-28,FALSE,81,2026-08-26,217440,in_progress
82,680,whatsapp,pending,2024-12-01,FALSE,82,2025-05-11,231840,pending
83,877,email,on_hold,2024-12-12,FALSE,83,2024-12-12,0,under_review
84,784,phone,on_hold,2025-12-18,TRUE,84,2025-12-18,0,delayed
85,468,email,rejected,2025-03-16,FALSE,85,2025-03-16,0,under_review
86,818,whatsapp,completed,2024-10-21,FALSE,86,2026-08-02,936000,rejected
87,665,phone,pending,2024-04-21,TRUE,87,2026-04-17,1045440,under_review
88,286,email,in_progress,2025-12-16,TRUE,88,2026-09-12,388800,rejected
89,566,email,cancelled,2024-02-15,TRUE,89,2024-08-05,247680,on_hold
90,369,email,in_progress,2026-09-12,FALSE,90,2026-09-12,0,rejected
91,506,email,cancelled,2024-05-27,TRUE,91,2025-06-07,541440,approved
92,61,phone,under_review,2026-08-07,TRUE,92,2026-08-07,0,delayed
93,745,phone,pending,2026-09-12,TRUE,93,2026-09-12,0,on_hold
94,774,phone,approved,2025-03-31,FALSE,94,2025-05-06,51840,cancelled
95,634,phone,in_progress,2024-03-15,FALSE,95,2025-12-07,910080,schedule
96,436,phone,under_review,2025-04-21,TRUE,96,2025-04-21,0,cancelled
97,341,email,completed,2025-01-17,FALSE,97,2025-04-18,131040,in_progress
98,674,phone,pending,2025-03-08,TRUE,98,2025-03-08,0,under_review
99,340,whatsapp,pending,2024-02-02,FALSE,99,2024-09-04,309600,under_review
100,130,phone,pending,2026-03-26,FALSE,100,2026-05-28,90720,approved
101,704,whatsapp,on_hold,2025-07-11,FALSE,101,2026-09-12,616320,pending
102,343,email,rejected,2024-08-06,FALSE,102,2025-04-26,378720,delayed
103,768,whatsapp,approved,2024-07-25,TRUE,103,2025-08-20,563040,on_hold
104,403,whatsapp,schedule,2024-01-13,FALSE,104,2024-10-23,408960,under_review
105,735,email,under_review,2024-08-08,TRUE,105,2026-05-10,921600,delayed
106,941,phone,schedule,2025-10-16,FALSE,106,2026-09-12,476640,schedule
107,702,whatsapp,schedule,2025-10-11,FALSE,107,2025-10-11,0,pending
108,367,phone,under_review,2026-09-12,TRUE,108,2026-09-12,0,delayed
109,666,phone,completed,2025-09-05,FALSE,109,2025-10-17,60480,pending
110,685,email,in_progress,2026-05-14,FALSE,110,2026-05-14,0,delayed
111,587,phone,pending,2026-07-28,TRUE,111,2026-09-12,66240,on_hold
112,787,email,completed,2024-11-15,TRUE,112,2025-06-06,292320,schedule
113,241,email,schedule,2025-06-25,TRUE,113,2025-11-17,208800,approved
114,675,email,approved,2025-06-27,TRUE,114,2026-01-20,298080,on_hold
115,470,email,cancelled,2024-08-23,FALSE,115,2024-09-25,47520,approved
116,363,email,approved,2024-03-17,FALSE,116,2026-04-28,1111680,in_progress
117,300,email,in_progress,2024-10-29,FALSE,117,2026-04-28,786240,on_hold
118,314,email,rejected,2024-05-06,FALSE,118,2025-04-29,515520,cancelled
119,668,whatsapp,approved,2025-02-03,TRUE,119,2026-01-03,480960,approved
120,51,whatsapp,approved,2025-08-10,FALSE,120,2025-12-08,172800,pending
121,277,whatsapp,completed,2025-04-16,TRUE,121,2025-04-16,0,approved
122,901,whatsapp,approved,2026-07-23,TRUE,122,2026-07-23,0,rejected
123,447,whatsapp,approved,2025-03-03,TRUE,123,2025-03-03,0,cancelled
124,746,phone,approved,2025-08-11,TRUE,124,2026-07-11,480960,on_hold
125,507,whatsapp,under_review,2024-06-17,FALSE,125,2026-07-23,1103040,on_hold
126,395,whatsapp,pending,2026-08-11,TRUE,126,2026-09-12,46080,pending
127,12,email,approved,2026-02-18,TRUE,127,2026-02-18,0,rejected
128,993,email,schedule,2026-09-12,FALSE,128,2026-09-12,0,approved
129,580,whatsapp,rejected,2024-12-15,FALSE,129,2024-12-15,0,approved
130,985,email,schedule,2025-11-20,FALSE,130,2025-12-28,54720,on_hold
131,619,phone,on_hold,2025-05-24,TRUE,131,2025-09-12,159840,rejected
132,746,phone,completed,2026-02-23,FALSE,132,2026-07-26,220320,approved
133,856,whatsapp,approved,2025-06-30,FALSE,133,2026-09-12,632160,approved
134,42,whatsapp,rejected,2026-03-21,TRUE,134,2026-03-21,0,approved
135,775,whatsapp,pending,2026-09-04,TRUE,135,2026-09-04,0,in_progress
136,45,phone,pending,2025-02-08,TRUE,136,2026-06-22,718560,delayed
137,382,phone,in_progress,2024-11-22,FALSE,137,2025-08-28,401760,cancelled
138,481,email,in_progress,2025-09-15,TRUE,138,2025-09-15,0,rejected
139,365,whatsapp,cancelled,2024-08-13,FALSE,139,2024-08-13,0,delayed
140,798,email,approved,2025-02-09,FALSE,140,2025-02-09,0,approved
141,805,email,under_review,2024-04-08,TRUE,141,2024-04-08,0,approved
142,929,email,in_progress,2024-08-10,TRUE,142,2026-03-30,859680,approved
143,528,email,pending,2026-06-06,FALSE,143,2026-06-06,0,under_review
144,501,phone,pending,2025-05-20,FALSE,144,2025-11-20,264960,approved
145,541,whatsapp,cancelled,2024-10-31,FALSE,145,2026-07-16,897120,cancelled
146,697,email,cancelled,2026-03-11,FALSE,146,2026-03-11,0,schedule
147,481,email,under_review,2025-12-22,FALSE,147,2025-12-22,0,on_hold
148,339,email,completed,2024-09-30,FALSE,148,2026-03-27,781920,pending
149,876,phone,rejected,2026-09-12,FALSE,149,2026-09-12,0,rejected
150,832,phone,cancelled,2026-01-20,FALSE,150,2026-01-20,0,pending
151,598,phone,under_review,2025-06-14,TRUE,151,2025-06-14,0,under_review
152,139,email,in_progress,2025-08-04,FALSE,152,2025-08-04,0,delayed
153,877,email,pending,2024-10-18,FALSE,153,2026-05-24,839520,pending
154,340,email,under_review,2026-08-11,FALSE,154,2026-08-11,0,cancelled
155,936,email,completed,2026-07-04,FALSE,155,2026-07-04,0,delayed
156,696,whatsapp,rejected,2025-12-08,FALSE,156,2025-12-08,0,on_hold
157,333,whatsapp,approved,2025-04-03,TRUE,157,2026-04-03,525600,schedule
158,180,whatsapp,under_review,2025-02-16,FALSE,158,2025-05-26,142560,approved
159,429,phone,completed,2025-07-11,FALSE,159,2025-07-11,0,under_review
160,755,phone,under_review,2024-03-01,FALSE,160,2024-08-27,257760,cancelled
161,406,phone,under_review,2026-05-25,FALSE,161,2026-05-25,0,in_progress
162,524,phone,cancelled,2026-05-07,TRUE,162,2026-05-07,0,under_review
163,459,email,under_review,2024-09-13,TRUE,163,2025-03-05,249120,delayed
164,110,phone,on_hold,2026-08-04,TRUE,164,2026-08-04,0,on_hold
165,267,whatsapp,pending,2024-07-26,TRUE,165,2024-07-26,0,approved
166,921,phone,approved,2024-06-05,TRUE,166,2024-06-05,0,approved
167,641,phone,schedule,2026-09-07,TRUE,167,2026-09-07,0,schedule
168,828,phone,schedule,2024-12-13,FALSE,168,2026-07-30,855360,pending
169,724,whatsapp,completed,2024-05-18,TRUE,169,2026-03-10,951840,approved
170,898,email,rejected,2025-01-15,FALSE,170,2026-09-10,868320,under_review
171,859,whatsapp,rejected,2024-01-28,FALSE,171,2026-06-23,1262880,in_progress
172,355,whatsapp,cancelled,2026-09-12,FALSE,172,2026-09-12,0,on_hold
173,985,whatsapp,rejected,2026-04-21,TRUE,173,2026-04-21,0,on_hold
174,131,email,on_hold,2026-07-15,TRUE,174,2026-07-15,0,delayed
175,978,email,under_review,2024-11-08,TRUE,175,2025-07-02,339840,pending
176,235,whatsapp,on_hold,2026-09-12,FALSE,176,2026-09-12,0,under_review
177,596,whatsapp,approved,2025-01-03,FALSE,177,2025-01-03,0,rejected
178,642,whatsapp,cancelled,2026-09-12,FALSE,178,2026-09-12,0,under_review
179,228,phone,in_progress,2025-03-02,FALSE,179,2026-05-21,640800,rejected
180,610,whatsapp,approved,2024-02-27,FALSE,180,2025-07-09,717120,under_review
181,96,email,rejected,2025-03-15,FALSE,181,2025-03-15,0,pending
182,248,whatsapp,completed,2026-03-29,TRUE,182,2026-03-29,0,rejected
183,180,email,rejected,2026-09-12,TRUE,183,2026-09-12,0,pending
184,543,phone,pending,2024-12-23,FALSE,184,2025-03-19,123840,pending
185,755,email,in_progress,2026-09-12,FALSE,185,2026-09-12,0,cancelled
186,947,whatsapp,under_review,2025-08-24,FALSE,186,2025-08-24,0,on_hold
187,78,phone,in_progress,2024-02-01,TRUE,187,2026-05-02,1182240,approved
188,60,phone,schedule,2025-08-04,FALSE,188,2025-08-04,0,approved
189,723,whatsapp,pending,2026-04-03,TRUE,189,2026-09-12,233280,on_hold
190,605,phone,pending,2024-11-01,FALSE,190,2024-11-26,36000,approved
191,242,phone,approved,2024-03-02,FALSE,191,2025-11-21,905760,in_progress
192,725,whatsapp,pending,2025-11-11,TRUE,192,2026-09-12,439200,in_progress
193,376,whatsapp,pending,2024-10-01,FALSE,193,2024-10-05,5760,pending
194,837,whatsapp,on_hold,2024-07-11,TRUE,194,2025-01-30,292320,rejected
195,594,whatsapp,on_hold,2026-05-16,TRUE,195,2026-05-16,0,pending
196,190,whatsapp,approved,2025-11-21,FALSE,196,2025-11-21,0,delayed
197,255,email,approved,2026-09-12,TRUE,197,2026-09-12,0,cancelled
198,234,email,cancelled,2026-07-09,FALSE,198,2026-07-09,0,on_hold
199,924,email,approved,2024-10-13,TRUE,199,2024-10-21,11520,delayed
200,19,whatsapp,schedule,2026-01-17,FALSE,200,2026-09-12,342720,rejected
201,660,email,rejected,2026-06-12,FALSE,201,2026-09-12,132480,cancelled
202,863,whatsapp,cancelled,2025-08-19,TRUE,202,2025-08-19,0,schedule
203,98,email,in_progress,2026-09-12,FALSE,203,2026-09-12,0,in_progress
204,488,email,rejected,2026-06-14,FALSE,204,2026-06-14,0,delayed
205,364,whatsapp,under_review,2026-08-19,TRUE,205,2026-08-19,0,pending
206,202,email,in_progress,2026-09-12,TRUE,206,2026-09-12,0,delayed
207,485,phone,under_review,2026-04-14,TRUE,207,2026-04-14,0,in_progress
208,884,email,cancelled,2024-09-01,FALSE,208,2025-11-22,643680,pending
209,83,whatsapp,completed,2025-01-18,FALSE,209,2025-01-18,0,schedule
210,957,phone,under_review,2024-08-05,FALSE,210,2025-11-29,692640,delayed
211,441,phone,pending,2026-04-20,FALSE,211,2026-04-20,0,in_progress
212,837,email,rejected,2026-03-05,TRUE,212,2026-03-05,0,on_hold
213,709,whatsapp,pending,2025-09-13,FALSE,213,2025-09-13,0,delayed
214,808,whatsapp,on_hold,2026-08-13,FALSE,214,2026-08-13,0,approved
215,208,phone,pending,2026-08-29,FALSE,215,2026-08-29,0,cancelled
216,989,whatsapp,cancelled,2024-05-31,TRUE,216,2025-04-01,439200,approved
217,46,whatsapp,completed,2025-06-23,TRUE,217,2026-02-23,352800,in_progress
218,841,email,under_review,2025-03-05,TRUE,218,2025-03-05,0,cancelled
219,153,email,on_hold,2025-11-27,FALSE,219,2026-08-18,380160,approved
220,20,whatsapp,in_progress,2025-03-26,FALSE,220,2025-03-26,0,delayed
221,830,whatsapp,schedule,2024-11-30,TRUE,221,2026-09-12,937440,on_hold
222,612,email,in_progress,2024-11-16,TRUE,222,2024-11-16,0,schedule
223,988,phone,schedule,2025-05-03,TRUE,223,2026-09-12,715680,pending
224,429,phone,approved,2024-04-11,TRUE,224,2024-07-21,145440,approved
225,544,whatsapp,pending,2025-06-14,TRUE,225,2026-09-12,655200,schedule
226,817,whatsapp,under_review,2024-07-01,FALSE,226,2025-09-07,623520,delayed
227,662,phone,rejected,2025-10-25,FALSE,227,2026-05-23,302400,in_progress
228,547,phone,schedule,2024-09-06,TRUE,228,2026-09-12,1059840,in_progress
229,334,whatsapp,under_review,2025-10-28,FALSE,229,2026-09-12,459360,rejected
230,486,whatsapp,pending,2024-02-19,FALSE,230,2024-12-13,429120,cancelled
231,502,phone,under_review,2026-04-14,TRUE,231,2026-04-14,0,on_hold
232,849,phone,rejected,2025-09-29,TRUE,232,2025-09-29,0,rejected
233,911,email,under_review,2026-06-27,FALSE,233,2026-09-12,110880,on_hold
234,172,phone,approved,2026-09-12,FALSE,234,2026-09-12,0,pending
235,717,email,pending,2026-07-21,FALSE,235,2026-07-21,0,under_review
236,747,phone,under_review,2024-03-26,FALSE,236,2026-07-10,1203840,in_progress
237,650,phone,on_hold,2026-04-15,FALSE,237,2026-04-15,0,rejected
238,471,whatsapp,completed,2025-08-31,FALSE,238,2026-02-11,236160,approved
239,984,phone,under_review,2026-09-12,TRUE,239,2026-09-12,0,schedule
240,538,whatsapp,pending,2025-09-26,TRUE,240,2025-09-26,0,pending
241,486,email,under_review,2026-09-12,FALSE,241,2026-09-12,0,schedule
242,467,phone,pending,2024-09-06,TRUE,242,2024-09-06,0,delayed
243,616,whatsapp,cancelled,2025-06-30,FALSE,243,2026-04-03,398880,on_hold
244,992,whatsapp,approved,2026-09-12,FALSE,244,2026-09-12,0,under_review
245,824,phone,approved,2026-09-12,TRUE,245,2026-09-12,0,in_progress
246,825,whatsapp,cancelled,2025-10-08,FALSE,246,2025-10-08,0,pending
247,267,email,completed,2026-07-18,TRUE,247,2026-07-18,0,under_review
248,233,whatsapp,completed,2024-09-23,FALSE,248,2026-09-12,1035360,pending
249,96,email,schedule,2024-10-10,TRUE,249,2024-10-10,0,approved
250,765,phone,pending,2024-09-13,TRUE,250,2025-01-19,184320,cancelled
251,365,whatsapp,on_hold,2025-01-07,TRUE,251,2026-09-12,882720,in_progress
252,820,whatsapp,schedule,2026-03-06,TRUE,252,2026-03-06,0,schedule
253,409,email,pending,2025-03-02,TRUE,253,2026-09-12,804960,approved
254,471,email,pending,2025-05-01,TRUE,254,2025-05-12,15840,under_review
255,540,email,on_hold,2026-06-26,FALSE,255,2026-06-26,0,cancelled
256,723,phone,cancelled,2026-02-02,FALSE,256,2026-02-02,0,under_review
257,839,email,pending,2026-06-08,FALSE,257,2026-06-08,0,in_progress
258,347,whatsapp,approved,2026-07-05,TRUE,258,2026-07-05,0,pending
259,488,email,pending,2026-01-11,FALSE,259,2026-01-11,0,cancelled
260,844,whatsapp,pending,2025-03-24,TRUE,260,2025-10-31,318240,approved
261,24,whatsapp,approved,2024-04-16,TRUE,261,2025-04-18,528480,delayed
262,52,email,completed,2025-09-16,FALSE,262,2026-07-24,447840,under_review
263,870,phone,completed,2024-10-24,FALSE,263,2025-11-22,567360,on_hold
264,658,whatsapp,pending,2026-05-16,TRUE,264,2026-05-16,0,schedule
265,961,phone,pending,2026-09-12,FALSE,265,2026-09-12,0,pending
266,431,phone,pending,2025-12-12,FALSE,266,2025-12-12,0,delayed
267,565,whatsapp,pending,2025-03-18,FALSE,267,2025-07-01,151200,under_review
268,413,whatsapp,pending,2026-06-16,FALSE,268,2026-06-16,0,in_progress
269,547,whatsapp,pending,2025-07-10,TRUE,269,2025-07-10,0,schedule
270,249,phone,cancelled,2025-06-13,FALSE,270,2025-06-27,20160,on_hold
271,876,whatsapp,schedule,2024-08-09,FALSE,271,2024-12-02,165600,approved
272,892,phone,cancelled,2025-01-09,FALSE,272,2026-01-26,550080,under_review
273,66,phone,cancelled,2026-09-12,TRUE,273,2026-09-12,0,on_hold
274,400,email,under_review,2026-05-31,FALSE,274,2026-05-31,0,in_progress
275,534,phone,cancelled,2025-10-10,TRUE,275,2025-10-10,0,schedule
276,794,whatsapp,rejected,2025-10-07,FALSE,276,2026-05-22,326880,schedule
277,551,whatsapp,on_hold,2026-05-22,TRUE,277,2026-05-22,0,rejected
278,824,whatsapp,cancelled,2025-11-19,FALSE,278,2025-11-19,0,cancelled
279,516,phone,under_review,2024-07-19,TRUE,279,2026-06-27,1019520,schedule
280,118,phone,rejected,2024-11-16,FALSE,280,2024-11-16,0,under_review
281,251,whatsapp,cancelled,2024-06-20,FALSE,281,2025-07-04,545760,approved
282,223,email,completed,2024-02-01,TRUE,282,2025-06-17,722880,schedule
283,968,email,in_progress,2024-07-17,TRUE,283,2024-07-17,0,under_review
284,451,email,schedule,2024-03-13,TRUE,284,2026-09-12,1314720,approved
285,759,phone,on_hold,2024-06-18,TRUE,285,2026-06-25,1061280,under_review
286,804,whatsapp,pending,2026-09-12,TRUE,286,2026-09-12,0,delayed
287,875,phone,completed,2025-03-09,FALSE,287,2025-06-28,159840,under_review
288,693,phone,completed,2026-01-19,FALSE,288,2026-01-19,0,approved
289,753,phone,approved,2025-05-19,TRUE,289,2026-09-12,692640,schedule
290,407,phone,under_review,2024-10-29,TRUE,290,2026-09-12,983520,rejected
291,19,whatsapp,pending,2026-09-12,TRUE,291,2026-09-12,0,approved
292,619,email,schedule,2024-08-21,TRUE,292,2024-08-21,0,pending
293,405,phone,on_hold,2025-02-04,TRUE,293,2025-04-15,100800,pending
294,828,whatsapp,pending,2024-06-15,TRUE,294,2024-06-15,0,delayed
295,458,phone,under_review,2025-12-29,FALSE,295,2025-12-29,0,pending
296,698,whatsapp,rejected,2026-09-12,FALSE,296,2026-09-12,0,in_progress
297,811,phone,completed,2026-01-10,FALSE,297,2026-01-10,0,in_progress
298,544,phone,rejected,2025-12-21,FALSE,298,2026-08-14,339840,schedule
299,603,phone,completed,2026-06-17,FALSE,299,2026-06-17,0,cancelled
300,991,whatsapp,completed,2024-06-07,FALSE,300,2024-06-07,0,delayed
301,499,phone,schedule,2024-06-06,FALSE,301,2024-06-30,34560,approved
302,828,whatsapp,schedule,2026-09-12,FALSE,302,2026-09-12,0,rejected
303,120,whatsapp,under_review,2024-11-17,TRUE,303,2026-05-14,781920,rejected
304,295,email,cancelled,2026-09-12,FALSE,304,2026-09-12,0,schedule
305,718,whatsapp,on_hold,2024-10-27,TRUE,305,2025-09-28,483840,rejected
306,415,phone,cancelled,2024-03-16,FALSE,306,2025-11-17,879840,on_hold
307,797,whatsapp,rejected,2024-01-30,FALSE,307,2026-09-12,1376640,pending
308,164,whatsapp,approved,2024-09-15,TRUE,308,2026-01-25,715680,rejected
309,983,whatsapp,cancelled,2026-08-05,TRUE,309,2026-08-05,0,schedule
310,132,phone,in_progress,2025-01-22,TRUE,310,2025-02-01,14400,on_hold
311,164,whatsapp,pending,2025-04-30,FALSE,311,2025-04-30,0,cancelled
312,374,whatsapp,pending,2024-10-02,FALSE,312,2024-10-02,0,pending
313,576,whatsapp,schedule,2024-11-05,FALSE,313,2024-11-05,0,schedule
314,289,phone,cancelled,2024-01-28,FALSE,314,2025-06-07,714240,in_progress
315,663,email,pending,2025-10-18,TRUE,315,2025-10-18,0,approved
316,31,whatsapp,under_review,2026-05-05,FALSE,316,2026-05-05,0,approved
317,61,phone,approved,2024-02-04,TRUE,317,2026-06-03,1224000,approved
318,768,email,on_hold,2026-03-05,TRUE,318,2026-03-05,0,approved
319,447,email,pending,2025-02-17,TRUE,319,2025-04-21,90720,schedule
320,74,whatsapp,pending,2026-07-17,TRUE,320,2026-09-12,82080,on_hold
321,210,email,approved,2026-08-21,FALSE,321,2026-08-21,0,approved
322,456,whatsapp,approved,2026-08-28,TRUE,322,2026-09-12,21600,approved
323,773,email,under_review,2025-12-07,TRUE,323,2026-09-12,401760,on_hold
324,11,whatsapp,under_review,2025-04-14,TRUE,324,2025-04-14,0,under_review
325,557,email,pending,2024-10-29,TRUE,325,2026-07-28,917280,on_hold
326,233,whatsapp,schedule,2024-09-25,TRUE,326,2025-07-12,417600,schedule
327,887,email,rejected,2026-09-12,FALSE,327,2026-09-12,0,pending
328,885,phone,pending,2026-09-12,TRUE,328,2026-09-12,0,on_hold
329,609,whatsapp,in_progress,2025-07-23,TRUE,329,2025-12-20,216000,delayed
330,14,whatsapp,cancelled,2026-09-12,TRUE,330,2026-09-12,0,rejected
331,20,email,schedule,2024-01-18,FALSE,331,2025-12-05,989280,pending
332,547,phone,pending,2026-04-06,TRUE,332,2026-04-06,0,rejected
333,235,email,rejected,2024-03-17,FALSE,333,2024-10-17,308160,cancelled
334,403,phone,pending,2025-04-17,FALSE,334,2025-04-17,0,delayed
335,854,whatsapp,approved,2026-09-12,FALSE,335,2026-09-12,0,under_review
336,988,whatsapp,under_review,2025-05-17,TRUE,336,2025-05-17,0,approved
337,334,whatsapp,rejected,2025-10-18,FALSE,337,2026-01-09,119520,schedule
338,398,whatsapp,cancelled,2026-01-19,FALSE,338,2026-09-12,339840,cancelled
339,381,email,completed,2026-06-23,TRUE,339,2026-06-23,0,cancelled
340,943,phone,cancelled,2025-04-07,TRUE,340,2026-08-05,698400,rejected
341,773,whatsapp,pending,2025-01-25,FALSE,341,2025-10-26,394560,approved
342,236,whatsapp,cancelled,2025-05-27,TRUE,342,2025-05-27,0,rejected
343,53,phone,approved,2024-05-04,FALSE,343,2026-09-12,1239840,pending
344,692,phone,approved,2026-09-12,FALSE,344,2026-09-12,0,approved
345,642,email,on_hold,2026-03-09,TRUE,345,2026-03-09,0,approved
346,29,email,approved,2025-04-04,FALSE,346,2025-04-04,0,under_review
347,404,phone,on_hold,2026-05-05,FALSE,347,2026-05-05,0,schedule
348,66,email,schedule,2025-02-14,TRUE,348,2025-02-14,0,delayed
349,314,phone,under_review,2026-09-12,TRUE,349,2026-09-12,0,rejected
350,543,whatsapp,in_progress,2026-05-25,TRUE,350,2026-05-25,0,pending
351,689,phone,cancelled,2024-04-10,TRUE,351,2026-02-03,956160,under_review
352,606,email,pending,2025-07-30,FALSE,352,2025-07-30,0,schedule
353,943,email,cancelled,2024-09-03,TRUE,353,2025-04-11,316800,on_hold
354,334,whatsapp,pending,2024-08-28,FALSE,354,2025-06-14,417600,in_progress
355,962,whatsapp,cancelled,2025-04-28,TRUE,355,2025-04-28,0,pending
356,130,whatsapp,schedule,2024-01-31,FALSE,356,2024-11-07,404640,approved
357,528,whatsapp,approved,2025-11-09,FALSE,357,2026-02-13,138240,approved
358,649,whatsapp,pending,2025-06-03,TRUE,358,2025-06-03,0,approved
359,983,whatsapp,pending,2026-03-07,FALSE,359,2026-03-07,0,approved
360,626,whatsapp,under_review,2025-08-09,TRUE,360,2025-08-09,0,in_progress
361,218,whatsapp,rejected,2025-03-07,TRUE,361,2026-05-04,609120,approved
362,92,email,on_hold,2025-12-20,FALSE,362,2025-12-20,0,in_progress
363,889,email,cancelled,2026-08-25,FALSE,363,2026-08-25,0,in_progress
364,759,email,rejected,2024-09-08,FALSE,364,2026-09-12,1056960,approved
365,996,phone,rejected,2024-06-29,FALSE,365,2024-09-22,122400,schedule
366,659,whatsapp,pending,2024-12-02,TRUE,366,2024-12-02,0,on_hold
367,407,whatsapp,completed,2026-09-12,FALSE,367,2026-09-12,0,approved
368,117,whatsapp,rejected,2025-06-22,FALSE,368,2025-11-01,190080,in_progress
369,650,whatsapp,on_hold,2026-09-12,FALSE,369,2026-09-12,0,approved
370,654,whatsapp,under_review,2026-09-12,FALSE,370,2026-09-12,0,in_progress
371,65,phone,pending,2026-02-16,TRUE,371,2026-02-16,0,cancelled
372,729,email,rejected,2024-01-11,TRUE,372,2025-03-13,614880,in_progress
373,5,phone,schedule,2025-07-14,FALSE,373,2025-08-08,36000,rejected
374,123,whatsapp,completed,2025-01-30,FALSE,374,2025-01-30,0,pending
375,139,email,schedule,2026-03-14,FALSE,375,2026-03-14,0,schedule
376,777,phone,approved,2024-06-27,FALSE,376,2025-08-13,593280,in_progress
377,236,whatsapp,approved,2026-05-22,FALSE,377,2026-05-22,0,cancelled
378,962,phone,rejected,2025-07-14,TRUE,378,2026-08-20,578880,delayed
379,143,phone,under_review,2025-05-08,FALSE,379,2026-09-12,708480,rejected
380,824,email,approved,2025-05-31,TRUE,380,2025-05-31,0,schedule
381,863,whatsapp,completed,2025-06-04,FALSE,381,2025-12-11,273600,in_progress
382,833,whatsapp,rejected,2025-07-14,TRUE,382,2026-09-12,612000,in_progress
383,623,whatsapp,approved,2024-07-06,TRUE,383,2024-09-14,100800,cancelled
384,431,whatsapp,completed,2024-02-03,TRUE,384,2025-08-28,823680,under_review
385,82,whatsapp,pending,2025-12-22,FALSE,385,2025-12-22,0,approved
386,359,phone,in_progress,2026-05-23,TRUE,386,2026-05-23,0,delayed
387,139,email,cancelled,2024-07-11,FALSE,387,2026-09-12,1141920,delayed
388,972,phone,on_hold,2024-12-13,FALSE,388,2026-05-04,730080,approved
389,446,whatsapp,rejected,2026-07-18,TRUE,389,2026-07-18,0,delayed
390,351,whatsapp,schedule,2026-09-12,FALSE,390,2026-09-12,0,schedule
391,454,whatsapp,completed,2024-02-15,TRUE,391,2025-12-27,980640,schedule
392,582,whatsapp,completed,2025-08-06,FALSE,392,2025-08-06,0,rejected
393,386,phone,pending,2026-04-06,TRUE,393,2026-04-06,0,under_review
394,301,email,under_review,2026-05-16,FALSE,394,2026-05-16,0,delayed
395,557,phone,cancelled,2024-03-30,TRUE,395,2026-07-11,1199520,delayed
396,936,email,cancelled,2026-04-10,TRUE,396,2026-05-21,59040,approved
397,687,whatsapp,under_review,2026-07-07,FALSE,397,2026-07-07,0,cancelled
398,410,email,rejected,2024-05-24,TRUE,398,2026-03-25,964800,pending
399,13,phone,approved,2024-03-22,TRUE,399,2024-06-17,125280,pending
400,899,whatsapp,in_progress,2026-05-11,TRUE,400,2026-05-11,0,approved
401,863,phone,in_progress,2025-10-08,FALSE,401,2025-10-08,0,delayed
402,751,phone,rejected,2024-12-19,FALSE,402,2026-01-18,568800,cancelled
403,763,phone,pending,2024-05-17,FALSE,403,2026-09-11,1219680,in_progress
404,300,email,under_review,2024-05-20,TRUE,404,2025-06-12,558720,delayed
405,861,whatsapp,completed,2024-02-16,TRUE,405,2024-05-07,116640,approved
406,152,whatsapp,cancelled,2024-05-07,TRUE,406,2024-05-07,0,cancelled
407,890,email,in_progress,2025-09-30,FALSE,407,2025-10-10,14400,delayed
408,754,email,completed,2026-09-12,FALSE,408,2026-09-12,0,approved
409,151,whatsapp,pending,2025-10-11,FALSE,409,2026-05-03,293760,approved
410,384,phone,completed,2025-09-02,TRUE,410,2025-09-02,0,under_review
411,551,whatsapp,rejected,2026-09-12,TRUE,411,2026-09-12,0,cancelled
412,955,whatsapp,in_progress,2026-08-17,FALSE,412,2026-08-17,0,rejected
413,951,whatsapp,in_progress,2026-09-12,FALSE,413,2026-09-12,0,approved
414,666,whatsapp,pending,2024-06-26,TRUE,414,2025-04-27,439200,on_hold
415,768,whatsapp,pending,2026-07-28,FALSE,415,2026-09-12,66240,delayed
416,121,whatsapp,rejected,2024-01-23,TRUE,416,2026-08-09,1337760,under_review
417,861,email,pending,2026-03-11,TRUE,417,2026-03-11,0,schedule
418,143,whatsapp,cancelled,2026-08-26,TRUE,418,2026-08-26,0,schedule
419,291,whatsapp,cancelled,2026-09-12,TRUE,419,2026-09-12,0,delayed
420,993,whatsapp,schedule,2025-05-18,FALSE,420,2025-12-13,300960,on_hold
421,170,whatsapp,on_hold,2026-04-26,TRUE,421,2026-09-12,200160,cancelled
422,8,email,schedule,2024-03-19,TRUE,422,2024-04-13,36000,pending
423,454,whatsapp,in_progress,2024-07-18,TRUE,423,2024-07-18,0,approved
424,294,whatsapp,pending,2025-09-25,FALSE,424,2025-09-25,0,under_review
425,186,phone,approved,2025-11-06,FALSE,425,2025-11-06,0,rejected
426,138,email,on_hold,2025-04-27,FALSE,426,2025-05-06,12960,approved
427,846,email,under_review,2026-09-12,TRUE,427,2026-09-12,0,rejected
428,954,email,on_hold,2025-01-24,TRUE,428,2025-01-24,0,delayed
429,956,whatsapp,pending,2026-09-12,TRUE,429,2026-09-12,0,pending
430,22,phone,on_hold,2024-05-09,TRUE,430,2025-04-11,485280,cancelled
431,452,phone,pending,2024-06-11,FALSE,431,2024-12-01,249120,delayed
432,4,whatsapp,approved,2025-09-04,TRUE,432,2026-06-13,406080,approved
433,643,phone,in_progress,2024-08-14,TRUE,433,2026-03-09,823680,in_progress
434,927,email,completed,2025-03-12,TRUE,434,2026-09-12,790560,delayed
435,975,whatsapp,completed,2026-08-11,FALSE,435,2026-08-11,0,under_review
436,485,whatsapp,rejected,2025-02-09,FALSE,436,2026-09-12,835200,delayed
437,583,whatsapp,approved,2026-05-28,TRUE,437,2026-08-18,118080,schedule
438,573,email,pending,2026-09-12,TRUE,438,2026-09-12,0,approved
439,846,whatsapp,pending,2026-01-24,TRUE,439,2026-09-12,332640,approved
440,761,whatsapp,approved,2026-09-12,TRUE,440,2026-09-12,0,delayed
441,3,email,completed,2024-05-29,FALSE,441,2025-05-10,498240,on_hold
442,858,email,rejected,2024-09-03,FALSE,442,2025-10-06,573120,delayed
443,185,whatsapp,schedule,2026-06-13,TRUE,443,2026-09-12,131040,schedule
444,694,phone,under_review,2024-10-08,TRUE,444,2024-10-08,0,pending
445,6,whatsapp,cancelled,2024-06-04,TRUE,445,2025-05-16,498240,rejected
446,842,whatsapp,cancelled,2026-09-12,FALSE,446,2026-09-12,0,approved
447,479,email,schedule,2026-09-12,TRUE,447,2026-09-12,0,rejected
448,419,whatsapp,cancelled,2024-08-08,TRUE,448,2026-08-04,1045440,delayed
449,327,whatsapp,schedule,2024-11-26,TRUE,449,2026-01-02,578880,approved
450,40,whatsapp,on_hold,2025-10-26,FALSE,450,2025-10-26,0,delayed
451,310,email,cancelled,2026-09-12,TRUE,451,2026-09-12,0,schedule
452,801,whatsapp,under_review,2024-05-22,FALSE,452,2024-05-22,0,delayed
453,589,whatsapp,in_progress,2024-10-23,TRUE,453,2024-10-23,0,under_review
454,933,email,rejected,2024-07-09,FALSE,454,2025-11-06,698400,on_hold
455,484,whatsapp,under_review,2026-02-03,FALSE,455,2026-06-26,205920,approved
456,300,email,approved,2026-06-08,FALSE,456,2026-06-08,0,under_review
457,200,email,pending,2024-12-23,TRUE,457,2025-03-20,125280,on_hold
458,591,email,schedule,2025-06-18,TRUE,458,2025-09-25,142560,pending
459,865,phone,under_review,2024-12-06,TRUE,459,2025-05-16,231840,in_progress
460,751,whatsapp,under_review,2025-06-16,FALSE,460,2025-06-16,0,delayed
461,662,whatsapp,cancelled,2024-06-30,TRUE,461,2025-05-04,443520,cancelled
462,971,email,approved,2026-07-11,TRUE,462,2026-07-11,0,delayed
463,668,whatsapp,completed,2024-05-26,TRUE,463,2026-06-28,1098720,cancelled
464,449,email,pending,2025-08-26,FALSE,464,2025-08-26,0,under_review
465,759,phone,pending,2025-01-07,TRUE,465,2025-01-07,0,cancelled
466,460,phone,pending,2024-12-29,TRUE,466,2026-07-01,790560,delayed
467,605,email,pending,2024-05-27,TRUE,467,2024-08-30,136800,in_progress
468,236,email,rejected,2024-05-21,FALSE,468,2025-11-28,800640,schedule
469,618,email,completed,2025-11-23,FALSE,469,2025-11-23,0,cancelled
470,182,email,approved,2024-03-17,TRUE,470,2024-04-26,57600,schedule
471,622,whatsapp,cancelled,2026-02-13,TRUE,471,2026-03-09,34560,pending
472,882,whatsapp,approved,2026-09-12,FALSE,472,2026-09-12,0,pending
473,132,phone,approved,2026-04-19,TRUE,473,2026-04-19,0,under_review
474,377,email,in_progress,2026-09-12,TRUE,474,2026-09-12,0,rejected
475,534,phone,completed,2024-01-01,FALSE,475,2025-10-10,933120,approved
476,431,phone,pending,2024-06-24,FALSE,476,2024-09-01,99360,approved
477,668,whatsapp,on_hold,2024-05-31,TRUE,477,2025-01-19,335520,approved
478,939,whatsapp,on_hold,2024-11-30,TRUE,478,2025-09-04,400320,on_hold
479,509,whatsapp,completed,2025-03-16,TRUE,479,2025-03-16,0,on_hold
480,781,whatsapp,pending,2026-05-28,FALSE,480,2026-06-07,14400,approved
481,246,whatsapp,rejected,2024-10-05,TRUE,481,2026-03-21,766080,approved
482,177,email,pending,2026-04-28,FALSE,482,2026-04-28,0,schedule
483,985,email,on_hold,2024-12-26,FALSE,483,2024-12-26,0,approved
484,859,phone,in_progress,2024-08-24,TRUE,484,2024-08-24,0,schedule
485,883,whatsapp,cancelled,2024-04-01,TRUE,485,2026-04-21,1080000,in_progress
486,874,email,pending,2025-12-04,FALSE,486,2025-12-04,0,schedule
487,332,email,completed,2026-07-07,TRUE,487,2026-07-07,0,approved
488,970,phone,on_hold,2025-02-06,FALSE,488,2026-08-20,806400,under_review
489,761,whatsapp,cancelled,2024-05-08,TRUE,489,2025-05-29,555840,schedule
490,213,whatsapp,approved,2026-04-20,TRUE,490,2026-04-20,0,schedule
491,963,whatsapp,pending,2025-06-26,FALSE,491,2025-06-26,0,in_progress
492,222,phone,approved,2026-09-12,TRUE,492,2026-09-12,0,under_review
493,13,phone,schedule,2026-09-12,FALSE,493,2026-09-12,0,rejected
494,148,whatsapp,rejected,2025-05-31,TRUE,494,2025-06-20,28800,under_review
495,774,whatsapp,pending,2026-06-30,TRUE,495,2026-06-30,0,rejected
496,524,phone,cancelled,2026-04-25,FALSE,496,2026-04-25,0,in_progress
497,850,whatsapp,on_hold,2025-02-20,FALSE,497,2026-01-27,491040,rejected
498,974,phone,under_review,2024-06-23,FALSE,498,2026-09-12,1167840,under_review
499,369,email,on_hold,2026-04-23,FALSE,499,2026-04-23,0,rejected
500,899,phone,completed,2026-01-23,FALSE,500,2026-01-23,0,cancelled
501,313,phone,completed,2026-03-22,TRUE,501,2026-03-22,0,pending
502,714,whatsapp,schedule,2024-12-30,TRUE,502,2025-08-08,318240,in_progress
503,281,whatsapp,rejected,2024-09-05,TRUE,503,2026-02-13,757440,schedule
504,837,email,on_hold,2026-04-18,TRUE,504,2026-04-18,0,on_hold
505,128,whatsapp,on_hold,2026-09-12,TRUE,505,2026-09-12,0,cancelled
506,67,whatsapp,pending,2026-01-03,TRUE,506,2026-01-03,0,rejected
507,346,whatsapp,under_review,2024-05-07,FALSE,507,2026-09-12,1235520,on_hold
508,312,phone,pending,2024-05-16,TRUE,508,2026-09-12,1222560,approved
509,417,phone,in_progress,2026-04-27,TRUE,509,2026-09-12,198720,on_hold
510,145,email,pending,2026-04-21,TRUE,510,2026-04-21,0,delayed
511,212,phone,completed,2025-08-16,TRUE,511,2025-08-16,0,rejected
512,249,whatsapp,pending,2024-05-17,FALSE,512,2026-01-30,897120,rejected
513,384,whatsapp,in_progress,2024-10-21,FALSE,513,2026-07-23,921600,delayed
514,547,phone,rejected,2025-04-19,TRUE,514,2025-09-30,236160,pending
515,212,email,pending,2026-02-27,TRUE,515,2026-02-27,0,schedule
516,973,whatsapp,completed,2025-06-08,TRUE,516,2026-09-09,659520,in_progress
517,429,email,in_progress,2026-09-02,FALSE,517,2026-09-02,0,on_hold
518,55,email,in_progress,2025-02-02,FALSE,518,2025-11-22,421920,approved
519,911,phone,pending,2025-04-02,TRUE,519,2025-06-03,89280,schedule
520,738,whatsapp,pending,2025-02-03,TRUE,520,2025-07-08,223200,approved
521,403,phone,pending,2025-09-13,FALSE,521,2026-04-03,290880,schedule
522,426,phone,approved,2025-01-10,FALSE,522,2025-12-08,478080,schedule
523,196,phone,pending,2026-06-17,TRUE,523,2026-06-17,0,approved
524,886,phone,completed,2024-12-12,TRUE,524,2026-01-14,573120,rejected
525,42,email,cancelled,2024-02-18,FALSE,525,2024-09-20,309600,on_hold
526,867,email,pending,2024-07-01,TRUE,526,2024-09-07,97920,approved
527,422,email,approved,2026-03-22,TRUE,527,2026-03-22,0,schedule
528,161,whatsapp,completed,2025-10-02,FALSE,528,2025-11-06,50400,cancelled
529,208,whatsapp,rejected,2024-04-20,TRUE,529,2026-06-15,1131840,cancelled
530,960,phone,pending,2025-10-30,FALSE,530,2026-03-20,203040,in_progress
531,780,phone,cancelled,2024-05-13,TRUE,531,2025-06-10,565920,under_review
532,6,phone,rejected,2025-10-17,FALSE,532,2026-07-09,381600,delayed
533,935,phone,on_hold,2026-02-09,TRUE,533,2026-02-09,0,approved
534,437,whatsapp,completed,2024-09-23,FALSE,534,2024-09-23,0,delayed
535,926,email,in_progress,2024-07-08,TRUE,535,2024-08-03,37440,rejected
536,933,email,on_hold,2025-08-22,FALSE,536,2026-09-12,555840,cancelled
537,541,email,pending,2025-06-29,FALSE,537,2025-06-29,0,approved
538,757,email,under_review,2026-01-29,TRUE,538,2026-09-12,325440,pending
539,14,email,approved,2025-05-26,FALSE,539,2025-10-11,198720,under_review
540,911,email,on_hold,2025-06-10,TRUE,540,2025-06-10,0,in_progress
541,186,whatsapp,rejected,2025-09-12,FALSE,541,2025-09-12,0,approved
542,651,email,cancelled,2026-08-02,FALSE,542,2026-08-31,41760,rejected
543,816,email,on_hold,2026-09-12,FALSE,543,2026-09-12,0,delayed
544,826,email,schedule,2026-08-03,FALSE,544,2026-08-03,0,rejected
545,908,whatsapp,approved,2024-12-05,FALSE,545,2026-03-12,665280,cancelled
546,149,whatsapp,approved,2025-03-07,FALSE,546,2026-09-12,797760,delayed
547,930,email,approved,2025-12-05,FALSE,547,2025-12-05,0,schedule
548,146,whatsapp,cancelled,2025-12-04,TRUE,548,2026-01-16,61920,rejected
549,402,email,under_review,2026-05-20,TRUE,549,2026-05-20,0,approved
550,628,email,cancelled,2024-04-03,FALSE,550,2026-09-12,1284480,pending
551,240,whatsapp,on_hold,2026-09-12,FALSE,551,2026-09-12,0,pending
552,76,whatsapp,approved,2026-09-12,TRUE,552,2026-09-12,0,in_progress
553,617,whatsapp,in_progress,2026-05-21,FALSE,553,2026-05-21,0,rejected
554,152,whatsapp,under_review,2026-09-12,TRUE,554,2026-09-12,0,under_review
555,207,email,schedule,2025-06-05,TRUE,555,2025-06-05,0,pending
556,370,phone,in_progress,2024-07-08,TRUE,556,2025-12-25,770400,under_review
557,211,whatsapp,cancelled,2025-05-11,FALSE,557,2025-05-11,0,pending
558,283,whatsapp,in_progress,2024-08-14,TRUE,558,2024-12-12,172800,rejected
559,427,phone,schedule,2025-05-06,FALSE,559,2025-05-06,0,rejected
560,3,email,under_review,2026-09-12,FALSE,560,2026-09-12,0,on_hold
561,152,email,in_progress,2024-12-13,FALSE,561,2024-12-13,0,cancelled
562,145,whatsapp,cancelled,2024-07-20,FALSE,562,2026-09-07,1121760,under_review
563,246,phone,cancelled,2026-06-29,FALSE,563,2026-06-29,0,rejected
564,76,whatsapp,cancelled,2025-09-15,TRUE,564,2026-06-22,403200,delayed
565,142,whatsapp,under_review,2025-11-14,TRUE,565,2025-11-14,0,rejected
566,445,whatsapp,under_review,2024-10-27,FALSE,566,2024-10-27,0,schedule
567,41,email,pending,2026-03-18,TRUE,567,2026-03-18,0,approved
568,26,whatsapp,on_hold,2026-09-12,FALSE,568,2026-09-12,0,on_hold
569,266,email,cancelled,2025-01-07,TRUE,569,2025-07-19,277920,schedule
570,73,phone,pending,2024-09-11,FALSE,570,2026-06-23,936000,in_progress
571,452,whatsapp,pending,2025-06-02,FALSE,571,2026-07-19,593280,rejected
572,39,phone,completed,2026-05-28,TRUE,572,2026-05-28,0,in_progress
573,110,email,schedule,2024-12-08,TRUE,573,2026-09-12,925920,under_review
574,275,whatsapp,completed,2025-04-25,FALSE,574,2025-04-25,0,under_review
575,105,whatsapp,under_review,2024-03-01,TRUE,575,2024-09-19,290880,delayed
576,194,phone,cancelled,2025-10-28,FALSE,576,2025-10-28,0,cancelled
577,44,whatsapp,cancelled,2025-02-20,FALSE,577,2025-04-23,89280,cancelled
578,76,email,under_review,2026-02-07,TRUE,578,2026-02-07,0,pending
579,793,whatsapp,approved,2025-09-28,FALSE,579,2025-09-28,0,rejected
580,414,email,schedule,2026-09-12,FALSE,580,2026-09-12,0,delayed
581,488,whatsapp,rejected,2024-02-27,FALSE,581,2024-11-19,383040,under_review
582,408,phone,completed,2025-06-03,FALSE,582,2025-06-03,0,cancelled
583,787,whatsapp,on_hold,2026-06-26,FALSE,583,2026-06-26,0,approved
584,111,email,pending,2025-01-12,FALSE,584,2025-10-17,400320,on_hold
585,588,whatsapp,completed,2026-07-14,FALSE,585,2026-07-14,0,rejected
586,916,email,under_review,2025-12-13,TRUE,586,2025-12-13,0,approved
587,746,whatsapp,pending,2026-09-12,FALSE,587,2026-09-12,0,under_review
588,554,email,rejected,2024-12-07,FALSE,588,2024-12-07,0,cancelled
589,11,email,pending,2026-05-16,TRUE,589,2026-05-16,0,on_hold
590,671,email,schedule,2026-09-12,TRUE,590,2026-09-12,0,approved
591,998,whatsapp,pending,2025-08-01,FALSE,591,2026-03-17,328320,pending
592,812,phone,rejected,2024-12-09,TRUE,592,2025-07-14,312480,schedule
593,841,phone,under_review,2026-08-31,TRUE,593,2026-08-31,0,cancelled
594,487,email,under_review,2024-01-08,FALSE,594,2026-01-01,1042560,schedule
595,910,phone,in_progress,2026-09-12,TRUE,595,2026-09-12,0,schedule
596,226,phone,on_hold,2024-09-13,FALSE,596,2026-04-10,826560,in_progress
597,207,whatsapp,schedule,2026-06-18,TRUE,597,2026-06-18,0,under_review
598,221,email,in_progress,2025-06-19,TRUE,598,2025-06-19,0,under_review
599,599,whatsapp,in_progress,2025-07-12,TRUE,599,2025-07-12,0,approved
600,936,phone,in_progress,2024-03-21,TRUE,600,2025-04-23,573120,rejected
601,539,phone,approved,2026-07-30,TRUE,601,2026-07-30,0,cancelled
602,151,email,completed,2025-04-17,FALSE,602,2025-08-02,154080,on_hold
603,42,phone,schedule,2026-09-12,TRUE,603,2026-09-12,0,approved
604,529,phone,completed,2024-09-18,FALSE,604,2024-09-18,0,in_progress
605,466,phone,schedule,2024-03-04,FALSE,605,2024-12-04,396000,in_progress
606,425,phone,approved,2025-09-11,TRUE,606,2025-09-11,0,approved
607,35,whatsapp,pending,2026-04-01,TRUE,607,2026-04-01,0,cancelled
608,670,email,on_hold,2025-01-13,TRUE,608,2025-12-06,470880,rejected
609,723,email,pending,2024-03-11,FALSE,609,2024-07-19,187200,cancelled
610,846,whatsapp,rejected,2024-09-08,TRUE,610,2025-10-18,583200,approved
611,180,whatsapp,on_hold,2026-06-03,FALSE,611,2026-06-03,0,in_progress
612,966,whatsapp,in_progress,2024-12-16,FALSE,612,2025-09-29,413280,cancelled
613,799,email,completed,2026-09-12,FALSE,613,2026-09-12,0,in_progress
614,802,whatsapp,pending,2025-10-14,TRUE,614,2025-10-14,0,pending
615,152,whatsapp,cancelled,2025-07-20,FALSE,615,2025-07-20,0,schedule
616,824,whatsapp,in_progress,2024-06-22,FALSE,616,2025-12-22,789120,rejected
617,910,email,on_hold,2025-07-17,FALSE,617,2026-09-12,607680,under_review
618,768,phone,rejected,2025-06-15,FALSE,618,2025-10-18,180000,on_hold
619,59,whatsapp,in_progress,2025-09-30,TRUE,619,2025-09-30,0,schedule
620,48,whatsapp,pending,2026-09-12,TRUE,620,2026-09-12,0,approved
621,511,email,cancelled,2024-10-30,FALSE,621,2026-09-12,982080,delayed
622,817,whatsapp,pending,2026-05-26,TRUE,622,2026-07-25,86400,under_review
623,829,email,pending,2026-03-16,FALSE,623,2026-05-20,93600,delayed
624,511,whatsapp,pending,2024-06-17,TRUE,624,2024-12-06,247680,on_hold
625,270,whatsapp,approved,2024-02-17,FALSE,625,2025-06-14,695520,on_hold
626,64,email,rejected,2025-06-14,TRUE,626,2026-09-12,655200,pending
627,129,phone,rejected,2024-04-06,TRUE,627,2025-06-21,635040,cancelled
628,155,email,pending,2026-05-28,TRUE,628,2026-05-28,0,approved
629,141,phone,pending,2025-02-20,TRUE,629,2025-02-20,0,in_progress
630,543,phone,approved,2026-09-12,FALSE,630,2026-09-12,0,approved
631,202,phone,cancelled,2024-06-17,FALSE,631,2024-06-25,11520,schedule
632,984,email,approved,2025-04-30,TRUE,632,2025-10-19,247680,pending
633,430,phone,under_review,2026-06-08,FALSE,633,2026-06-23,21600,under_review
634,478,email,pending,2026-09-12,FALSE,634,2026-09-12,0,under_review
635,353,whatsapp,in_progress,2025-04-18,FALSE,635,2025-04-18,0,under_review
636,741,email,rejected,2026-03-06,FALSE,636,2026-09-12,273600,under_review
637,96,phone,in_progress,2026-09-12,TRUE,637,2026-09-12,0,delayed
638,384,phone,on_hold,2025-08-20,FALSE,638,2025-08-20,0,delayed
639,210,email,under_review,2026-03-17,TRUE,639,2026-09-12,257760,schedule
640,201,whatsapp,on_hold,2025-12-18,TRUE,640,2026-01-13,37440,rejected
641,972,email,under_review,2026-03-13,FALSE,641,2026-09-12,263520,delayed
642,119,whatsapp,rejected,2026-09-12,FALSE,642,2026-09-12,0,approved
643,47,whatsapp,on_hold,2024-05-11,TRUE,643,2024-10-02,207360,approved
644,905,whatsapp,completed,2026-05-19,FALSE,644,2026-05-19,0,on_hold
645,610,whatsapp,schedule,2026-08-18,FALSE,645,2026-08-18,0,approved
646,582,email,pending,2024-03-02,FALSE,646,2024-03-02,0,pending
647,622,email,under_review,2026-05-20,TRUE,647,2026-09-12,165600,in_progress
648,822,whatsapp,on_hold,2026-08-22,FALSE,648,2026-08-22,0,on_hold
649,312,whatsapp,approved,2025-06-21,TRUE,649,2026-04-13,426240,under_review
650,487,phone,completed,2025-04-26,TRUE,650,2025-04-26,0,in_progress
651,989,phone,completed,2025-04-25,FALSE,651,2026-09-12,727200,cancelled
652,603,whatsapp,pending,2025-07-20,FALSE,652,2025-07-20,0,approved
653,72,whatsapp,approved,2026-06-25,TRUE,653,2026-06-25,0,schedule
654,32,email,pending,2025-11-07,TRUE,654,2026-03-19,190080,rejected
655,949,whatsapp,completed,2025-06-24,FALSE,655,2026-03-16,381600,under_review
656,902,whatsapp,pending,2025-06-07,TRUE,656,2026-09-12,665280,schedule
657,849,email,rejected,2026-02-26,TRUE,657,2026-04-18,73440,approved
658,561,phone,rejected,2025-04-25,FALSE,658,2025-04-25,0,approved
659,742,whatsapp,cancelled,2026-06-01,TRUE,659,2026-06-01,0,rejected
660,107,phone,cancelled,2024-01-15,TRUE,660,2025-09-21,885600,cancelled
661,407,phone,pending,2024-05-23,FALSE,661,2026-09-12,1212480,rejected
662,869,email,on_hold,2026-03-29,FALSE,662,2026-03-29,0,delayed
663,517,phone,under_review,2025-11-08,TRUE,663,2025-11-08,0,under_review
664,154,whatsapp,cancelled,2026-06-14,FALSE,664,2026-06-14,0,under_review
665,976,phone,pending,2026-09-12,FALSE,665,2026-09-12,0,in_progress
666,515,phone,on_hold,2026-08-10,TRUE,666,2026-08-10,0,approved
667,228,email,rejected,2025-11-02,FALSE,667,2025-11-28,37440,cancelled
668,724,email,completed,2025-06-29,FALSE,668,2025-09-04,96480,cancelled
669,40,whatsapp,on_hold,2024-11-20,FALSE,669,2024-11-20,0,rejected
670,390,whatsapp,completed,2025-07-14,FALSE,670,2026-09-12,612000,schedule
671,341,whatsapp,on_hold,2024-01-09,TRUE,671,2024-05-02,164160,approved
672,613,whatsapp,on_hold,2026-01-04,TRUE,672,2026-01-04,0,pending
673,703,whatsapp,schedule,2026-01-28,FALSE,673,2026-05-26,169920,pending
674,975,phone,completed,2025-08-30,FALSE,674,2026-03-29,303840,approved
675,35,whatsapp,on_hold,2025-02-12,FALSE,675,2026-02-09,521280,in_progress
676,528,email,in_progress,2025-10-14,TRUE,676,2026-09-12,479520,schedule
677,705,whatsapp,approved,2026-06-20,TRUE,677,2026-06-20,0,rejected
678,536,email,completed,2025-05-31,FALSE,678,2025-05-31,0,in_progress
679,754,whatsapp,approved,2026-08-04,TRUE,679,2026-08-04,0,delayed
680,94,email,cancelled,2024-11-14,FALSE,680,2025-02-25,148320,on_hold
681,957,email,under_review,2025-07-01,FALSE,681,2025-07-01,0,under_review
682,400,email,completed,2024-12-30,FALSE,682,2024-12-30,0,delayed
683,96,phone,under_review,2026-07-17,FALSE,683,2026-07-17,0,pending
684,346,whatsapp,in_progress,2024-08-01,TRUE,684,2025-10-30,655200,pending
685,326,email,schedule,2026-09-12,FALSE,685,2026-09-12,0,approved
686,474,whatsapp,pending,2026-01-25,TRUE,686,2026-09-02,316800,approved
687,255,email,in_progress,2026-07-28,FALSE,687,2026-07-28,0,pending
688,454,phone,pending,2025-06-09,TRUE,688,2025-08-10,89280,approved
689,161,whatsapp,approved,2025-02-10,TRUE,689,2026-08-28,812160,schedule
690,550,whatsapp,cancelled,2024-02-24,FALSE,690,2026-02-28,1058400,in_progress
691,534,phone,cancelled,2024-11-07,FALSE,691,2026-02-25,684000,rejected
692,725,whatsapp,pending,2024-10-07,FALSE,692,2024-12-18,103680,on_hold
693,817,phone,approved,2026-05-12,FALSE,693,2026-05-12,0,on_hold
694,867,email,rejected,2025-02-02,TRUE,694,2025-02-02,0,cancelled
695,644,phone,pending,2025-07-14,TRUE,695,2026-07-03,509760,delayed
696,435,email,approved,2024-06-15,TRUE,696,2024-10-18,180000,rejected
697,910,phone,approved,2025-07-11,TRUE,697,2025-11-08,172800,pending
698,844,whatsapp,approved,2025-09-19,TRUE,698,2025-09-19,0,on_hold
699,951,phone,completed,2025-03-19,FALSE,699,2025-03-19,0,schedule
700,212,whatsapp,rejected,2024-05-15,FALSE,700,2024-05-15,0,cancelled
701,119,whatsapp,on_hold,2024-07-25,FALSE,701,2024-07-31,8640,approved
702,519,phone,in_progress,2024-09-23,TRUE,702,2024-09-23,0,cancelled
703,317,whatsapp,pending,2024-08-11,TRUE,703,2024-09-28,69120,on_hold
704,702,whatsapp,pending,2025-03-04,FALSE,704,2026-08-31,784800,pending
705,794,phone,completed,2024-05-28,FALSE,705,2024-12-18,293760,on_hold
706,774,email,in_progress,2024-01-10,FALSE,706,2025-06-28,770400,approved
707,46,phone,schedule,2026-03-24,TRUE,707,2026-03-24,0,under_review
708,336,email,approved,2026-09-12,TRUE,708,2026-09-12,0,cancelled
709,896,email,completed,2025-02-09,TRUE,709,2026-03-29,594720,rejected
710,255,phone,schedule,2024-11-23,FALSE,710,2026-09-04,936000,delayed
711,806,whatsapp,completed,2025-03-04,FALSE,711,2026-09-12,802080,in_progress
712,91,whatsapp,under_review,2024-09-23,TRUE,712,2024-09-23,0,approved
713,374,whatsapp,pending,2026-02-21,FALSE,713,2026-02-21,0,under_review
714,417,email,completed,2024-01-25,FALSE,714,2026-04-01,1147680,approved
715,901,phone,cancelled,2024-04-03,FALSE,715,2026-09-12,1284480,pending
716,294,phone,pending,2025-05-06,TRUE,716,2025-05-06,0,cancelled
717,660,email,on_hold,2026-02-22,FALSE,717,2026-02-22,0,under_review
718,402,email,on_hold,2026-05-03,TRUE,718,2026-05-03,0,approved
719,180,email,under_review,2025-11-27,FALSE,719,2025-11-27,0,pending
720,119,whatsapp,completed,2025-03-17,FALSE,720,2026-04-18,571680,on_hold
721,585,whatsapp,rejected,2024-01-19,FALSE,721,2024-11-21,442080,rejected
722,200,whatsapp,in_progress,2026-01-12,TRUE,722,2026-03-03,72000,under_review
723,321,email,completed,2024-05-18,TRUE,723,2026-09-12,1219680,schedule
724,19,email,on_hold,2026-05-15,TRUE,724,2026-05-15,0,pending
725,227,whatsapp,schedule,2026-09-12,FALSE,725,2026-09-12,0,cancelled
726,871,phone,completed,2025-09-01,TRUE,726,2025-09-01,0,delayed
727,416,email,rejected,2025-04-20,TRUE,727,2025-06-08,70560,cancelled
728,900,email,approved,2026-09-12,FALSE,728,2026-09-12,0,cancelled
729,682,whatsapp,pending,2026-02-08,FALSE,729,2026-02-08,0,in_progress
730,449,email,approved,2024-03-19,FALSE,730,2026-09-12,1306080,approved
731,894,whatsapp,pending,2026-07-15,TRUE,731,2026-07-15,0,on_hold
732,703,phone,completed,2026-09-12,FALSE,732,2026-09-12,0,delayed
733,26,phone,completed,2025-01-05,FALSE,733,2025-01-05,0,in_progress
734,586,email,pending,2024-01-18,TRUE,734,2024-12-18,482400,in_progress
735,707,whatsapp,under_review,2026-05-06,FALSE,735,2026-05-06,0,on_hold
736,768,whatsapp,pending,2026-07-23,TRUE,736,2026-07-23,0,in_progress
737,321,whatsapp,pending,2025-11-01,FALSE,737,2025-11-01,0,on_hold
738,143,phone,approved,2025-03-12,TRUE,738,2025-06-05,122400,approved
739,237,whatsapp,completed,2024-11-20,FALSE,739,2026-09-12,951840,under_review
740,33,whatsapp,rejected,2025-02-08,FALSE,740,2025-03-03,33120,approved
741,827,phone,approved,2026-04-02,FALSE,741,2026-04-02,0,on_hold
742,213,phone,schedule,2026-03-02,FALSE,742,2026-03-02,0,under_review
743,59,whatsapp,on_hold,2024-01-16,TRUE,743,2025-04-27,672480,under_review
744,192,whatsapp,cancelled,2026-06-14,TRUE,744,2026-09-12,129600,under_review
745,564,email,under_review,2026-05-05,FALSE,745,2026-05-05,0,delayed
746,443,email,pending,2025-05-29,TRUE,746,2025-05-29,0,approved
747,487,whatsapp,on_hold,2024-06-26,TRUE,747,2024-06-26,0,cancelled
748,405,phone,pending,2026-03-15,FALSE,748,2026-09-12,260640,in_progress
749,798,whatsapp,in_progress,2024-06-04,FALSE,749,2026-05-20,1029600,in_progress
750,772,whatsapp,schedule,2025-01-01,FALSE,750,2025-01-07,8640,under_review
751,890,email,rejected,2026-07-09,FALSE,751,2026-07-09,0,on_hold
752,805,email,pending,2026-04-21,TRUE,752,2026-04-21,0,under_review
753,728,email,schedule,2024-09-29,TRUE,753,2026-04-04,794880,schedule
754,11,email,in_progress,2024-08-25,FALSE,754,2026-05-18,908640,approved
755,789,phone,pending,2024-10-08,TRUE,755,2025-10-18,540000,on_hold
756,169,email,in_progress,2024-09-10,FALSE,756,2024-09-10,0,delayed
757,544,phone,schedule,2024-01-03,FALSE,757,2026-08-06,1362240,under_review
758,371,phone,completed,2025-12-14,TRUE,758,2026-07-31,329760,rejected
759,249,phone,pending,2025-02-01,FALSE,759,2025-10-12,364320,on_hold
760,467,email,approved,2024-09-29,FALSE,760,2024-09-29,0,approved
761,500,whatsapp,schedule,2024-02-17,FALSE,761,2026-09-12,1350720,in_progress
762,485,email,under_review,2026-02-28,TRUE,762,2026-02-28,0,schedule
763,80,email,pending,2024-07-30,TRUE,763,2026-07-21,1038240,on_hold
764,548,email,schedule,2026-09-12,FALSE,764,2026-09-12,0,schedule
765,554,phone,cancelled,2025-11-19,TRUE,765,2025-11-19,0,under_review
766,170,phone,cancelled,2025-06-23,TRUE,766,2025-06-23,0,on_hold
767,475,phone,pending,2025-12-18,TRUE,767,2026-08-15,345600,on_hold
768,2,whatsapp,rejected,2026-03-01,FALSE,768,2026-03-01,0,on_hold
769,293,email,completed,2025-01-15,TRUE,769,2026-05-27,715680,rejected
770,243,phone,approved,2026-06-16,FALSE,770,2026-06-16,0,rejected
771,388,email,in_progress,2025-10-02,FALSE,771,2025-10-02,0,pending
772,107,phone,rejected,2026-03-26,TRUE,772,2026-09-12,244800,on_hold
773,124,email,under_review,2026-05-01,FALSE,773,2026-05-01,0,under_review
774,322,email,cancelled,2024-05-22,TRUE,774,2026-01-28,887040,delayed
775,542,whatsapp,completed,2025-11-30,TRUE,775,2025-11-30,0,delayed
776,795,phone,approved,2025-04-17,FALSE,776,2025-04-17,0,rejected
777,21,email,on_hold,2026-03-02,TRUE,777,2026-03-02,0,pending
778,706,phone,in_progress,2026-06-15,TRUE,778,2026-06-15,0,approved
779,507,whatsapp,approved,2024-05-10,FALSE,779,2026-01-13,882720,approved
780,613,whatsapp,pending,2024-05-01,TRUE,780,2026-09-06,1235520,on_hold
781,401,email,on_hold,2024-07-19,FALSE,781,2024-07-19,0,under_review
782,999,phone,pending,2024-09-17,FALSE,782,2026-02-11,737280,pending
783,486,whatsapp,in_progress,2024-11-26,TRUE,783,2025-06-25,303840,rejected
784,829,whatsapp,in_progress,2024-08-15,TRUE,784,2025-05-23,404640,schedule
785,800,email,pending,2024-10-22,TRUE,785,2025-10-16,516960,delayed
786,759,email,rejected,2024-03-09,TRUE,786,2024-03-09,0,cancelled
787,627,whatsapp,on_hold,2024-09-01,FALSE,787,2024-09-01,0,delayed
788,546,whatsapp,completed,2025-08-16,FALSE,788,2025-08-16,0,in_progress
789,82,whatsapp,under_review,2025-01-18,TRUE,789,2025-01-18,0,pending
790,776,email,in_progress,2025-10-27,FALSE,790,2025-10-27,0,in_progress
791,554,whatsapp,on_hold,2026-01-08,FALSE,791,2026-01-08,0,in_progress
792,433,whatsapp,cancelled,2024-06-04,TRUE,792,2026-01-28,868320,cancelled
793,87,email,on_hold,2024-02-11,FALSE,793,2026-03-24,1111680,schedule
794,238,email,pending,2025-08-19,FALSE,794,2025-08-19,0,approved
795,413,email,completed,2025-11-25,TRUE,795,2025-11-25,0,on_hold
796,200,whatsapp,completed,2025-05-25,FALSE,796,2026-09-12,684000,approved
797,758,whatsapp,under_review,2026-08-13,TRUE,797,2026-08-25,17280,schedule
798,8,email,approved,2024-07-04,TRUE,798,2025-01-19,286560,schedule
799,825,phone,in_progress,2024-11-23,FALSE,799,2024-11-23,0,approved
800,346,email,under_review,2025-12-07,FALSE,800,2026-01-17,59040,under_review
801,920,email,cancelled,2025-02-03,TRUE,801,2025-02-09,8640,delayed
802,415,email,approved,2026-02-06,TRUE,802,2026-02-06,0,rejected
803,133,whatsapp,on_hold,2025-03-05,TRUE,803,2025-03-05,0,on_hold
804,564,whatsapp,completed,2026-03-14,TRUE,804,2026-03-14,0,schedule
805,647,email,cancelled,2025-06-01,TRUE,805,2025-07-22,73440,in_progress
806,324,phone,on_hold,2026-06-05,FALSE,806,2026-09-12,142560,under_review
807,613,phone,completed,2026-09-12,TRUE,807,2026-09-12,0,under_review
808,306,whatsapp,completed,2025-07-20,FALSE,808,2025-07-20,0,rejected
809,235,phone,rejected,2025-05-29,TRUE,809,2025-07-06,54720,pending
810,492,phone,cancelled,2024-09-05,TRUE,810,2024-09-05,0,approved
811,316,email,cancelled,2024-02-26,FALSE,811,2025-10-23,871200,in_progress
812,226,whatsapp,in_progress,2026-09-12,TRUE,812,2026-09-12,0,on_hold
813,19,whatsapp,schedule,2025-07-09,TRUE,813,2025-07-09,0,in_progress
814,529,email,under_review,2026-09-12,TRUE,814,2026-09-12,0,approved
815,546,phone,under_review,2025-05-03,TRUE,815,2025-05-03,0,schedule
816,836,email,on_hold,2025-02-13,FALSE,816,2025-07-09,210240,approved
817,53,email,pending,2026-05-08,FALSE,817,2026-05-08,0,pending
818,603,whatsapp,cancelled,2025-02-18,FALSE,818,2025-08-04,240480,cancelled
819,183,whatsapp,pending,2025-03-17,FALSE,819,2025-03-17,0,on_hold
820,523,email,completed,2024-03-12,TRUE,820,2024-06-18,141120,in_progress
821,27,whatsapp,pending,2025-05-16,FALSE,821,2025-05-16,0,rejected
822,453,whatsapp,schedule,2025-04-07,TRUE,822,2025-04-07,0,approved
823,765,phone,under_review,2025-12-05,TRUE,823,2026-09-12,404640,schedule
824,916,phone,cancelled,2026-04-14,FALSE,824,2026-05-04,28800,cancelled
825,290,whatsapp,approved,2024-11-08,FALSE,825,2025-02-18,146880,schedule
826,67,email,in_progress,2026-01-28,TRUE,826,2026-01-28,0,schedule
827,599,whatsapp,under_review,2025-04-11,FALSE,827,2025-04-11,0,on_hold
828,679,phone,approved,2026-09-12,TRUE,828,2026-09-12,0,on_hold
829,478,whatsapp,completed,2025-09-20,TRUE,829,2025-09-20,0,pending
830,961,whatsapp,approved,2025-05-06,FALSE,830,2026-08-08,660960,on_hold
831,409,email,schedule,2025-12-31,TRUE,831,2025-12-31,0,approved
832,701,phone,under_review,2025-04-02,FALSE,832,2025-04-02,0,rejected
833,524,whatsapp,on_hold,2024-11-11,TRUE,833,2026-03-24,717120,delayed
834,544,phone,under_review,2025-05-17,TRUE,834,2025-05-17,0,delayed
835,413,whatsapp,approved,2026-09-12,TRUE,835,2026-09-12,0,cancelled
836,201,phone,completed,2025-06-11,TRUE,836,2025-06-11,0,pending
837,484,whatsapp,schedule,2026-06-15,TRUE,837,2026-06-15,0,pending
838,626,phone,under_review,2025-12-09,TRUE,838,2025-12-09,0,under_review
839,336,whatsapp,under_review,2025-11-06,FALSE,839,2026-02-20,152640,schedule
840,259,phone,on_hold,2024-04-07,TRUE,840,2024-04-07,0,under_review
841,306,whatsapp,pending,2026-09-12,FALSE,841,2026-09-12,0,under_review
842,700,email,on_hold,2025-11-12,TRUE,842,2025-11-12,0,delayed
843,554,whatsapp,schedule,2024-08-28,TRUE,843,2024-11-14,112320,rejected
844,816,email,pending,2024-09-20,TRUE,844,2024-09-20,0,on_hold
845,688,email,pending,2024-10-19,FALSE,845,2026-04-22,792000,schedule
846,655,whatsapp,schedule,2024-02-02,FALSE,846,2024-06-22,203040,under_review
847,251,phone,on_hold,2025-01-25,TRUE,847,2025-05-03,141120,rejected
848,630,whatsapp,approved,2025-09-02,TRUE,848,2026-09-12,540000,schedule
849,258,email,approved,2024-02-15,FALSE,849,2024-06-16,175680,under_review
850,567,phone,approved,2024-02-11,FALSE,850,2026-01-20,1020960,approved
851,334,whatsapp,on_hold,2026-02-13,TRUE,851,2026-02-13,0,pending
852,706,whatsapp,completed,2025-05-11,TRUE,852,2025-05-11,0,in_progress
853,107,whatsapp,under_review,2026-08-31,TRUE,853,2026-08-31,0,delayed
854,384,email,on_hold,2024-04-02,FALSE,854,2025-05-03,570240,delayed
855,579,phone,pending,2026-05-27,FALSE,855,2026-05-27,0,pending
856,987,email,schedule,2024-11-03,TRUE,856,2024-12-05,46080,on_hold
857,912,phone,pending,2025-05-27,FALSE,857,2025-05-27,0,schedule
858,196,email,completed,2025-12-15,FALSE,858,2026-07-05,290880,cancelled
859,637,whatsapp,pending,2024-10-27,FALSE,859,2025-01-12,110880,approved
860,20,whatsapp,approved,2025-06-20,TRUE,860,2025-06-20,0,pending
861,251,phone,in_progress,2026-09-12,FALSE,861,2026-09-12,0,approved
862,148,email,in_progress,2024-03-24,FALSE,862,2026-03-26,1054080,schedule
863,650,whatsapp,rejected,2025-02-01,FALSE,863,2025-02-01,0,pending
864,157,whatsapp,cancelled,2025-02-15,TRUE,864,2025-08-05,246240,in_progress
865,399,whatsapp,completed,2024-07-13,FALSE,865,2024-07-13,0,rejected
866,731,email,on_hold,2026-04-20,TRUE,866,2026-04-20,0,approved
867,298,phone,rejected,2026-09-12,FALSE,867,2026-09-12,0,approved
868,384,phone,cancelled,2026-05-19,FALSE,868,2026-09-12,167040,on_hold
869,476,whatsapp,in_progress,2024-01-18,TRUE,869,2026-09-12,1393920,approved
870,799,email,rejected,2026-08-05,TRUE,870,2026-08-05,0,pending
871,398,whatsapp,schedule,2025-02-04,TRUE,871,2025-03-07,44640,in_progress
872,154,email,rejected,2026-03-30,FALSE,872,2026-03-30,0,delayed
873,711,email,completed,2026-04-08,FALSE,873,2026-05-05,38880,on_hold
874,976,whatsapp,cancelled,2024-02-05,FALSE,874,2025-10-28,908640,in_progress
875,665,email,cancelled,2024-10-09,FALSE,875,2024-10-09,0,rejected
876,364,email,schedule,2025-02-12,TRUE,876,2026-05-08,648000,delayed
877,686,email,cancelled,2025-04-05,FALSE,877,2025-04-05,0,rejected
878,514,email,on_hold,2026-09-11,TRUE,878,2026-09-11,0,in_progress
879,673,email,on_hold,2026-09-12,FALSE,879,2026-09-12,0,under_review
880,311,phone,under_review,2024-02-22,TRUE,880,2026-05-26,1186560,on_hold
881,638,phone,pending,2025-11-23,FALSE,881,2025-11-23,0,pending
882,943,phone,cancelled,2025-01-02,FALSE,882,2026-08-18,853920,on_hold
883,537,phone,cancelled,2025-07-25,FALSE,883,2025-07-25,0,schedule
884,178,whatsapp,on_hold,2025-10-13,FALSE,884,2026-09-12,480960,approved
885,903,phone,in_progress,2026-09-12,FALSE,885,2026-09-12,0,in_progress
886,664,email,completed,2026-03-05,FALSE,886,2026-03-05,0,delayed
887,570,email,cancelled,2026-01-21,TRUE,887,2026-01-21,0,delayed
888,381,whatsapp,approved,2024-06-08,TRUE,888,2024-10-17,188640,schedule
889,79,email,schedule,2026-02-08,TRUE,889,2026-02-08,0,on_hold
890,182,whatsapp,on_hold,2026-05-23,TRUE,890,2026-05-23,0,cancelled
891,102,whatsapp,cancelled,2024-04-09,FALSE,891,2026-06-05,1133280,under_review
892,873,phone,pending,2025-07-31,FALSE,892,2025-07-31,0,rejected
893,6,email,under_review,2026-08-20,FALSE,893,2026-08-20,0,pending
894,669,whatsapp,schedule,2025-10-30,FALSE,894,2025-10-30,0,rejected
895,927,whatsapp,on_hold,2024-01-05,TRUE,895,2026-09-12,1412640,pending
896,966,email,on_hold,2025-12-23,FALSE,896,2025-12-23,0,on_hold
897,235,whatsapp,completed,2025-07-21,TRUE,897,2026-03-21,349920,in_progress
898,23,phone,completed,2024-10-23,TRUE,898,2026-07-25,921600,pending
899,97,whatsapp,in_progress,2025-01-21,FALSE,899,2026-03-28,620640,under_review
900,744,whatsapp,pending,2024-05-22,FALSE,900,2024-07-22,87840,approved
901,399,whatsapp,under_review,2026-05-18,FALSE,901,2026-05-18,0,rejected
902,162,whatsapp,rejected,2024-06-04,TRUE,902,2025-09-29,694080,under_review
903,932,phone,rejected,2026-07-09,TRUE,903,2026-07-09,0,pending
904,789,whatsapp,approved,2025-12-23,TRUE,904,2025-12-23,0,schedule
905,681,email,pending,2026-02-04,TRUE,905,2026-02-04,0,delayed
906,327,phone,rejected,2026-09-12,TRUE,906,2026-09-12,0,approved
907,411,whatsapp,cancelled,2026-06-09,FALSE,907,2026-06-09,0,pending
908,570,whatsapp,cancelled,2025-10-28,FALSE,908,2025-10-28,0,approved
909,829,phone,rejected,2025-12-02,FALSE,909,2025-12-02,0,on_hold
910,820,phone,pending,2024-02-23,TRUE,910,2025-01-04,455040,schedule
911,933,whatsapp,pending,2024-02-06,TRUE,911,2024-07-14,228960,approved
912,537,phone,completed,2024-10-03,FALSE,912,2025-06-30,388800,rejected
913,670,email,approved,2025-03-14,FALSE,913,2026-01-10,434880,rejected
914,302,whatsapp,pending,2026-05-23,FALSE,914,2026-05-23,0,on_hold
915,706,whatsapp,under_review,2026-02-04,TRUE,915,2026-02-04,0,schedule
916,363,whatsapp,cancelled,2024-11-09,TRUE,916,2026-09-12,967680,cancelled
917,244,whatsapp,on_hold,2026-03-03,FALSE,917,2026-03-03,0,rejected
918,221,email,under_review,2025-06-15,TRUE,918,2025-06-15,0,rejected
919,851,email,in_progress,2025-07-10,FALSE,919,2025-07-10,0,pending
920,368,phone,approved,2025-07-11,TRUE,920,2025-07-11,0,rejected
921,549,phone,pending,2026-09-12,FALSE,921,2026-09-12,0,in_progress
922,501,phone,rejected,2024-04-13,TRUE,922,2024-05-03,28800,approved
923,154,email,rejected,2025-03-31,TRUE,923,2025-08-11,191520,in_progress
924,704,email,rejected,2025-04-16,TRUE,924,2026-07-30,676800,delayed
925,339,whatsapp,in_progress,2026-09-12,FALSE,925,2026-09-12,0,approved
926,675,whatsapp,in_progress,2025-04-13,TRUE,926,2025-08-14,177120,approved
927,356,phone,schedule,2025-11-14,FALSE,927,2025-11-14,0,delayed
928,399,email,in_progress,2024-12-05,FALSE,928,2026-01-02,565920,pending
929,597,whatsapp,approved,2024-04-28,TRUE,929,2026-05-06,1062720,approved
930,199,phone,cancelled,2025-07-09,TRUE,930,2026-02-25,332640,approved
931,954,phone,in_progress,2024-01-31,FALSE,931,2025-08-03,792000,schedule
932,660,email,cancelled,2024-05-23,FALSE,932,2026-01-06,853920,on_hold
933,749,whatsapp,approved,2026-03-27,TRUE,933,2026-03-27,0,in_progress
934,781,phone,pending,2025-02-25,FALSE,934,2026-04-06,583200,delayed
935,144,whatsapp,cancelled,2025-05-01,FALSE,935,2025-05-01,0,pending
936,276,whatsapp,on_hold,2024-07-12,FALSE,936,2025-02-16,315360,delayed
937,573,whatsapp,pending,2026-09-12,FALSE,937,2026-09-12,0,under_review
938,796,whatsapp,cancelled,2025-11-04,TRUE,938,2025-11-04,0,under_review
939,144,whatsapp,pending,2025-04-08,TRUE,939,2025-04-08,0,approved
940,406,email,on_hold,2025-10-30,TRUE,940,2025-10-30,0,approved
941,550,whatsapp,approved,2024-11-24,FALSE,941,2026-09-12,946080,pending
942,458,email,schedule,2024-08-08,TRUE,942,2026-05-17,931680,on_hold
943,148,whatsapp,approved,2026-05-28,FALSE,943,2026-05-28,0,approved
944,408,whatsapp,schedule,2026-09-12,TRUE,944,2026-09-12,0,pending
945,994,email,schedule,2024-11-22,TRUE,945,2024-11-22,0,approved
946,288,phone,pending,2025-12-07,TRUE,946,2025-12-07,0,approved
947,992,email,pending,2025-08-20,FALSE,947,2026-01-04,197280,rejected
948,179,whatsapp,on_hold,2026-09-12,TRUE,948,2026-09-12,0,approved
949,861,phone,on_hold,2026-06-10,TRUE,949,2026-06-10,0,on_hold
950,518,whatsapp,pending,2026-09-12,TRUE,950,2026-09-12,0,rejected
951,982,whatsapp,schedule,2026-03-28,TRUE,951,2026-03-28,0,cancelled
952,811,email,rejected,2025-10-14,TRUE,952,2025-12-20,96480,approved
953,932,phone,in_progress,2025-07-19,FALSE,953,2025-07-19,0,cancelled
954,327,email,pending,2025-09-10,FALSE,954,2025-09-10,0,rejected
955,616,email,schedule,2026-04-27,TRUE,955,2026-04-27,0,approved
956,56,whatsapp,in_progress,2024-05-19,TRUE,956,2024-09-29,191520,approved
957,170,whatsapp,completed,2024-03-02,TRUE,957,2026-09-12,1330560,under_review
958,328,phone,on_hold,2026-04-11,TRUE,958,2026-04-11,0,approved
959,462,whatsapp,on_hold,2025-04-30,TRUE,959,2025-04-30,0,approved
960,475,email,in_progress,2025-02-27,TRUE,960,2025-03-22,33120,cancelled
961,657,phone,rejected,2024-10-14,TRUE,961,2025-01-24,146880,rejected
962,927,phone,rejected,2025-02-11,FALSE,962,2025-02-11,0,approved
963,94,whatsapp,pending,2025-10-02,FALSE,963,2025-10-02,0,on_hold
964,552,phone,approved,2026-07-17,FALSE,964,2026-09-12,82080,approved
965,664,phone,pending,2025-06-22,TRUE,965,2026-07-05,544320,delayed
966,159,phone,completed,2026-09-12,TRUE,966,2026-09-12,0,rejected
967,207,phone,on_hold,2025-09-05,FALSE,967,2026-01-11,184320,delayed
968,713,phone,on_hold,2026-05-08,TRUE,968,2026-05-08,0,on_hold
969,145,whatsapp,in_progress,2024-07-07,TRUE,969,2024-07-07,0,schedule
970,869,phone,approved,2026-02-25,TRUE,970,2026-02-25,0,delayed
971,346,whatsapp,cancelled,2024-09-10,FALSE,971,2024-10-28,69120,rejected
972,329,email,rejected,2025-07-26,FALSE,972,2026-05-16,423360,schedule
973,19,whatsapp,under_review,2026-06-01,FALSE,973,2026-08-25,122400,delayed
974,82,whatsapp,in_progress,2025-12-13,FALSE,974,2025-12-13,0,schedule
975,25,whatsapp,pending,2024-05-26,FALSE,975,2025-01-11,331200,rejected
976,326,phone,cancelled,2025-11-30,TRUE,976,2025-11-30,0,approved
977,897,phone,approved,2025-02-03,FALSE,977,2025-02-03,0,rejected
978,139,email,completed,2024-07-30,FALSE,978,2024-07-30,0,delayed
979,601,whatsapp,approved,2024-09-09,TRUE,979,2025-05-18,361440,rejected
980,268,whatsapp,schedule,2024-11-26,TRUE,980,2026-09-12,943200,delayed
981,134,phone,approved,2025-05-14,TRUE,981,2026-03-27,456480,in_progress
982,634,email,pending,2025-02-18,TRUE,982,2025-02-18,0,delayed
983,895,email,on_hold,2026-03-17,FALSE,983,2026-03-17,0,schedule
984,758,phone,rejected,2026-05-01,TRUE,984,2026-09-12,192960,schedule
985,249,phone,approved,2026-02-27,FALSE,985,2026-06-01,135360,delayed
986,48,whatsapp,under_review,2026-05-19,TRUE,986,2026-05-19,0,delayed
987,219,email,on_hold,2024-05-23,TRUE,987,2025-02-12,381600,schedule
988,387,phone,pending,2025-03-17,FALSE,988,2025-03-17,0,in_progress
989,565,email,completed,2025-05-06,TRUE,989,2026-08-04,655200,schedule
990,139,whatsapp,cancelled,2026-01-13,TRUE,990,2026-01-13,0,schedule
991,377,whatsapp,under_review,2025-01-17,FALSE,991,2025-01-17,0,approved
992,514,whatsapp,rejected,2025-04-15,TRUE,992,2026-09-12,741600,cancelled
993,382,whatsapp,pending,2024-01-29,FALSE,993,2024-08-07,275040,approved
994,757,email,cancelled,2025-04-22,TRUE,994,2025-04-22,0,in_progress
995,482,email,pending,2025-02-03,FALSE,995,2026-09-12,843840,under_review
996,472,email,pending,2024-06-09,FALSE,996,2024-06-09,0,on_hold
997,159,email,in_progress,2026-09-12,FALSE,997,2026-09-12,0,on_hold
998,342,email,rejected,2026-01-04,FALSE,998,2026-01-04,0,under_review
999,591,email,pending,2024-10-04,TRUE,999,2024-10-04,0,cancelled
1000,728,email,pending,2024-05-06,FALSE,1000,2024-05-06,0,approved
