invoice_id,client_id,matter_id,invoice_type,issued_at,due_date,amount,status
1,228,478,translation_service,2019-07-20,2019-07-20,6992.94,not_processed
2,541,118,consultation_fee,2024-03-27,2024-03-27,3556.64,not_processed
3,487,703,urgent_service,2026-04-17,2026-04-17,190562.17,not_processed
4,889,380,process_fee,2025-06-24,2025-06-24,118495.27,not_processed
5,291,158,court_filing_fee,2026-07-28,2026-07-28,81378.06,paid
6,755,950,other_service,2022-10-11,2022-10-11,46496.17,not_processed
7,673,653,document_preparation,2022-02-23,2022-02-23,202310.43,not_processed
8,185,169,translation_service,2021-03-09,2021-03-09,175300.02,unpaid
9,818,68,translation_service,2025-07-16,2026-11-21,175967.95,failed
10,993,288,urgent_service,2024-01-17,2026-10-27,212060.73,unpaid
11,39,378,consultation_fee,2020-09-29,2022-05-29,82055.53,failed
12,294,886,document_preparation,2023-09-05,2023-09-05,38739.94,unpaid
13,145,984,other_service,2024-04-24,2024-04-24,79694.97,failed
14,707,284,process_fee,2022-08-26,2023-12-09,145774.79,unpaid
15,478,145,process_fee,2019-11-19,2019-11-19,245032.57,unpaid
16,844,807,other_service,2020-07-11,2022-07-22,52324.29,failed
17,41,490,other_service,2024-01-23,2025-07-30,18257.72,failed
18,554,151,court_filing_fee,2024-03-25,2024-03-25,132674.01,not_processed
19,243,353,consultation_fee,2026-07-21,2026-07-21,55256.43,unpaid
20,306,610,document_preparation,2021-01-15,2025-03-13,206163,not_processed
21,599,835,urgent_service,2018-06-25,2026-04-07,68741.7,unpaid
22,983,890,other_service,2023-07-26,2023-07-26,249659.36,failed
23,83,385,urgent_service,2025-04-12,2025-04-12,248806.09,paid
24,313,553,process_fee,2024-01-13,2024-01-13,165136.36,paid
25,772,537,consultation_fee,2026-09-12,2026-09-12,34521.49,unpaid
26,19,931,translation_service,2022-01-16,2022-01-16,2011.52,not_processed
27,714,843,consultation_fee,2026-09-12,2026-09-12,20429.75,unpaid
28,445,26,court_filing_fee,2018-08-08,2021-02-19,184468.02,not_processed
29,240,2,document_preparation,2025-09-27,2025-09-27,20910.85,not_processed
30,154,786,consultation_fee,2023-04-08,2023-04-08,4180.95,not_processed
31,2,64,urgent_service,2023-04-10,2023-08-03,161329.03,failed
32,121,540,consultation_fee,2022-10-17,2024-03-30,70881.63,not_processed
33,985,940,translation_service,2026-05-31,2026-05-31,16447.27,not_processed
34,976,181,translation_service,2024-02-09,2026-08-05,98742.66,unpaid
35,802,586,other_service,2024-09-21,2026-04-28,164954,not_processed
36,312,580,other_service,2021-11-12,2024-03-03,93031.45,unpaid
37,524,880,process_fee,2020-06-28,2025-07-28,249860.81,failed
38,399,844,court_filing_fee,2018-11-26,2018-11-26,114163.07,not_processed
39,628,812,other_service,2022-01-06,2022-01-06,169233.14,paid
40,757,840,process_fee,2019-12-06,2020-09-13,192771.09,paid
41,19,578,process_fee,2024-10-08,2024-10-08,23556.91,unpaid
42,148,839,urgent_service,2024-03-22,2024-03-27,18601.67,failed
43,989,202,court_filing_fee,2019-10-24,2021-05-02,126920.47,unpaid
44,340,955,other_service,2025-04-23,2025-04-23,65545.75,unpaid
45,402,205,consultation_fee,2020-05-11,2022-11-07,52568.38,failed
46,153,1000,court_filing_fee,2025-04-18,2025-09-07,17515.34,paid
47,211,915,translation_service,2023-07-17,2026-12-09,62696.72,not_processed
48,554,30,court_filing_fee,2021-08-09,2024-07-05,233372.68,not_processed
49,377,12,consultation_fee,2025-03-08,2025-03-08,231240.17,failed
50,642,314,process_fee,2024-09-18,2024-09-18,142083.68,unpaid
51,384,493,other_service,2021-10-28,2023-06-25,11687.77,unpaid
52,920,781,process_fee,2025-08-24,2025-08-24,14866.12,paid
53,540,303,process_fee,2026-04-22,2026-04-22,190475.61,failed
54,544,612,other_service,2018-12-09,2018-12-09,103906.28,unpaid
55,909,775,consultation_fee,2019-04-25,2021-06-05,230044.31,paid
56,623,914,court_filing_fee,2018-03-28,2023-02-22,9073.01,unpaid
57,211,915,translation_service,2024-01-14,2024-01-14,148162.9,unpaid
58,486,417,process_fee,2018-01-02,2024-03-18,171321.36,not_processed
59,321,252,court_filing_fee,2021-08-12,2023-12-20,132453.08,unpaid
60,390,337,consultation_fee,2024-10-07,2024-10-07,2966.27,unpaid
61,741,572,other_service,2024-05-12,2026-09-28,215446.72,failed
62,251,512,consultation_fee,2026-01-24,2026-01-24,111089.3,unpaid
63,415,906,translation_service,2019-10-24,2023-02-02,242253.99,unpaid
64,427,511,urgent_service,2025-11-25,2025-11-25,164034.11,paid
65,887,604,other_service,2025-06-08,2025-06-08,146951.84,failed
66,111,595,document_preparation,2023-08-05,2023-08-05,42314.68,not_processed
67,669,4,other_service,2023-09-30,2024-10-18,110984.38,unpaid
68,76,615,consultation_fee,2025-08-31,2025-08-31,54791.45,not_processed
69,152,153,consultation_fee,2018-03-20,2021-07-21,142713.16,unpaid
70,554,106,process_fee,2018-09-08,2019-11-23,46536.31,unpaid
71,374,755,other_service,2026-08-02,2026-08-02,9519.37,unpaid
72,692,250,other_service,2025-06-12,2025-06-12,129402.13,failed
73,82,163,process_fee,2024-10-23,2025-02-02,219345.03,unpaid
74,657,678,court_filing_fee,2018-12-31,2025-12-28,187931.78,unpaid
75,196,938,process_fee,2018-05-17,2024-01-21,11326.56,not_processed
76,846,3,court_filing_fee,2020-01-01,2022-02-06,94850.97,paid
77,471,826,process_fee,2023-03-21,2025-03-17,248083.17,paid
78,502,16,document_preparation,2025-05-08,2025-05-08,49638.15,paid
79,567,736,document_preparation,2021-05-24,2025-04-20,53508.92,not_processed
80,117,273,other_service,2018-03-28,2025-07-27,220979.74,not_processed
81,618,399,court_filing_fee,2026-02-17,2026-02-17,7834.86,unpaid
82,142,802,other_service,2023-01-27,2025-01-30,207526.15,not_processed
83,427,511,translation_service,2018-06-18,2018-06-18,14457.61,unpaid
84,557,25,document_preparation,2026-09-12,2026-12-03,169371.9,paid
85,145,984,other_service,2026-01-29,2026-01-29,184514.71,not_processed
86,478,275,process_fee,2021-03-10,2021-03-10,217384.49,unpaid
87,236,534,other_service,2019-10-11,2019-10-11,170043.79,unpaid
88,251,713,urgent_service,2026-09-12,2026-09-12,197419.08,failed
89,798,425,court_filing_fee,2021-09-02,2022-07-25,104837.59,failed
90,927,234,court_filing_fee,2026-02-11,2026-02-11,15155.25,unpaid
91,605,830,court_filing_fee,2018-03-24,2018-03-24,199220.87,unpaid
92,363,579,document_preparation,2018-02-19,2019-02-21,175800.52,failed
93,96,486,urgent_service,2019-11-09,2026-12-02,113377.02,not_processed
94,41,29,document_preparation,2020-07-28,2020-07-28,1954.14,failed
95,212,320,urgent_service,2026-08-16,2026-08-16,73126.8,not_processed
96,19,470,urgent_service,2025-06-14,2025-06-14,34858.44,not_processed
97,145,984,document_preparation,2019-10-20,2022-08-19,124604.91,not_processed
98,119,66,urgent_service,2022-05-18,2024-07-27,48704.87,unpaid
99,96,486,court_filing_fee,2023-09-27,2024-05-10,244341.67,paid
100,451,318,consultation_fee,2023-06-28,2023-06-28,207439.98,not_processed
101,787,582,consultation_fee,2025-06-18,2025-06-18,145496.12,paid
102,449,592,court_filing_fee,2022-10-30,2025-05-07,27013.57,failed
103,824,321,other_service,2026-01-25,2026-01-25,215801.16,unpaid
104,773,51,document_preparation,2023-12-23,2023-12-23,168466.94,paid
105,801,475,court_filing_fee,2020-09-22,2020-09-22,113457.8,paid
106,541,922,other_service,2024-05-29,2025-12-12,72320.29,unpaid
107,478,778,document_preparation,2023-11-14,2023-11-14,35051.04,not_processed
108,377,433,translation_service,2019-05-30,2023-08-30,215161.84,not_processed
109,20,828,consultation_fee,2025-10-26,2025-10-26,119427.06,not_processed
110,243,353,translation_service,2025-10-19,2025-10-19,4096.45,failed
111,76,156,other_service,2020-10-02,2024-05-26,62895.95,failed
112,927,448,other_service,2020-07-21,2025-04-29,162642.73,failed
113,334,990,translation_service,2018-02-25,2018-07-05,94325.72,failed
114,384,517,urgent_service,2021-03-14,2021-03-14,224380,failed
115,869,436,consultation_fee,2023-02-10,2023-02-10,144726.92,failed
116,384,365,other_service,2022-03-12,2025-01-29,203849.9,failed
117,554,905,other_service,2023-12-10,2023-12-10,132118.59,paid
118,544,233,urgent_service,2020-11-07,2024-01-22,19832.94,unpaid
119,13,449,urgent_service,2023-01-12,2023-01-12,46224.65,unpaid
120,90,138,consultation_fee,2018-05-16,2026-08-21,239602.73,unpaid
121,612,787,court_filing_fee,2026-02-04,2026-02-04,90043.78,paid
122,475,542,urgent_service,2023-10-20,2026-08-13,225736.46,not_processed
123,883,510,consultation_fee,2019-11-21,2026-07-17,145226.85,unpaid
124,90,138,urgent_service,2022-03-21,2023-11-11,235323.59,paid
125,886,494,other_service,2019-09-20,2022-07-05,95746.21,unpaid
126,936,264,urgent_service,2019-01-26,2024-09-21,127005.88,failed
127,66,617,consultation_fee,2022-10-24,2022-10-24,179924.98,paid
128,164,381,other_service,2022-03-02,2023-02-25,230465.98,unpaid
129,408,373,court_filing_fee,2020-04-16,2020-04-16,224835.49,not_processed
130,32,452,translation_service,2023-09-29,2023-09-29,152689.53,not_processed
131,384,517,process_fee,2023-12-28,2023-12-28,128297.19,paid
132,889,380,other_service,2019-01-23,2020-08-09,239897.43,unpaid
133,825,842,document_preparation,2020-12-25,2024-03-13,169681.78,unpaid
134,773,51,process_fee,2024-09-25,2026-12-13,102368.67,not_processed
135,787,582,translation_service,2023-11-14,2023-11-14,239697.76,not_processed
136,957,206,process_fee,2023-01-01,2025-04-15,195874.67,paid
137,76,888,process_fee,2023-01-28,2023-05-07,37692.81,unpaid
138,169,102,other_service,2021-09-06,2024-06-05,3682.69,unpaid
139,486,417,process_fee,2018-09-15,2023-07-15,144199.79,unpaid
140,322,575,other_service,2024-05-14,2024-05-14,23585.81,paid
141,936,69,court_filing_fee,2018-10-19,2021-02-23,111779.88,failed
142,159,650,court_filing_fee,2018-05-29,2025-09-23,193258.78,failed
143,844,807,document_preparation,2025-01-18,2026-07-19,37350.7,failed
144,772,537,consultation_fee,2019-09-07,2020-09-17,106837.88,failed
145,519,652,process_fee,2019-11-23,2022-03-20,168647.37,unpaid
146,616,701,process_fee,2021-02-22,2021-02-22,172638.01,failed
147,346,194,translation_service,2019-09-07,2019-09-07,158904.79,failed
148,32,452,process_fee,2026-07-10,2026-07-10,92801.74,paid
149,254,179,urgent_service,2023-05-13,2023-05-13,76029.36,failed
150,475,756,document_preparation,2018-06-18,2020-02-12,6671.41,failed
151,431,476,consultation_fee,2022-11-14,2022-11-14,164063.7,unpaid
152,236,534,other_service,2021-02-04,2021-02-04,78125.6,not_processed
153,456,154,translation_service,2019-11-19,2026-01-08,134579.01,unpaid
154,859,795,document_preparation,2022-06-25,2024-06-05,205761.89,unpaid
155,487,801,document_preparation,2026-09-12,2026-09-12,17127.9,paid
156,72,90,translation_service,2025-09-05,2025-09-05,91659.79,failed
157,19,578,other_service,2023-01-28,2023-01-28,52180.14,not_processed
158,41,398,process_fee,2021-05-05,2023-01-18,138357.12,failed
159,499,382,document_preparation,2026-07-27,2026-07-27,18882.35,not_processed
160,702,777,consultation_fee,2022-10-11,2023-02-09,64018.75,unpaid
161,552,136,urgent_service,2020-02-02,2021-08-21,176052.38,unpaid
162,149,607,urgent_service,2024-06-30,2025-03-08,43039.64,not_processed
163,793,753,document_preparation,2023-01-06,2023-01-06,191591.45,unpaid
164,152,76,document_preparation,2025-05-30,2025-05-30,108231.94,failed
165,53,660,urgent_service,2019-05-13,2020-05-19,16430.02,failed
166,546,601,process_fee,2026-04-24,2026-04-24,150649.07,failed
167,111,474,process_fee,2024-08-27,2026-11-18,113451.07,unpaid
168,694,590,consultation_fee,2018-07-01,2025-08-18,102061.28,failed
169,341,976,translation_service,2025-07-26,2026-07-24,77436.99,not_processed
170,129,48,urgent_service,2022-09-07,2026-01-09,137080.49,failed
171,626,241,consultation_fee,2019-10-07,2019-10-07,221361.6,failed
172,475,509,document_preparation,2021-10-02,2021-10-02,146962.72,not_processed
173,145,439,translation_service,2024-11-26,2024-11-26,212044.12,not_processed
174,321,677,process_fee,2026-06-30,2026-06-30,135773.58,unpaid
175,519,834,process_fee,2020-12-02,2021-09-28,82441.06,not_processed
176,993,539,translation_service,2025-03-14,2025-03-14,63523.53,not_processed
177,983,890,process_fee,2019-12-25,2019-12-25,148373.69,failed
178,846,758,document_preparation,2019-12-02,2026-06-02,43847.98,unpaid
179,211,915,process_fee,2018-06-06,2021-01-20,106189.46,failed
180,76,156,other_service,2021-01-23,2021-07-10,8163.67,unpaid
181,19,809,consultation_fee,2022-07-28,2025-02-17,4819.57,unpaid
182,333,362,other_service,2022-09-19,2022-09-19,44590.49,not_processed
183,92,762,translation_service,2020-08-28,2023-06-10,24753.66,paid
184,154,838,consultation_fee,2022-09-22,2024-11-28,29209.77,unpaid
185,53,991,process_fee,2021-06-30,2024-08-30,241272.4,not_processed
186,777,77,consultation_fee,2019-01-29,2019-01-29,87422.23,not_processed
187,65,488,translation_service,2023-04-26,2023-04-26,187568.72,paid
188,849,173,translation_service,2021-08-24,2021-08-24,41342.79,unpaid
189,128,943,document_preparation,2026-04-11,2026-04-11,89369.14,not_processed
190,544,110,translation_service,2019-12-01,2019-12-01,155821.98,not_processed
191,832,235,process_fee,2025-10-06,2025-10-06,64734.47,unpaid
192,370,220,other_service,2018-08-16,2023-07-17,179312.78,failed
193,641,317,document_preparation,2024-11-12,2024-12-20,78539.65,failed
194,920,588,other_service,2026-01-27,2026-01-27,228569.39,unpaid
195,152,667,urgent_service,2024-07-29,2024-07-29,92254.08,unpaid
196,849,506,other_service,2020-02-26,2020-02-26,136960.07,unpaid
197,128,628,consultation_fee,2022-11-19,2025-06-04,40600.26,unpaid
198,6,13,court_filing_fee,2018-03-01,2021-10-09,60891.63,unpaid
199,964,936,translation_service,2021-04-14,2021-04-14,68997.92,not_processed
200,475,622,translation_service,2020-05-14,2022-06-18,214175.65,failed
201,154,838,court_filing_fee,2023-01-24,2026-02-03,187649.48,failed
202,90,611,process_fee,2024-09-20,2024-09-20,76744.59,failed
203,833,704,document_preparation,2019-03-16,2023-01-08,133675.01,unpaid
204,449,684,translation_service,2020-07-16,2020-07-16,30102.31,unpaid
205,353,93,document_preparation,2018-08-28,2018-08-28,122743,unpaid
206,487,681,document_preparation,2019-10-21,2021-09-17,48226.31,unpaid
207,828,603,translation_service,2022-09-14,2022-09-14,142533.53,unpaid
208,916,521,document_preparation,2020-01-11,2023-12-21,93970.57,unpaid
209,254,179,document_preparation,2022-01-06,2022-01-28,185992.55,paid
210,248,323,process_fee,2026-09-12,2026-09-12,216979.48,not_processed
211,416,803,urgent_service,2019-05-30,2019-10-23,150563.16,unpaid
212,541,118,consultation_fee,2018-07-31,2022-05-07,160870.11,not_processed
213,32,735,consultation_fee,2020-03-27,2022-04-23,189913.3,unpaid
214,616,701,document_preparation,2024-02-02,2025-02-01,36481.46,failed
215,895,195,other_service,2021-12-03,2025-10-06,141945.89,not_processed
216,774,927,document_preparation,2025-09-07,2026-11-23,103769.64,failed
217,875,49,consultation_fee,2023-11-17,2023-11-17,189205.44,failed
218,964,92,urgent_service,2019-12-20,2025-06-19,38139.42,paid
219,664,816,translation_service,2018-09-14,2026-10-12,164347.47,unpaid
220,475,164,process_fee,2018-11-11,2022-03-03,115690.47,unpaid
221,228,84,consultation_fee,2020-05-15,2025-12-02,78672.17,unpaid
222,413,416,urgent_service,2024-07-09,2024-07-09,224759.92,not_processed
223,554,106,court_filing_fee,2026-09-12,2026-09-12,148753.05,not_processed
224,753,516,document_preparation,2020-08-23,2020-08-23,135176.34,unpaid
225,374,894,translation_service,2019-08-27,2019-08-27,246081.46,unpaid
226,567,295,process_fee,2025-11-15,2025-11-15,189951.87,paid
227,236,782,court_filing_fee,2023-09-07,2026-11-27,58989.07,failed
228,426,944,document_preparation,2023-11-23,2026-04-04,89780.91,failed
229,746,112,process_fee,2018-08-23,2024-08-15,123147.38,unpaid
230,799,808,document_preparation,2021-12-28,2021-12-28,77886.61,paid
231,145,591,document_preparation,2023-05-10,2023-09-26,125343.54,unpaid
232,753,140,court_filing_fee,2020-04-21,2026-06-02,101899.98,failed
233,381,852,document_preparation,2025-05-20,2025-05-20,52780.53,not_processed
234,806,218,document_preparation,2024-09-08,2024-09-08,83223.42,not_processed
235,321,409,translation_service,2026-09-12,2026-09-12,212967.17,failed
236,426,623,consultation_fee,2024-03-31,2024-03-31,166430.71,failed
237,433,65,document_preparation,2018-12-10,2025-07-06,18331,unpaid
238,780,495,urgent_service,2019-12-26,2026-07-07,90826.79,paid
239,466,552,court_filing_fee,2026-09-07,2026-09-07,160785.32,unpaid
240,228,478,urgent_service,2025-03-22,2025-03-22,31822.24,not_processed
241,519,533,translation_service,2018-07-10,2019-06-27,39340.78,failed
242,429,345,process_fee,2022-01-15,2024-01-01,136187.14,unpaid
243,552,136,document_preparation,2025-08-19,2025-08-19,197206.27,not_processed
244,841,469,document_preparation,2025-09-08,2025-09-08,118030.03,failed
245,886,374,translation_service,2021-05-27,2021-05-27,243622.71,unpaid
246,966,779,translation_service,2020-06-22,2024-04-22,10929.03,failed
247,426,98,document_preparation,2021-04-09,2021-04-09,243283.18,paid
248,313,553,process_fee,2026-09-12,2026-09-12,159001.6,paid
249,376,769,other_service,2021-03-29,2022-07-07,29382.11,not_processed
250,111,595,consultation_fee,2019-09-07,2020-08-09,45011.29,unpaid
251,601,240,other_service,2018-05-28,2020-05-07,51604.02,unpaid
252,447,810,consultation_fee,2026-06-11,2026-06-11,180288.4,failed
253,541,988,document_preparation,2026-06-27,2026-06-27,20322.41,unpaid
254,746,61,process_fee,2023-07-24,2023-11-22,101597.01,not_processed
255,334,970,document_preparation,2019-07-09,2020-06-25,57653.45,not_processed
256,988,222,other_service,2018-03-24,2021-06-30,45985.64,paid
257,42,945,translation_service,2023-11-06,2024-01-02,139506.84,paid
258,933,695,process_fee,2023-06-16,2023-06-16,226734.06,not_processed
259,139,305,court_filing_fee,2019-05-03,2025-12-12,137902.76,unpaid
260,228,231,translation_service,2026-09-12,2026-09-12,186055.77,not_processed
261,121,963,court_filing_fee,2022-05-04,2026-07-27,186372.47,unpaid
262,334,251,court_filing_fee,2020-11-25,2021-01-13,135774.7,failed
263,20,828,translation_service,2020-01-11,2020-08-21,220041.35,unpaid
264,547,372,process_fee,2020-09-26,2020-09-26,14570.63,not_processed
265,48,114,document_preparation,2018-12-09,2023-07-31,22751.59,not_processed
266,930,909,translation_service,2025-12-13,2025-12-13,181444.31,unpaid
267,153,710,process_fee,2026-04-05,2026-04-05,161352.92,paid
268,96,486,court_filing_fee,2022-08-12,2022-08-12,116965.11,failed
269,454,631,translation_service,2023-02-07,2024-01-04,101577.35,failed
270,909,135,court_filing_fee,2025-04-10,2025-04-10,206981.44,unpaid
271,776,60,document_preparation,2021-11-23,2026-09-29,88572.72,unpaid
272,523,289,court_filing_fee,2026-09-12,2026-09-12,70775.61,unpaid
273,664,570,translation_service,2020-05-29,2020-05-29,160719.34,paid
274,780,495,other_service,2021-09-23,2021-09-23,40648.39,failed
275,26,62,court_filing_fee,2022-12-07,2023-03-25,159881.24,failed
276,28,732,translation_service,2019-09-30,2019-09-30,221100.58,not_processed
277,39,80,process_fee,2024-04-03,2024-04-03,36091.33,paid
278,321,568,translation_service,2018-09-23,2023-09-15,184372.9,unpaid
279,119,66,other_service,2021-04-03,2026-08-24,52487.49,unpaid
280,275,690,consultation_fee,2019-04-21,2019-04-21,41313.27,unpaid
281,384,751,urgent_service,2019-09-22,2022-03-24,197496.31,unpaid
282,801,358,court_filing_fee,2021-08-30,2024-07-05,60762.59,failed
283,6,13,urgent_service,2019-08-02,2023-01-04,199207.14,unpaid
284,162,722,court_filing_fee,2024-12-17,2024-12-17,244775.84,not_processed
285,679,659,translation_service,2018-03-27,2020-07-06,166380.36,failed
286,61,35,consultation_fee,2026-05-06,2026-05-06,244445.63,failed
287,554,390,process_fee,2026-02-04,2026-02-04,126012.79,paid
288,240,827,court_filing_fee,2024-09-10,2025-07-16,233958.37,unpaid
289,911,541,urgent_service,2026-02-03,2026-02-03,236100.2,failed
290,426,944,consultation_fee,2025-12-15,2026-12-14,161950.73,paid
291,429,21,document_preparation,2020-04-03,2020-04-03,229142.36,not_processed
292,859,325,court_filing_fee,2020-10-18,2024-07-16,13669.9,not_processed
293,92,59,other_service,2022-09-15,2022-09-15,181162.89,unpaid
294,729,388,urgent_service,2022-03-11,2024-07-30,108685.7,paid
295,795,871,court_filing_fee,2018-09-28,2024-09-02,157891.96,failed
296,431,907,translation_service,2021-08-05,2026-11-30,81724.65,not_processed
297,657,557,consultation_fee,2018-07-16,2018-11-12,139187.46,paid
298,820,627,court_filing_fee,2025-10-23,2025-10-23,190173.41,failed
299,387,34,process_fee,2022-06-25,2025-06-20,60472.27,paid
300,149,310,process_fee,2018-02-22,2019-05-20,245180.9,failed
301,19,931,urgent_service,2020-09-10,2021-08-08,241515.83,paid
302,295,845,process_fee,2019-11-13,2020-01-31,54538.91,paid
303,825,842,consultation_fee,2026-01-27,2026-01-27,11994.04,unpaid
304,295,916,translation_service,2019-06-15,2019-06-15,145671.22,failed
305,19,931,document_preparation,2026-09-12,2026-09-12,89673.35,paid
306,755,950,urgent_service,2021-04-10,2021-04-10,200544.14,unpaid
307,210,356,other_service,2022-05-25,2022-05-25,131497.66,unpaid
308,42,945,document_preparation,2023-01-06,2023-01-26,95650.49,failed
309,28,732,court_filing_fee,2020-08-25,2020-08-25,181619.15,failed
310,889,380,consultation_fee,2020-07-27,2023-03-28,219084.37,not_processed
311,966,311,document_preparation,2024-03-22,2024-03-22,158939.99,paid
312,859,772,document_preparation,2020-12-25,2024-03-19,249416.77,not_processed
313,828,603,consultation_fee,2020-08-02,2020-08-02,239444.23,unpaid
314,146,960,translation_service,2022-01-08,2022-03-19,144049.77,not_processed
315,346,708,translation_service,2019-04-21,2020-05-04,48894.97,not_processed
316,826,877,process_fee,2026-07-25,2026-07-25,200956.9,unpaid
317,429,811,translation_service,2019-04-27,2026-12-01,102360.82,failed
318,152,76,urgent_service,2018-12-18,2025-01-24,28077.06,not_processed
319,236,534,process_fee,2023-03-21,2023-03-21,12906.11,unpaid
320,628,239,urgent_service,2021-12-20,2024-03-22,32430.44,not_processed
321,235,376,urgent_service,2024-04-29,2024-04-29,68629.38,paid
322,413,792,translation_service,2025-10-01,2025-10-01,78930.7,failed
323,29,414,translation_service,2025-03-19,2025-03-19,34289.88,unpaid
324,657,825,urgent_service,2022-05-16,2022-05-16,128648.49,unpaid
325,76,638,process_fee,2022-11-13,2022-11-13,22759.82,paid
326,356,822,other_service,2023-04-06,2023-04-06,14728.63,unpaid
327,154,28,urgent_service,2022-05-06,2025-12-27,229829.3,not_processed
328,864,455,other_service,2026-07-05,2026-07-05,209941.56,not_processed
329,774,927,document_preparation,2024-05-16,2024-05-16,122508.95,failed
330,886,374,other_service,2024-08-21,2025-12-29,29893.81,failed
331,416,803,process_fee,2025-01-03,2025-05-29,83935.92,paid
332,61,682,document_preparation,2025-12-27,2025-12-27,247416.5,not_processed
333,61,682,translation_service,2023-11-19,2026-04-17,173423.92,unpaid
334,236,643,other_service,2018-12-07,2023-04-01,246291.36,failed
335,599,291,document_preparation,2023-11-20,2025-02-14,114532.56,paid
336,32,452,other_service,2020-03-07,2022-07-03,170565.96,unpaid
337,742,630,translation_service,2022-02-05,2022-02-05,249403.64,failed
338,321,409,urgent_service,2019-10-09,2021-12-08,127928.75,paid
339,967,891,court_filing_fee,2025-10-02,2025-10-02,4372.14,failed
340,53,991,document_preparation,2024-05-26,2024-05-26,36589.54,unpaid
341,374,894,consultation_fee,2023-09-26,2025-07-02,42381.1,paid
342,930,328,other_service,2022-05-08,2025-09-10,238804.64,failed
343,456,508,translation_service,2019-06-23,2021-12-11,85099.59,failed
344,816,981,urgent_service,2025-03-07,2025-03-07,105582.62,unpaid
345,859,6,court_filing_fee,2022-09-20,2022-09-20,212739.68,failed
346,879,423,document_preparation,2023-12-05,2023-12-05,68796.18,unpaid
347,911,541,other_service,2026-08-14,2026-08-14,71770.63,not_processed
348,399,440,process_fee,2026-09-12,2026-09-12,199617.83,failed
349,619,883,process_fee,2026-08-28,2026-08-28,71330.42,unpaid
350,943,879,translation_service,2021-07-21,2021-07-21,247419.66,unpaid
351,399,745,court_filing_fee,2026-01-29,2026-01-29,194620.57,unpaid
352,61,929,document_preparation,2018-01-12,2019-06-06,55907.14,unpaid
353,413,467,court_filing_fee,2023-07-21,2023-07-21,169768.55,unpaid
354,384,442,translation_service,2020-08-01,2020-10-27,191906.12,not_processed
355,142,802,other_service,2018-07-19,2026-07-09,102190.92,unpaid
356,152,637,court_filing_fee,2025-05-02,2025-05-02,151979.05,failed
357,704,450,urgent_service,2018-11-14,2026-08-10,170194.44,not_processed
358,61,929,consultation_fee,2018-04-26,2021-09-20,87894.04,paid
359,254,179,translation_service,2020-08-12,2020-08-12,1322.37,failed
360,554,422,consultation_fee,2026-09-12,2026-09-12,230460.66,unpaid
361,251,713,translation_service,2018-05-15,2019-12-31,36473.59,paid
362,833,784,document_preparation,2018-04-03,2024-09-20,171311.94,unpaid
363,139,254,consultation_fee,2021-10-13,2026-03-14,185023.05,failed
364,370,220,court_filing_fee,2022-01-24,2026-09-28,62032.54,not_processed
365,669,4,translation_service,2023-12-23,2023-12-23,35851.05,not_processed
366,228,84,consultation_fee,2020-06-29,2020-06-29,2671.97,unpaid
367,669,742,other_service,2026-03-29,2026-03-29,89312.69,paid
368,212,525,urgent_service,2019-06-21,2022-09-24,244134.02,unpaid
369,514,561,document_preparation,2018-11-16,2025-02-14,32585.11,paid
370,616,53,court_filing_fee,2019-02-08,2020-02-17,185093.4,unpaid
371,449,684,document_preparation,2022-05-15,2024-09-30,177705.22,paid
372,506,109,court_filing_fee,2021-10-10,2023-05-31,221678.55,not_processed
373,547,372,court_filing_fee,2021-04-04,2022-06-27,154051.62,not_processed
374,501,593,consultation_fee,2023-04-29,2023-04-29,88307.23,paid
375,426,98,consultation_fee,2018-01-18,2021-05-13,110706.87,not_processed
376,228,478,process_fee,2020-05-21,2025-12-19,106073.86,unpaid
377,798,39,document_preparation,2024-01-22,2024-01-22,241350.6,failed
378,879,423,translation_service,2019-12-21,2025-01-31,2959.65,failed
379,4,43,consultation_fee,2022-09-20,2025-09-28,240026.77,failed
380,619,700,urgent_service,2025-07-23,2026-04-28,221180.6,unpaid
381,541,922,document_preparation,2023-09-18,2026-07-22,233755.03,unpaid
382,666,594,process_fee,2018-04-22,2018-10-20,26555.25,unpaid
383,534,184,process_fee,2023-04-28,2025-02-02,61149.34,failed
384,384,442,consultation_fee,2021-10-06,2025-07-08,197527.82,not_processed
385,475,979,document_preparation,2019-12-21,2021-12-10,16849.41,failed
386,377,433,other_service,2026-09-12,2026-09-12,28492.1,failed
387,451,505,court_filing_fee,2026-08-02,2026-08-02,108163.87,not_processed
388,431,487,process_fee,2024-05-31,2024-05-31,215518.84,not_processed
389,482,248,court_filing_fee,2026-03-09,2026-03-09,239367.95,not_processed
390,170,274,process_fee,2023-08-07,2023-08-07,190933.32,failed
391,40,200,court_filing_fee,2026-01-30,2026-01-30,99830.45,not_processed
392,353,954,other_service,2019-10-23,2023-10-30,230661.7,unpaid
393,846,709,consultation_fee,2023-12-31,2023-12-31,191736.32,paid
394,745,958,document_preparation,2026-08-04,2026-08-04,97989.5,unpaid
395,35,983,translation_service,2020-10-09,2024-01-05,94186.55,paid
396,887,989,other_service,2021-08-22,2021-08-22,28461.37,unpaid
397,605,437,consultation_fee,2024-06-12,2026-10-09,235376.11,paid
398,511,182,translation_service,2022-10-01,2022-10-01,102341.09,paid
399,415,24,other_service,2021-01-03,2021-04-16,56619.64,not_processed
400,707,767,urgent_service,2019-11-12,2019-11-12,119390.82,not_processed
401,707,419,court_filing_fee,2021-12-08,2024-11-27,247722.88,failed
402,879,15,translation_service,2023-04-06,2023-04-06,228386.89,unpaid
403,724,276,process_fee,2022-07-23,2022-07-23,151709.23,unpaid
404,832,532,consultation_fee,2026-06-08,2026-06-08,27166.69,unpaid
405,899,178,consultation_fee,2026-09-12,2026-09-12,162700,not_processed
406,799,808,court_filing_fee,2023-07-26,2024-07-23,106072.78,unpaid
407,61,1,document_preparation,2026-01-06,2026-01-06,193886.43,unpaid
408,429,785,process_fee,2025-02-04,2025-02-04,137382.08,unpaid
409,702,777,translation_service,2023-09-27,2023-09-27,219377.13,unpaid
410,976,946,translation_service,2020-08-06,2021-06-11,151699.62,unpaid
411,660,973,document_preparation,2021-02-26,2023-12-01,143521.31,paid
412,235,560,other_service,2026-04-28,2026-04-28,72939.86,unpaid
413,641,855,court_filing_fee,2020-02-04,2024-01-25,204445.82,not_processed
414,334,571,other_service,2024-01-21,2024-01-21,40616.92,not_processed
415,846,709,translation_service,2018-06-14,2022-07-03,146915.09,failed
416,417,482,process_fee,2023-05-17,2023-05-17,99980.13,not_processed
417,429,748,translation_service,2023-08-07,2023-08-07,124975.69,unpaid
418,447,810,translation_service,2018-01-13,2018-08-17,76723.03,failed
419,993,297,translation_service,2026-09-12,2026-09-12,112150.96,unpaid
420,599,743,urgent_service,2026-09-12,2026-10-21,84618.29,unpaid
421,820,627,other_service,2021-07-19,2021-07-19,63850.83,unpaid
422,930,876,consultation_fee,2021-12-09,2021-12-09,112336.76,unpaid
423,567,295,process_fee,2022-12-20,2022-12-20,135815.44,unpaid
424,212,525,urgent_service,2026-07-27,2026-07-27,28565.8,unpaid
425,353,93,urgent_service,2020-05-29,2023-09-24,157914.52,failed
426,487,563,process_fee,2019-12-11,2019-12-11,239158.41,failed
427,65,821,urgent_service,2026-09-12,2026-09-12,15688.98,not_processed
428,895,426,other_service,2019-01-20,2023-02-26,178193.28,paid
429,433,65,other_service,2018-12-04,2025-11-19,54178.6,unpaid
430,26,127,consultation_fee,2021-01-08,2023-09-21,63137.52,not_processed
431,453,115,process_fee,2021-07-16,2021-07-16,143673.09,paid
432,811,468,document_preparation,2024-12-26,2024-12-26,223056.48,unpaid
433,334,316,translation_service,2019-05-23,2019-06-18,115186.91,paid
434,524,605,urgent_service,2022-06-22,2022-06-22,158620.28,unpaid
435,334,571,other_service,2024-04-16,2024-04-16,114072.82,paid
436,429,785,urgent_service,2024-04-10,2026-07-07,179211.73,paid
437,519,544,process_fee,2018-05-12,2021-10-31,179582.59,failed
438,657,121,court_filing_fee,2022-06-25,2022-06-25,66365.17,not_processed
439,26,127,court_filing_fee,2025-01-21,2025-01-21,235887.98,failed
440,801,358,document_preparation,2026-08-01,2026-08-01,50003.63,unpaid
441,841,469,document_preparation,2021-09-16,2021-09-16,159712.61,not_processed
442,249,283,other_service,2025-08-10,2025-08-10,126673.27,not_processed
443,119,66,document_preparation,2018-10-21,2022-03-04,116704.59,failed
444,2,137,process_fee,2019-06-15,2020-05-09,240825.43,failed
445,312,580,urgent_service,2020-08-04,2025-04-05,162095.17,unpaid
446,399,440,consultation_fee,2020-11-14,2024-03-16,232335.66,failed
447,551,951,process_fee,2019-09-30,2019-09-30,235201.47,failed
448,4,647,court_filing_fee,2018-07-30,2026-05-15,130924.3,paid
449,714,843,translation_service,2026-07-24,2026-07-24,141296.81,not_processed
450,121,540,document_preparation,2019-09-18,2021-05-19,206306.51,unpaid
451,801,475,court_filing_fee,2021-06-21,2021-06-21,73795.04,unpaid
452,169,339,process_fee,2020-07-17,2021-04-02,4432.39,not_processed
453,519,355,urgent_service,2026-01-03,2026-01-03,31502.26,failed
454,447,810,urgent_service,2019-06-17,2024-06-04,214645.42,failed
455,936,363,urgent_service,2022-08-04,2022-08-04,143834.95,paid
456,887,604,other_service,2024-08-20,2024-08-20,100916.1,unpaid
457,599,833,consultation_fee,2024-05-17,2026-07-24,227987.12,not_processed
458,228,84,other_service,2020-01-29,2024-06-02,63868.31,unpaid
459,867,761,consultation_fee,2018-06-03,2018-08-26,244756.5,failed
460,326,599,other_service,2022-01-16,2025-07-25,50874.18,not_processed
461,867,850,translation_service,2019-03-29,2019-07-30,90587.71,unpaid
462,267,640,consultation_fee,2019-08-21,2025-09-07,248540.74,not_processed
463,787,582,consultation_fee,2018-01-17,2026-02-26,1424.79,not_processed
464,897,823,court_filing_fee,2021-08-16,2021-08-16,150294.57,failed
465,76,888,translation_service,2022-02-15,2025-01-18,128959.29,unpaid
466,657,678,translation_service,2018-02-24,2024-01-30,120548.05,unpaid
467,196,938,urgent_service,2026-03-17,2026-03-17,119940.44,not_processed
468,758,261,translation_service,2018-09-16,2026-09-22,40593.69,not_processed
469,417,482,document_preparation,2023-02-05,2023-02-05,150848.91,unpaid
470,41,67,translation_service,2020-01-11,2020-01-11,19263.31,not_processed
471,363,579,consultation_fee,2023-03-02,2023-03-02,212324.67,paid
472,660,629,urgent_service,2025-02-03,2025-02-03,28325.07,not_processed
473,972,692,translation_service,2026-07-10,2026-07-10,202381.77,unpaid
474,704,7,translation_service,2024-08-27,2024-08-27,235968.59,failed
475,936,264,translation_service,2025-04-04,2026-04-09,248920.73,not_processed
476,801,358,urgent_service,2019-04-27,2019-04-27,235853.32,unpaid
477,795,871,document_preparation,2021-01-11,2021-01-11,154397.16,failed
478,554,361,consultation_fee,2021-11-23,2022-02-17,71383.48,not_processed
479,826,877,other_service,2022-01-09,2022-01-09,177169.03,paid
480,768,396,document_preparation,2022-12-30,2022-12-30,234734.05,unpaid
481,56,658,court_filing_fee,2018-08-28,2025-11-06,249878.34,failed
482,825,302,process_fee,2026-06-07,2026-06-07,205149.05,unpaid
483,6,13,urgent_service,2022-12-19,2022-12-19,203398.68,unpaid
484,983,213,other_service,2019-08-02,2024-03-10,15180.42,unpaid
485,251,913,translation_service,2021-01-17,2024-03-23,174522.05,paid
486,816,981,process_fee,2023-01-27,2023-01-27,108481.72,unpaid
487,471,826,translation_service,2019-11-26,2026-05-18,83774.02,failed
488,524,605,process_fee,2019-05-11,2024-04-21,175232.83,not_processed
489,828,543,translation_service,2026-05-20,2026-05-20,151304.73,failed
490,889,380,translation_service,2026-08-08,2026-08-08,59974.09,not_processed
491,459,898,consultation_fee,2019-01-03,2019-01-03,212335.65,failed
492,21,100,urgent_service,2023-02-24,2023-02-24,175802.91,failed
493,20,828,court_filing_fee,2023-06-20,2023-06-20,44364.11,paid
494,212,555,process_fee,2026-01-08,2026-01-08,221252.55,failed
495,353,954,consultation_fee,2024-07-11,2024-07-11,73206.07,failed
496,153,429,process_fee,2020-10-07,2020-10-07,218863.99,failed
497,664,570,urgent_service,2020-04-19,2025-06-01,182689.67,paid
498,957,771,translation_service,2020-12-11,2023-07-01,192255.38,failed
499,119,868,document_preparation,2018-05-30,2022-07-12,16880.64,paid
500,546,601,document_preparation,2021-04-17,2024-11-03,165053.97,failed
501,983,818,document_preparation,2026-06-04,2026-06-04,232815.1,not_processed
502,426,679,consultation_fee,2024-09-20,2024-09-20,83049.9,unpaid
503,825,846,court_filing_fee,2019-02-11,2019-07-14,111760.75,failed
504,576,585,other_service,2021-07-02,2021-07-02,37268.48,unpaid
505,128,628,other_service,2022-12-06,2022-12-06,115983.89,not_processed
506,417,482,process_fee,2018-12-31,2018-12-31,43784.1,not_processed
507,429,345,other_service,2023-05-27,2023-05-27,111920.46,not_processed
508,429,811,urgent_service,2018-07-19,2018-07-19,212864.63,paid
509,972,348,translation_service,2024-07-13,2024-07-13,29682.75,not_processed
510,66,617,urgent_service,2022-11-16,2022-11-16,176052.91,failed
511,119,211,translation_service,2022-01-16,2022-01-16,241655.72,unpaid
512,475,509,court_filing_fee,2024-03-08,2024-03-08,12264.36,not_processed
513,753,513,urgent_service,2019-08-18,2025-05-24,198205.36,failed
514,370,814,consultation_fee,2023-02-13,2024-04-08,79294.27,unpaid
515,993,995,urgent_service,2019-10-05,2024-09-08,196968.29,paid
516,454,671,other_service,2023-07-14,2023-07-14,103615.63,failed
517,519,544,other_service,2022-04-26,2023-02-01,156310.59,not_processed
518,729,388,court_filing_fee,2025-09-26,2025-09-26,45988.09,failed
519,665,229,consultation_fee,2023-06-27,2023-06-27,213457.98,failed
520,416,459,urgent_service,2023-02-04,2025-06-13,53227.04,not_processed
521,478,145,process_fee,2021-03-16,2021-03-16,90936.09,paid
522,509,501,other_service,2025-09-14,2025-09-14,93603.42,unpaid
523,554,30,other_service,2022-07-01,2022-07-01,246142.24,not_processed
524,753,516,translation_service,2022-06-11,2022-06-11,81977.18,unpaid
525,223,383,translation_service,2026-09-12,2026-09-12,208932.03,paid
526,76,888,translation_service,2020-07-24,2025-08-21,126216.19,failed
527,879,192,translation_service,2025-03-10,2025-03-10,4003.11,failed
528,985,940,urgent_service,2021-11-02,2025-04-01,87248.46,not_processed
529,478,790,document_preparation,2020-03-17,2024-08-14,181864.96,failed
530,164,381,other_service,2026-08-17,2026-08-17,58327.74,paid
531,467,910,translation_service,2021-01-14,2026-10-13,173153.96,paid
532,554,359,consultation_fee,2025-08-15,2025-08-15,153206.68,unpaid
533,753,140,process_fee,2019-12-03,2020-10-28,161212.57,failed
534,492,45,court_filing_fee,2021-05-18,2025-11-30,170532.86,unpaid
535,974,760,document_preparation,2021-03-10,2021-03-13,65993.93,unpaid
536,92,762,other_service,2020-02-26,2025-10-28,64113.1,unpaid
537,143,308,consultation_fee,2018-12-16,2025-12-25,72739.54,unpaid
538,4,672,court_filing_fee,2023-03-17,2023-11-29,131834.6,not_processed
539,476,95,translation_service,2021-05-25,2021-05-25,140852.51,paid
540,190,529,consultation_fee,2025-08-15,2025-08-15,114443.98,unpaid
541,453,352,document_preparation,2020-05-25,2020-05-25,42254.17,not_processed
542,82,129,urgent_service,2020-09-21,2020-09-21,219375.34,not_processed
543,702,777,process_fee,2020-10-29,2020-10-29,28868.25,unpaid
544,454,631,process_fee,2025-08-15,2025-08-15,208784.23,unpaid
545,993,995,translation_service,2025-10-19,2026-08-11,100618.7,unpaid
546,154,786,urgent_service,2023-02-21,2023-02-21,59752.25,not_processed
547,576,932,other_service,2026-09-12,2026-09-12,177527.28,not_processed
548,704,948,court_filing_fee,2018-04-28,2024-10-12,205753.88,not_processed
549,148,839,document_preparation,2020-05-25,2020-05-25,911.84,paid
550,519,544,other_service,2026-01-26,2026-01-26,142487.23,unpaid
551,429,345,other_service,2019-08-17,2024-08-24,162381.92,not_processed
552,886,494,consultation_fee,2023-07-30,2024-01-28,125853.84,paid
553,859,6,process_fee,2021-06-08,2023-04-06,218793.99,not_processed
554,370,814,process_fee,2025-07-11,2025-07-11,104493.91,paid
555,758,46,process_fee,2025-03-09,2025-03-09,116578.6,unpaid
556,152,714,document_preparation,2026-05-17,2026-05-17,3986.13,unpaid
557,806,368,court_filing_fee,2019-04-20,2021-07-29,205190.36,not_processed
558,547,763,consultation_fee,2026-01-30,2026-01-30,22377,failed
559,993,995,court_filing_fee,2025-05-16,2026-04-09,158370.61,failed
560,413,161,translation_service,2018-06-08,2025-04-20,154167.52,failed
561,384,41,other_service,2021-06-10,2025-12-16,49908.52,unpaid
562,485,519,other_service,2021-08-26,2023-08-05,227355.24,paid
563,312,580,court_filing_fee,2025-06-19,2025-06-19,240425.22,failed
564,793,753,urgent_service,2024-06-11,2026-08-25,212224.47,not_processed
565,616,750,court_filing_fee,2024-10-15,2024-10-15,235871.54,not_processed
566,921,740,consultation_fee,2024-07-02,2026-01-25,60052.52,paid
567,883,510,translation_service,2026-05-02,2026-05-02,99832.5,not_processed
568,889,930,court_filing_fee,2024-05-04,2024-05-04,191979.13,unpaid
569,426,944,translation_service,2024-04-18,2024-04-18,177852.2,not_processed
570,612,70,other_service,2020-04-26,2025-04-15,50663.5,paid
571,859,772,document_preparation,2018-07-08,2022-06-06,93843.2,not_processed
572,487,801,document_preparation,2021-09-06,2021-09-06,115420.81,unpaid
573,774,968,process_fee,2025-12-29,2025-12-29,216467.44,failed
574,149,443,document_preparation,2023-06-09,2024-06-20,82690.28,not_processed
575,731,174,urgent_service,2023-07-02,2023-07-02,67478.24,not_processed
576,802,586,court_filing_fee,2020-05-05,2021-03-06,101459.95,unpaid
577,972,577,process_fee,2025-01-02,2025-01-02,153772.61,failed
578,886,494,process_fee,2026-08-29,2026-08-29,45665.34,failed
579,149,856,translation_service,2025-01-21,2025-01-21,38596.3,failed
580,145,642,court_filing_fee,2025-12-07,2025-12-07,184505.14,unpaid
581,587,485,document_preparation,2022-06-15,2022-06-15,5227.13,unpaid
582,236,782,process_fee,2018-06-18,2019-09-18,110939.33,paid
583,729,388,consultation_fee,2023-02-07,2023-02-07,178363.23,not_processed
584,128,44,other_service,2025-10-12,2026-10-25,158985,failed
585,758,662,consultation_fee,2022-11-06,2024-04-21,57275.41,unpaid
586,413,792,other_service,2025-04-14,2025-05-09,240633.12,not_processed
587,251,713,urgent_service,2021-08-30,2025-02-19,60052.09,unpaid
588,210,165,process_fee,2019-10-05,2025-01-10,32940.05,unpaid
589,833,704,translation_service,2025-06-27,2025-06-27,142370.39,paid
590,992,574,translation_service,2026-09-12,2026-09-12,152903.56,paid
591,804,155,document_preparation,2024-08-10,2024-08-10,84384.34,unpaid
592,295,687,document_preparation,2020-09-30,2023-06-28,67650.16,paid
593,802,586,court_filing_fee,2020-01-19,2025-08-08,180682.24,unpaid
594,773,515,document_preparation,2020-01-11,2020-01-11,35997.9,unpaid
595,524,880,consultation_fee,2021-12-17,2022-10-15,204793.09,unpaid
596,48,546,other_service,2026-09-12,2026-09-12,239591.06,unpaid
597,741,572,other_service,2025-07-21,2025-07-21,159923.39,not_processed
598,161,226,other_service,2025-01-15,2025-01-15,17987.84,unpaid
599,210,165,court_filing_fee,2020-09-06,2024-09-17,237748.45,failed
600,32,452,urgent_service,2025-02-24,2025-02-24,179434.7,failed
601,597,255,process_fee,2018-07-02,2026-12-10,62234.23,unpaid
602,984,776,translation_service,2019-12-11,2019-12-11,125728.18,not_processed
603,401,271,process_fee,2018-03-02,2020-09-21,88684.37,unpaid
604,475,756,court_filing_fee,2022-09-07,2024-02-14,153949.05,paid
605,369,238,court_filing_fee,2026-03-23,2026-03-23,95836.92,failed
606,993,903,urgent_service,2018-10-14,2024-04-16,46396.15,failed
607,334,251,process_fee,2025-02-12,2025-02-12,245827.27,paid
608,478,91,process_fee,2024-04-17,2025-05-22,218994.88,paid
609,399,844,process_fee,2025-06-20,2025-06-20,236407.93,not_processed
610,170,746,translation_service,2021-07-09,2025-10-25,85687.86,unpaid
611,666,594,translation_service,2020-07-20,2022-02-18,15621.26,unpaid
612,680,432,court_filing_fee,2022-11-09,2022-11-09,214565.76,failed
613,832,235,other_service,2021-06-19,2022-08-10,94613.87,not_processed
614,425,144,urgent_service,2019-03-30,2026-12-17,243264.28,unpaid
615,218,214,translation_service,2019-03-12,2019-03-12,180009.81,unpaid
616,416,83,consultation_fee,2020-09-24,2024-09-13,116889.77,paid
617,478,790,court_filing_fee,2022-06-18,2022-06-18,115046.56,not_processed
618,554,680,document_preparation,2020-04-12,2020-06-26,203933.85,unpaid
619,478,145,court_filing_fee,2024-10-24,2024-10-24,44836.38,unpaid
620,669,4,translation_service,2021-02-17,2022-09-09,216983.44,unpaid
621,554,30,court_filing_fee,2025-12-24,2025-12-24,91798.73,not_processed
622,588,162,process_fee,2022-11-23,2022-11-23,83141.78,not_processed
623,190,878,court_filing_fee,2021-03-06,2023-09-18,9864.44,unpaid
624,519,504,court_filing_fee,2018-01-09,2026-04-23,194543.19,not_processed
625,417,364,document_preparation,2025-06-11,2025-06-11,193763.46,unpaid
626,399,215,document_preparation,2020-01-26,2020-01-26,232125.59,failed
627,243,353,process_fee,2018-12-05,2024-11-23,41961.64,paid
628,255,309,urgent_service,2020-05-23,2024-09-16,166657.35,not_processed
629,927,500,other_service,2019-03-28,2024-04-17,94131.32,failed
630,170,746,translation_service,2022-03-30,2024-07-19,123124.08,unpaid
631,275,626,translation_service,2021-05-04,2021-05-04,58383.72,failed
632,664,816,court_filing_fee,2020-12-16,2024-04-03,62536.51,failed
633,121,963,translation_service,2025-06-21,2025-06-21,63349.41,failed
634,622,702,document_preparation,2025-03-07,2025-03-07,208005.5,paid
635,154,786,process_fee,2022-04-30,2022-04-30,236822.89,failed
636,799,808,process_fee,2023-03-28,2023-03-28,126722.59,unpaid
637,605,554,other_service,2018-07-13,2022-03-11,63422.17,failed
638,666,707,urgent_service,2021-08-18,2021-08-18,42548.53,unpaid
639,313,553,document_preparation,2024-06-02,2024-06-02,226298.49,unpaid
640,139,749,translation_service,2023-06-27,2026-12-02,81384.87,failed
641,413,836,process_fee,2022-04-07,2022-05-06,20035.95,not_processed
642,28,732,document_preparation,2021-07-17,2025-05-22,65001.81,unpaid
643,546,601,other_service,2026-07-24,2026-07-24,127714.87,unpaid
644,832,235,other_service,2019-02-10,2021-11-13,231558.73,paid
645,365,673,process_fee,2021-03-20,2021-03-20,74044.66,unpaid
646,92,59,urgent_service,2021-02-01,2024-04-30,177183.31,paid
647,32,452,process_fee,2019-10-07,2022-06-20,111863.31,unpaid
648,13,449,urgent_service,2020-04-22,2020-04-22,139585.53,not_processed
649,554,361,urgent_service,2020-07-24,2022-04-08,224866.13,paid
650,402,900,other_service,2023-06-28,2025-06-06,190314.62,failed
651,825,842,document_preparation,2026-09-12,2026-09-12,114797.08,unpaid
652,478,275,process_fee,2023-11-10,2023-11-10,64703.53,not_processed
653,957,206,consultation_fee,2022-07-19,2023-05-27,4783.84,not_processed
654,429,21,other_service,2026-03-01,2026-03-01,24121.61,failed
655,4,672,court_filing_fee,2023-08-29,2023-09-07,167465.79,unpaid
656,384,41,translation_service,2022-05-19,2022-05-19,119768.29,paid
657,201,832,translation_service,2023-02-07,2023-07-20,132464.01,not_processed
658,211,247,consultation_fee,2020-07-30,2026-12-14,15576.91,paid
659,66,301,urgent_service,2018-10-01,2022-07-15,53953.2,not_processed
660,895,426,other_service,2024-06-26,2024-06-26,202160.26,paid
661,374,618,translation_service,2022-10-13,2023-09-01,87191.46,unpaid
662,65,821,document_preparation,2018-07-24,2022-10-04,206551,failed
663,954,897,urgent_service,2024-01-02,2024-01-02,163458.13,unpaid
664,758,46,court_filing_fee,2022-03-09,2026-10-11,55223.05,not_processed
665,514,561,process_fee,2020-09-12,2020-09-12,51968.89,failed
666,657,825,process_fee,2025-07-22,2025-07-22,137683.71,unpaid
667,149,856,court_filing_fee,2018-11-14,2026-03-25,41004.35,paid
668,657,557,consultation_fee,2022-10-06,2024-09-27,70618.98,failed
669,153,126,urgent_service,2021-02-06,2022-12-08,55657,unpaid
670,152,667,process_fee,2019-01-11,2020-03-27,33076.21,paid
671,889,930,consultation_fee,2025-07-05,2025-07-05,87746.14,failed
672,61,57,urgent_service,2018-04-03,2024-11-20,172201.33,unpaid
673,541,118,urgent_service,2021-01-07,2022-11-22,102426.9,paid
674,129,564,court_filing_fee,2020-05-19,2020-09-21,25384.95,paid
675,41,29,court_filing_fee,2019-11-19,2019-11-19,37609.35,paid
676,453,352,consultation_fee,2024-02-20,2026-02-14,157146.31,not_processed
677,886,10,consultation_fee,2020-04-10,2026-01-14,184294.18,not_processed
678,426,623,other_service,2023-12-03,2023-12-03,170333.26,failed
679,680,267,document_preparation,2021-08-30,2021-08-30,153503.6,failed
680,4,55,document_preparation,2026-08-20,2026-08-20,93603.22,not_processed
681,679,659,other_service,2020-04-04,2020-04-04,163523.59,failed
682,329,520,court_filing_fee,2023-08-11,2023-08-11,41073.5,unpaid
683,909,775,other_service,2022-01-02,2022-01-02,172973.86,paid
684,486,417,process_fee,2019-02-20,2024-10-08,222283.3,not_processed
685,370,814,urgent_service,2023-09-24,2023-09-24,187396.35,failed
686,768,663,other_service,2024-09-21,2024-09-21,22492.63,not_processed
687,342,9,document_preparation,2023-07-04,2023-10-03,182480.27,unpaid
688,153,1000,other_service,2026-08-27,2026-08-27,157514.38,failed
689,801,5,court_filing_fee,2020-02-08,2024-03-29,88884.99,unpaid
690,707,284,translation_service,2025-08-24,2025-08-24,39886.93,unpaid
691,895,426,consultation_fee,2025-07-23,2025-07-23,76798.86,not_processed
692,502,294,urgent_service,2019-02-02,2023-03-05,229783.92,failed
693,660,862,document_preparation,2023-04-21,2023-04-21,48602.57,unpaid
694,675,360,other_service,2022-03-29,2024-07-18,150444.72,not_processed
695,534,184,process_fee,2018-08-08,2021-03-21,25866.07,unpaid
696,35,765,other_service,2026-01-22,2026-01-22,30520.42,unpaid
697,90,648,translation_service,2025-06-15,2025-06-15,32729.9,unpaid
698,413,161,document_preparation,2019-09-24,2023-10-28,48124.23,paid
699,399,215,other_service,2024-03-08,2024-03-08,59615.71,paid
700,293,901,document_preparation,2018-11-12,2023-11-08,135248.82,failed
701,641,855,court_filing_fee,2022-10-24,2022-10-24,158135.8,failed
702,121,963,urgent_service,2018-04-13,2022-10-02,1896.43,unpaid
703,772,537,urgent_service,2023-04-05,2023-04-05,223288.55,failed
704,846,556,process_fee,2020-06-26,2020-06-26,154744.21,unpaid
705,471,826,translation_service,2021-05-30,2026-03-07,181013.83,failed
706,445,26,translation_service,2026-09-12,2026-09-12,129977.08,paid
707,626,170,urgent_service,2020-10-12,2024-04-18,4993.6,unpaid
708,755,950,translation_service,2022-01-18,2022-01-18,128316.49,failed
709,254,464,process_fee,2019-01-17,2026-04-30,48206.67,unpaid
710,121,963,process_fee,2026-07-23,2026-07-23,166374.62,failed
711,417,307,document_preparation,2018-11-02,2022-02-13,219255.6,unpaid
712,798,425,court_filing_fee,2025-06-01,2025-06-01,16597.49,not_processed
713,773,304,process_fee,2025-07-26,2025-07-26,70474.73,not_processed
714,413,813,urgent_service,2023-09-22,2024-04-09,13236.73,unpaid
715,306,610,process_fee,2025-05-29,2025-05-29,105965.76,unpaid
716,816,198,process_fee,2024-09-13,2024-09-13,208035.68,paid
717,519,533,consultation_fee,2019-06-18,2019-06-18,177399.25,paid
718,417,123,process_fee,2021-10-09,2021-10-09,19613.86,unpaid
719,885,744,document_preparation,2018-12-01,2025-03-20,49118.31,unpaid
720,236,534,urgent_service,2025-03-25,2025-03-25,35032.04,unpaid
721,921,740,document_preparation,2018-09-28,2021-08-17,183752.88,not_processed
722,936,264,document_preparation,2025-02-25,2025-02-25,171786.11,unpaid
723,867,850,process_fee,2025-04-23,2025-04-23,139001.83,failed
724,502,881,urgent_service,2025-06-04,2026-04-10,60408,unpaid
725,151,912,consultation_fee,2021-04-25,2021-04-25,74951.43,not_processed
726,554,106,court_filing_fee,2018-01-20,2022-08-13,95050.93,failed
727,374,618,document_preparation,2024-02-20,2026-11-17,181344.35,failed
728,334,251,consultation_fee,2020-03-30,2020-03-30,170871.59,failed
729,208,331,other_service,2023-09-17,2023-09-17,22114.58,unpaid
730,742,824,document_preparation,2022-09-24,2023-03-20,243724.5,failed
731,478,790,consultation_fee,2019-02-06,2020-02-02,5817.32,paid
732,971,89,process_fee,2023-09-22,2023-09-22,147078.4,unpaid
733,626,921,consultation_fee,2024-02-26,2024-02-26,47152.41,unpaid
734,554,422,document_preparation,2020-06-04,2020-06-04,229658.65,not_processed
735,83,160,other_service,2021-01-21,2022-09-07,148985.56,failed
736,155,847,court_filing_fee,2021-03-23,2022-07-17,151187.84,unpaid
737,707,975,process_fee,2023-01-04,2023-01-04,176808.62,paid
738,365,673,document_preparation,2018-02-20,2019-05-07,92528.96,failed
739,879,15,process_fee,2023-01-13,2025-03-12,12803.54,failed
740,475,979,urgent_service,2023-12-20,2023-12-20,140571.86,paid
741,613,928,process_fee,2026-07-28,2026-07-28,223579.37,unpaid
742,679,659,court_filing_fee,2022-02-10,2022-08-24,119409.67,unpaid
743,899,146,consultation_fee,2023-02-27,2023-02-27,192062.57,not_processed
744,551,103,consultation_fee,2021-02-14,2022-04-15,124283.56,not_processed
745,846,709,consultation_fee,2022-01-27,2026-08-04,240964.95,not_processed
746,567,295,consultation_fee,2020-07-08,2026-08-25,89723.53,unpaid
747,415,351,urgent_service,2024-04-11,2024-04-11,143450.73,not_processed
748,717,139,other_service,2018-04-06,2018-04-06,34994.88,failed
749,201,347,translation_service,2026-09-12,2026-09-12,34672.31,unpaid
750,346,338,other_service,2022-01-20,2022-01-20,156692.96,not_processed
751,129,369,translation_service,2026-07-26,2026-07-26,146246.5,unpaid
752,832,858,court_filing_fee,2024-11-06,2024-11-06,159953.38,not_processed
753,161,226,consultation_fee,2018-11-09,2026-11-23,4500.33,not_processed
754,218,614,translation_service,2019-12-11,2020-07-08,195876.98,unpaid
755,964,92,consultation_fee,2026-05-11,2026-05-11,199777.74,unpaid
756,311,993,court_filing_fee,2025-03-02,2026-10-27,67987.31,failed
757,966,550,process_fee,2023-06-19,2023-06-19,194775.2,unpaid
758,426,623,consultation_fee,2025-11-02,2025-11-02,157970.06,paid
759,519,113,other_service,2019-03-02,2019-03-02,230300.49,not_processed
760,370,220,urgent_service,2023-07-09,2024-02-23,62071.13,unpaid
761,151,791,other_service,2026-06-10,2026-06-10,219985.36,not_processed
762,370,885,other_service,2026-09-04,2026-09-04,171478.36,unpaid
763,210,356,translation_service,2019-09-01,2020-05-06,96807.81,not_processed
764,415,351,consultation_fee,2020-06-25,2026-04-17,51649.77,not_processed
765,19,931,other_service,2025-10-18,2025-10-18,78737.2,not_processed
766,178,620,urgent_service,2025-12-13,2025-12-13,25807.42,paid
767,398,94,process_fee,2025-03-22,2025-03-22,81160.01,failed
768,11,699,court_filing_fee,2018-02-17,2026-04-25,18691.36,failed
769,758,46,translation_service,2019-11-20,2019-11-20,208750.59,failed
770,16,319,court_filing_fee,2025-07-11,2025-07-11,130375.23,not_processed
771,48,410,translation_service,2026-02-12,2026-02-12,104512.18,failed
772,612,787,urgent_service,2023-04-07,2025-04-25,54926.53,not_processed
773,208,256,process_fee,2020-04-28,2020-04-28,59165.59,paid
774,478,790,translation_service,2026-09-12,2026-09-12,128937.02,not_processed
775,334,316,urgent_service,2022-10-10,2024-11-20,117470.36,failed
776,540,120,other_service,2019-06-18,2021-02-13,120458.47,failed
777,998,634,consultation_fee,2019-09-14,2019-09-14,29970.82,not_processed
778,599,291,translation_service,2024-11-26,2024-11-26,153238.24,failed
779,616,750,translation_service,2021-07-11,2025-02-10,125132.92,not_processed
780,877,367,court_filing_fee,2021-05-31,2021-05-31,178802.54,failed
781,832,532,court_filing_fee,2018-11-24,2021-07-06,163669.5,failed
782,534,967,process_fee,2025-06-26,2025-06-26,64696.75,unpaid
783,399,215,urgent_service,2026-09-12,2026-09-12,176300.94,paid
784,341,976,urgent_service,2021-03-09,2023-05-20,38612.47,not_processed
785,190,217,urgent_service,2020-12-19,2020-12-19,94295.87,failed
786,780,495,translation_service,2025-11-07,2025-11-07,116586.91,paid
787,134,558,consultation_fee,2025-10-03,2025-10-03,82223.59,failed
788,680,432,other_service,2022-07-06,2023-05-12,133282.78,paid
789,185,169,translation_service,2023-04-22,2026-08-25,126228.45,failed
790,236,534,process_fee,2018-07-28,2026-07-14,223131.03,paid
791,346,708,translation_service,2020-12-07,2020-12-07,8323.58,failed
792,161,149,consultation_fee,2018-01-24,2024-06-15,101196.53,unpaid
793,801,5,other_service,2021-10-18,2023-05-30,239728.7,unpaid
794,816,981,other_service,2018-09-04,2023-06-22,152149.67,failed
795,963,689,translation_service,2020-09-05,2020-09-05,151007.23,unpaid
796,212,525,urgent_service,2021-08-05,2021-08-26,191701.05,unpaid
797,844,807,court_filing_fee,2023-04-27,2023-10-12,212619.11,not_processed
798,859,6,urgent_service,2022-10-11,2022-10-11,124221.66,unpaid
799,61,57,process_fee,2026-09-12,2026-09-12,139254.73,failed
800,342,322,court_filing_fee,2023-11-17,2024-09-04,24694.11,failed
801,824,344,translation_service,2026-09-12,2026-09-12,24126.14,not_processed
802,983,221,process_fee,2021-03-03,2023-06-27,74361.41,not_processed
803,41,29,other_service,2026-03-18,2026-03-18,15404.29,unpaid
804,975,152,consultation_fee,2024-01-11,2024-01-11,46156.45,not_processed
805,41,490,document_preparation,2025-09-24,2025-09-24,236051.67,unpaid
806,957,729,court_filing_fee,2019-03-07,2023-01-21,114752.42,failed
807,154,28,translation_service,2018-07-08,2018-07-08,49031.3,failed
808,196,938,process_fee,2019-06-28,2020-03-31,19987.71,failed
809,801,5,consultation_fee,2023-06-11,2023-06-11,71552.25,unpaid
810,694,741,process_fee,2025-09-01,2025-09-01,173045,failed
811,966,434,translation_service,2021-01-29,2024-01-09,28764.95,failed
812,798,656,document_preparation,2021-02-21,2022-05-28,154898.65,unpaid
813,988,683,urgent_service,2024-01-12,2026-12-04,48391.72,paid
814,546,937,other_service,2020-02-03,2026-09-13,242436.29,failed
815,417,482,document_preparation,2025-02-15,2025-02-15,101127.72,unpaid
816,142,645,translation_service,2026-04-07,2026-04-07,1684.37,paid
817,502,881,document_preparation,2026-04-04,2026-04-04,113959.38,failed
818,413,225,court_filing_fee,2022-08-18,2022-10-23,203349.7,failed
819,142,536,urgent_service,2022-02-23,2022-06-17,242654.31,unpaid
820,334,970,urgent_service,2026-09-12,2026-11-10,143025.76,not_processed
821,846,38,process_fee,2021-12-12,2022-10-06,103857.57,not_processed
822,964,644,other_service,2018-12-28,2025-11-22,62970.06,unpaid
823,182,78,process_fee,2020-01-15,2024-05-31,81866.41,failed
824,966,227,document_preparation,2018-01-20,2018-02-10,189754.53,unpaid
825,212,320,translation_service,2026-09-12,2026-09-12,88423.71,failed
826,993,995,process_fee,2019-03-28,2019-03-28,43693.53,failed
827,745,209,court_filing_fee,2022-06-06,2025-01-16,44164.6,failed
828,291,860,consultation_fee,2020-12-17,2021-12-02,78946.59,failed
829,369,465,consultation_fee,2019-01-28,2025-12-01,114293.4,not_processed
830,983,343,document_preparation,2018-12-16,2024-01-06,31422.48,unpaid
831,413,416,process_fee,2023-03-07,2026-02-10,232581.48,unpaid
832,616,750,urgent_service,2025-04-18,2025-04-18,91834.59,not_processed
833,524,197,court_filing_fee,2021-04-09,2021-04-09,172545.94,failed
834,41,490,consultation_fee,2020-03-06,2026-07-24,79627.55,unpaid
835,801,334,consultation_fee,2018-01-18,2025-04-16,207550.52,unpaid
836,749,52,translation_service,2019-02-16,2025-06-22,209540.51,not_processed
837,666,498,document_preparation,2021-02-05,2026-07-25,55914.59,failed
838,161,258,consultation_fee,2026-08-22,2026-08-22,167364.59,paid
839,212,525,document_preparation,2018-08-11,2025-04-30,229366.16,failed
840,145,335,document_preparation,2018-04-11,2023-07-17,90147.19,unpaid
841,478,275,court_filing_fee,2024-01-27,2024-01-27,7385.99,unpaid
842,431,393,other_service,2018-01-18,2018-07-03,243565.62,failed
843,879,15,document_preparation,2018-06-03,2024-01-28,183242.2,paid
844,56,167,process_fee,2023-11-26,2026-11-10,180081.61,unpaid
845,927,125,consultation_fee,2022-08-09,2022-08-09,147437.07,unpaid
846,248,323,document_preparation,2022-09-16,2022-09-16,182777.99,unpaid
847,472,734,translation_service,2022-07-15,2022-07-30,207622.17,failed
848,499,616,other_service,2026-04-13,2026-04-13,204524.02,unpaid
849,128,166,process_fee,2026-06-30,2026-06-30,249132.09,failed
850,218,214,urgent_service,2023-02-13,2023-02-13,25330.09,unpaid
851,19,470,other_service,2018-07-18,2024-07-12,152936.26,paid
852,605,457,other_service,2022-02-08,2025-08-05,146538.29,not_processed
853,161,226,consultation_fee,2020-04-04,2020-04-04,35914.26,failed
854,97,635,urgent_service,2026-09-12,2026-09-12,165990.5,not_processed
855,28,514,translation_service,2024-11-27,2024-11-27,155720.1,failed
856,454,280,process_fee,2025-03-27,2026-09-28,185369.04,unpaid
857,129,48,document_preparation,2020-02-04,2020-02-04,23943.14,paid
858,28,732,court_filing_fee,2019-03-23,2020-04-01,12620.17,unpaid
859,326,978,document_preparation,2019-10-19,2021-11-28,55274.67,failed
860,132,567,consultation_fee,2023-01-22,2023-01-22,214137.39,paid
861,660,330,other_service,2019-07-07,2024-05-07,110926.02,failed
862,554,422,court_filing_fee,2020-07-13,2024-11-27,168344.42,paid
863,153,111,translation_service,2018-09-15,2018-09-15,18202.1,not_processed
864,413,467,process_fee,2018-07-07,2019-04-02,30345.42,unpaid
865,707,767,urgent_service,2025-12-12,2025-12-12,133281.27,not_processed
866,254,464,translation_service,2024-04-15,2024-04-15,179452.64,unpaid
867,213,861,document_preparation,2025-02-13,2025-06-22,47286.13,not_processed
868,384,751,urgent_service,2021-05-26,2023-06-11,168454.91,unpaid
869,746,405,document_preparation,2018-05-15,2018-07-20,64901.34,unpaid
870,854,435,other_service,2022-11-16,2024-08-18,167875.11,not_processed
871,381,957,process_fee,2023-05-29,2023-05-29,71368.5,not_processed
872,487,703,urgent_service,2024-11-26,2024-11-26,76129.34,unpaid
873,151,912,translation_service,2018-05-17,2024-03-01,247828.63,paid
874,920,781,other_service,2021-09-16,2021-09-16,138922.38,not_processed
875,248,323,document_preparation,2026-09-12,2026-09-12,46828.34,paid
876,431,608,process_fee,2018-10-13,2024-01-08,178457.42,failed
877,417,307,document_preparation,2021-12-09,2021-12-09,139282.36,not_processed
878,346,708,document_preparation,2018-12-27,2020-09-10,76329.11,not_processed
879,128,166,document_preparation,2020-04-19,2025-05-18,11854.84,unpaid
880,972,800,process_fee,2019-05-08,2019-06-29,63270.79,unpaid
881,324,31,translation_service,2018-03-27,2023-06-30,49947.18,failed
882,111,474,document_preparation,2024-01-10,2024-01-10,97994.21,not_processed
883,943,879,other_service,2026-08-25,2026-08-25,191189.48,not_processed
884,180,456,document_preparation,2026-09-12,2026-09-12,3285.56,unpaid
885,429,785,urgent_service,2021-04-29,2021-04-29,178030.13,paid
886,751,694,other_service,2024-11-28,2024-11-28,153468.65,not_processed
887,340,955,urgent_service,2020-10-31,2022-03-13,240576.03,paid
888,20,828,document_preparation,2023-01-25,2023-01-25,68610.59,unpaid
889,102,896,translation_service,2023-12-15,2025-03-25,124278.18,failed
890,802,242,other_service,2022-06-21,2022-06-21,188847.6,failed
891,666,707,process_fee,2019-01-17,2019-09-24,7179.17,failed
892,897,823,document_preparation,2023-03-12,2023-03-12,9303.02,failed
893,972,692,court_filing_fee,2019-06-09,2021-04-08,19083.16,not_processed
894,152,300,other_service,2021-04-25,2022-05-28,118240.4,failed
895,927,448,consultation_fee,2022-04-27,2022-04-27,244756.18,failed
896,524,562,consultation_fee,2024-08-29,2024-09-17,221643.29,unpaid
897,235,376,other_service,2024-10-25,2024-10-25,155110.5,failed
898,210,130,court_filing_fee,2026-08-20,2026-08-20,239910.49,failed
899,295,916,translation_service,2018-08-08,2023-12-08,128054.75,paid
900,657,121,document_preparation,2021-07-11,2021-07-11,18004.78,unpaid
901,660,330,urgent_service,2020-07-26,2020-07-26,64552.13,unpaid
902,153,710,consultation_fee,2025-08-22,2025-08-22,191145.01,failed
903,826,265,translation_service,2026-09-12,2026-09-12,98881.57,paid
904,53,696,translation_service,2024-05-05,2026-01-21,162500.76,unpaid
905,251,74,urgent_service,2022-05-04,2022-07-20,113970.55,not_processed
906,660,471,urgent_service,2018-01-18,2020-12-06,173356.56,paid
907,453,352,document_preparation,2024-02-13,2026-03-01,23554.69,paid
908,502,16,consultation_fee,2021-11-10,2026-08-04,57327.64,paid
909,76,156,translation_service,2023-12-21,2023-12-21,175097.57,failed
910,26,62,translation_service,2022-01-03,2022-07-31,217362.54,not_processed
911,454,454,consultation_fee,2024-08-07,2024-08-07,12862.33,not_processed
912,369,766,other_service,2020-09-09,2024-03-31,241413.57,paid
913,519,484,consultation_fee,2021-04-07,2023-10-19,41576.68,unpaid
914,899,228,process_fee,2024-08-30,2026-02-16,10522.03,paid
915,121,71,translation_service,2026-01-09,2026-01-09,78918.13,unpaid
916,433,65,court_filing_fee,2025-08-30,2025-08-30,173158.04,paid
917,161,226,urgent_service,2024-08-13,2024-08-13,72197.87,paid
918,154,272,urgent_service,2023-10-10,2023-10-10,134893.97,not_processed
919,724,276,other_service,2020-11-16,2022-05-09,102669.93,unpaid
920,61,726,translation_service,2026-03-20,2026-03-20,132194.79,unpaid
921,993,774,court_filing_fee,2021-06-03,2023-05-01,83931.41,not_processed
922,971,404,document_preparation,2019-07-17,2021-07-14,89195.21,unpaid
923,818,613,consultation_fee,2023-02-04,2023-11-18,30974.78,not_processed
924,854,435,other_service,2024-12-26,2024-12-26,68671.95,not_processed
925,374,618,other_service,2022-12-12,2026-08-22,141599.64,not_processed
926,482,248,process_fee,2026-04-08,2026-04-08,92474.42,unpaid
927,145,439,translation_service,2019-04-29,2024-03-21,61546.88,paid
928,83,385,urgent_service,2023-06-05,2025-03-23,236172.75,paid
929,293,901,translation_service,2024-12-13,2026-04-05,73254.77,not_processed
930,145,335,urgent_service,2021-05-18,2023-05-29,6917.44,failed
931,801,475,translation_service,2019-09-07,2024-10-11,104672.76,unpaid
932,326,599,process_fee,2021-11-20,2024-09-28,140874.71,not_processed
933,26,573,urgent_service,2021-07-05,2021-09-12,80363.54,unpaid
934,964,936,document_preparation,2025-07-19,2025-07-19,74104.1,not_processed
935,502,881,translation_service,2025-06-07,2025-06-07,103602.31,unpaid
936,546,601,urgent_service,2022-01-13,2025-07-29,9147.18,unpaid
937,627,86,translation_service,2026-06-27,2026-06-27,180671.43,unpaid
938,42,424,translation_service,2018-07-23,2026-08-17,3831.8,failed
939,321,409,consultation_fee,2019-06-10,2022-08-18,229150.85,unpaid
940,339,527,process_fee,2025-06-09,2025-06-16,193016.21,unpaid
941,492,45,document_preparation,2024-03-08,2024-03-08,154657.01,not_processed
942,657,598,translation_service,2021-09-27,2026-04-19,147609.56,unpaid
943,506,109,consultation_fee,2018-12-23,2025-12-13,123709.95,failed
944,145,439,consultation_fee,2023-08-16,2023-08-16,153490.67,not_processed
945,185,625,process_fee,2023-04-25,2024-06-24,30951.06,paid
946,162,431,urgent_service,2026-09-10,2026-09-10,160234.54,paid
947,365,191,translation_service,2022-03-06,2025-01-01,233266.89,not_processed
948,502,177,urgent_service,2021-03-31,2025-10-30,190313.44,not_processed
949,802,461,consultation_fee,2025-05-15,2025-05-15,18002.25,paid
950,429,345,translation_service,2021-10-04,2023-03-26,23029.71,unpaid
951,887,989,translation_service,2020-01-31,2021-12-18,124140.02,failed
952,478,275,document_preparation,2026-09-11,2026-09-11,130579.03,not_processed
953,170,418,court_filing_fee,2023-06-10,2023-06-10,86849.6,paid
954,772,131,consultation_fee,2026-09-12,2026-09-12,161418.2,paid
955,321,568,consultation_fee,2022-01-25,2022-01-25,196808.87,failed
956,427,859,process_fee,2025-12-02,2025-12-02,116354.39,failed
957,772,851,court_filing_fee,2022-03-06,2026-10-08,152961.42,not_processed
958,849,506,other_service,2022-07-29,2022-07-29,55852.42,failed
959,745,209,translation_service,2018-05-19,2020-04-22,200540.25,not_processed
960,334,990,document_preparation,2019-08-03,2023-06-01,95271,failed
961,576,444,consultation_fee,2025-07-21,2025-07-21,15879.59,unpaid
962,132,293,consultation_fee,2022-11-27,2026-06-18,33389.21,not_processed
963,76,888,document_preparation,2021-12-11,2022-09-08,210963.45,paid
964,445,26,court_filing_fee,2018-12-10,2022-08-28,242369.79,failed
965,76,156,document_preparation,2024-01-14,2024-01-14,22303.89,not_processed
966,139,497,translation_service,2019-04-04,2024-08-10,83554.81,unpaid
967,56,167,other_service,2023-09-03,2023-09-03,155065.27,not_processed
968,757,895,consultation_fee,2020-03-12,2020-03-12,18522.01,unpaid
969,433,731,process_fee,2019-01-19,2023-05-30,72937.97,unpaid
970,824,321,other_service,2024-09-23,2026-07-10,16176.9,paid
971,402,900,urgent_service,2026-03-30,2026-03-30,206772.88,not_processed
972,415,351,consultation_fee,2023-05-21,2023-05-21,66872.66,not_processed
973,964,644,consultation_fee,2025-06-27,2025-06-27,177623.54,failed
974,456,508,translation_service,2024-03-06,2024-03-06,151601.22,paid
975,288,371,process_fee,2019-11-15,2020-11-23,200853.17,failed
976,134,438,process_fee,2026-06-01,2026-06-01,87337.8,failed
977,182,78,other_service,2021-06-15,2022-07-08,50272.6,paid
978,605,437,urgent_service,2020-07-27,2022-08-20,237337.25,paid
979,146,960,court_filing_fee,2023-04-03,2023-04-03,222205.04,not_processed
980,161,226,translation_service,2021-08-18,2025-11-05,18247.82,failed
981,541,118,translation_service,2026-01-10,2026-01-10,199711.63,not_processed
982,131,253,translation_service,2026-09-12,2026-09-12,189785.04,not_processed
983,825,302,urgent_service,2023-07-10,2023-07-10,245696.2,failed
984,547,372,court_filing_fee,2024-08-03,2024-12-31,58384.56,paid
985,541,118,translation_service,2020-07-06,2024-01-20,33286.6,paid
986,426,98,process_fee,2024-05-17,2024-05-17,69252.76,not_processed
987,509,501,consultation_fee,2025-03-12,2025-03-12,108377.23,failed
988,828,543,consultation_fee,2019-12-15,2021-05-02,242412.77,unpaid
989,941,176,other_service,2025-02-22,2025-02-22,116127.65,paid
990,145,335,translation_service,2021-09-19,2025-06-21,118847.23,unpaid
991,957,729,document_preparation,2020-12-20,2024-05-04,157352.08,not_processed
992,971,89,document_preparation,2019-09-26,2019-09-26,77417.27,not_processed
993,92,59,court_filing_fee,2022-10-09,2022-10-09,40365.68,not_processed
994,622,664,document_preparation,2024-07-11,2026-08-12,77246.09,unpaid
995,657,717,court_filing_fee,2024-07-17,2024-07-17,186858.54,unpaid
996,800,820,consultation_fee,2026-08-11,2026-08-11,38376.07,unpaid
997,649,377,urgent_service,2021-01-02,2025-11-16,187176.21,unpaid
998,32,452,translation_service,2019-11-03,2024-02-14,68346.06,not_processed
999,669,4,process_fee,2022-09-26,2025-04-28,53155.45,not_processed
1000,449,684,other_service,2026-08-07,2026-08-07,245479.32,failed
