matter_id,client_id,consultation_id,matter_type,origin_channel,opened_at,current_stage,responsible_lawyer_id,total_fee_agreed,contract_signed,power_of_attorney_signed,documents_complete,closed_at,outcome
1,61,990,labor,email,2026-09-12,closed,1,1510,TRUE,TRUE,FALSE,2026-09-12,office_declined
2,240,270,family,whatsapp,2017-03-23,approved,2,1972.7,TRUE,FALSE,TRUE,,ongoing
3,846,801,family,phone,2021-05-06,rejected,3,2253.6,FALSE,FALSE,FALSE,,ongoing
4,669,358,criminal,email,2026-09-12,approved,4,637.13,TRUE,FALSE,TRUE,,ongoing
5,801,751,family,email,2023-08-17,closed,5,3265.11,TRUE,FALSE,FALSE,2023-08-17,completed
6,859,331,labor,email,2026-09-12,under_investigation,6,1002.19,TRUE,TRUE,TRUE,,accepted
7,704,898,immigration,whatsapp,2022-01-17,closed,7,3808.07,FALSE,FALSE,TRUE,2026-09-12,office_declined
8,509,919,consultation,email,2026-07-15,under_investigation,8,3557.77,FALSE,TRUE,FALSE,,ongoing
9,342,266,family,phone,2020-05-30,closed,9,219.82,FALSE,TRUE,FALSE,2020-05-30,cancelled
10,886,543,criminal,email,2022-12-27,closed,10,3033.99,FALSE,TRUE,TRUE,2026-09-12,settled
11,19,81,real_estate,phone,2024-05-28,closed,11,1943.09,TRUE,FALSE,TRUE,2026-09-12,client_withdrawal
12,377,939,contract_review,whatsapp,2024-03-30,closed,12,3535.28,TRUE,FALSE,TRUE,2024-03-30,resolved
13,6,55,criminal,email,2020-02-23,pending,13,3644.99,TRUE,TRUE,FALSE,,accepted
14,972,693,consultation,email,2018-04-20,closed,14,2375.76,TRUE,FALSE,FALSE,2026-07-20,completed
15,879,892,civil,email,2026-09-12,under_review,15,954.27,TRUE,FALSE,FALSE,,in_progress
16,502,647,real_estate,whatsapp,2026-08-28,under_review,16,3515.15,FALSE,FALSE,FALSE,,accepted
17,985,177,consultation,whatsapp,2023-05-25,pending,17,1607.05,FALSE,FALSE,TRUE,,in_progress
18,557,405,contract_review,email,2019-09-10,approved,18,1786.7,FALSE,FALSE,FALSE,,in_progress
19,182,962,criminal,email,2022-12-07,under_review,19,1644.82,TRUE,FALSE,TRUE,,ongoing
20,694,440,labor,email,2025-01-26,pending,20,326.23,FALSE,FALSE,TRUE,,accepted
21,429,585,civil,whatsapp,2022-03-07,closed,21,3623.69,FALSE,FALSE,FALSE,2024-06-28,lost_case
22,731,425,commercial,email,2024-07-30,closed,22,4871.67,FALSE,FALSE,FALSE,2025-07-17,settled
23,605,942,consultation,phone,2021-04-26,closed,23,3087.38,FALSE,FALSE,FALSE,2021-04-26,cancelled
24,415,164,commercial,email,2026-09-12,in_process,24,1626.66,TRUE,FALSE,TRUE,,in_progress
25,557,405,immigration,email,2026-09-12,closed,25,553.86,TRUE,FALSE,FALSE,2026-09-12,settled
26,445,840,real_estate,whatsapp,2015-07-16,closed,26,4798.12,TRUE,FALSE,TRUE,2020-06-10,lost_case
27,154,551,criminal,whatsapp,2026-09-12,closed,27,1317.97,FALSE,TRUE,FALSE,2026-09-12,resolved
28,154,47,criminal,phone,2026-01-31,closed,28,893.49,FALSE,FALSE,TRUE,2026-09-12,client_withdrawal
29,41,130,commercial,phone,2020-09-23,in_process,29,939.58,TRUE,FALSE,TRUE,,ongoing
30,554,217,family,email,2024-03-13,in_process,30,1014.72,FALSE,FALSE,TRUE,,ongoing
31,324,666,consultation,phone,2015-05-24,closed,31,788.54,FALSE,FALSE,FALSE,2026-09-12,resolved
32,844,987,family,phone,2026-09-12,closed,32,4866.04,FALSE,TRUE,FALSE,2026-09-12,completed
33,971,674,labor,phone,2017-10-12,closed,33,2967.87,FALSE,FALSE,FALSE,2026-09-12,resolved
34,387,890,consultation,email,2026-09-12,in_process,34,4463.52,TRUE,FALSE,FALSE,,ongoing
35,61,505,commercial,email,2022-09-03,closed,35,4973.82,FALSE,TRUE,FALSE,2022-09-03,cancelled
36,899,983,administrative,phone,2021-05-19,approved,36,1054.64,TRUE,FALSE,FALSE,,in_progress
37,471,532,family,phone,2023-11-08,closed,37,3190.92,TRUE,FALSE,TRUE,2023-11-08,resolved
38,846,409,immigration,email,2026-09-12,closed,38,2192.07,FALSE,TRUE,TRUE,2026-09-12,settled
39,798,774,consultation,email,2018-07-16,closed,39,2783.45,TRUE,FALSE,FALSE,2026-09-12,cancelled
40,306,609,administrative,email,2019-07-15,closed,40,2025.19,TRUE,FALSE,FALSE,2021-10-30,office_declined
41,384,173,real_estate,email,2025-11-27,closed,41,698.06,TRUE,FALSE,FALSE,2026-07-26,cancelled
42,471,728,real_estate,whatsapp,2017-09-22,rejected,42,3264.63,FALSE,FALSE,TRUE,,in_progress
43,4,870,immigration,whatsapp,2020-11-21,closed,43,4989.83,FALSE,FALSE,FALSE,2026-09-12,lost_case
44,128,671,real_estate,phone,2020-08-29,closed,44,4431.11,TRUE,TRUE,TRUE,2020-08-29,settled
45,492,984,commercial,phone,2023-09-24,closed,45,223.5,FALSE,TRUE,TRUE,2023-10-17,lost_case
46,758,950,administrative,whatsapp,2026-09-12,under_review,46,3894.16,TRUE,FALSE,FALSE,,ongoing
47,537,630,labor,email,2024-11-05,closed,47,4212.3,TRUE,FALSE,FALSE,2024-11-05,settled
48,129,288,administrative,whatsapp,2017-10-31,pending,48,477.37,FALSE,FALSE,FALSE,,in_progress
49,875,204,immigration,phone,2022-03-23,in_process,49,3245.73,FALSE,TRUE,TRUE,,in_progress
50,210,114,administrative,phone,2026-09-12,closed,50,2259.82,TRUE,TRUE,TRUE,2026-09-12,cancelled
51,773,555,commercial,whatsapp,2026-09-12,closed,51,4429.25,FALSE,FALSE,FALSE,2026-09-12,cancelled
52,749,969,labor,email,2026-09-12,closed,52,337.85,TRUE,TRUE,TRUE,2026-09-12,client_withdrawal
53,616,165,criminal,email,2015-07-25,closed,53,3446.29,TRUE,FALSE,FALSE,2018-12-09,settled
54,11,560,criminal,whatsapp,2025-09-17,closed,54,2269.73,TRUE,TRUE,TRUE,2025-09-17,settled
55,4,870,real_estate,phone,2018-07-10,closed,55,3613.69,TRUE,TRUE,FALSE,2018-07-10,client_withdrawal
56,145,719,labor,whatsapp,2020-04-23,closed,56,2514.82,FALSE,TRUE,FALSE,2020-04-23,resolved
57,61,904,consultation,email,2022-01-10,closed,57,1904.89,FALSE,FALSE,FALSE,2022-01-10,cancelled
58,587,32,family,whatsapp,2026-09-12,pending,58,2167.45,FALSE,TRUE,FALSE,,accepted
59,92,315,immigration,email,2015-12-10,closed,59,2925.61,FALSE,TRUE,FALSE,2024-02-13,cancelled
60,776,72,commercial,phone,2026-09-12,closed,60,2710.48,TRUE,FALSE,FALSE,2026-09-12,resolved
61,746,310,commercial,phone,2026-09-12,closed,61,3915.02,FALSE,FALSE,FALSE,2026-09-12,office_declined
62,26,371,commercial,whatsapp,2026-06-07,closed,62,1356.85,FALSE,TRUE,FALSE,2026-06-07,settled
63,697,722,labor,email,2018-09-30,rejected,63,1058.21,FALSE,TRUE,TRUE,,ongoing
64,2,329,immigration,whatsapp,2025-10-12,closed,64,2948.35,TRUE,FALSE,FALSE,2025-10-12,completed
65,433,49,family,email,2016-11-22,closed,65,2909.44,TRUE,TRUE,TRUE,2025-11-11,completed
66,119,442,consultation,phone,2026-09-12,closed,66,2110.67,TRUE,FALSE,FALSE,2026-09-12,completed
67,41,441,contract_review,whatsapp,2024-11-23,closed,67,1688.66,FALSE,TRUE,FALSE,2026-09-12,settled
68,818,540,administrative,phone,2026-09-12,pending,68,2559.9,TRUE,FALSE,TRUE,,ongoing
69,936,360,administrative,whatsapp,2025-07-23,rejected,69,3727.2,TRUE,TRUE,FALSE,,ongoing
70,612,999,commercial,email,2026-09-12,closed,70,1131.69,FALSE,FALSE,FALSE,2026-09-12,settled
71,121,488,administrative,whatsapp,2017-11-19,pending,71,1674.13,FALSE,TRUE,FALSE,,ongoing
72,451,796,criminal,email,2019-01-22,pending,72,1511.35,FALSE,TRUE,FALSE,,in_progress
73,966,961,contract_review,whatsapp,2019-01-27,closed,73,3903.37,TRUE,TRUE,TRUE,2019-01-27,settled
74,251,372,family,phone,2021-06-02,closed,74,3222.08,FALSE,FALSE,FALSE,2026-09-12,settled
75,768,639,administrative,email,2017-08-08,closed,75,3236.09,TRUE,TRUE,FALSE,2019-05-23,settled
76,152,738,administrative,whatsapp,2021-08-27,in_process,76,1795.75,FALSE,FALSE,FALSE,,in_progress
77,777,986,labor,email,2019-07-24,pending,77,1262.9,FALSE,FALSE,FALSE,,in_progress
78,182,962,civil,phone,2016-07-11,closed,78,4935.67,FALSE,FALSE,TRUE,2026-09-12,lost_case
79,829,692,contract_review,whatsapp,2016-03-20,in_process,79,1694.11,FALSE,TRUE,FALSE,,accepted
80,39,913,commercial,whatsapp,2017-04-29,under_investigation,80,1835.95,TRUE,FALSE,FALSE,,ongoing
81,134,18,contract_review,phone,2026-09-12,closed,81,2606.07,TRUE,FALSE,FALSE,2026-09-12,cancelled
82,485,475,commercial,phone,2022-07-13,closed,82,1418.65,TRUE,FALSE,FALSE,2022-07-13,client_withdrawal
83,416,522,civil,phone,2015-01-21,closed,83,3668.29,FALSE,FALSE,TRUE,2020-10-29,client_withdrawal
84,228,525,civil,phone,2026-04-05,under_review,84,3200.94,TRUE,TRUE,TRUE,,accepted
85,842,749,immigration,phone,2019-06-16,pending,85,3308.61,FALSE,TRUE,FALSE,,accepted
86,627,333,real_estate,phone,2019-06-14,closed,86,1326.06,FALSE,TRUE,FALSE,2022-06-07,completed
87,475,203,real_estate,whatsapp,2022-04-21,under_review,87,1437.02,TRUE,FALSE,FALSE,,accepted
88,757,104,immigration,email,2026-09-12,closed,88,4925.81,TRUE,FALSE,FALSE,2026-09-12,lost_case
89,971,674,commercial,phone,2018-10-06,closed,89,4344.36,FALSE,FALSE,TRUE,2026-09-12,office_declined
90,72,323,immigration,whatsapp,2021-10-26,closed,90,542.07,TRUE,FALSE,TRUE,2021-10-26,cancelled
91,478,922,labor,email,2026-09-12,rejected,91,4038.38,FALSE,TRUE,FALSE,,in_progress
92,964,145,consultation,email,2023-06-28,closed,92,4519.56,TRUE,TRUE,TRUE,2023-06-28,resolved
93,353,927,real_estate,whatsapp,2017-09-19,closed,93,3282.25,TRUE,FALSE,TRUE,2026-09-12,settled
94,398,940,criminal,email,2017-08-31,closed,94,2904.45,TRUE,TRUE,FALSE,2023-10-31,office_declined
95,476,143,immigration,phone,2021-12-04,closed,95,1045.96,TRUE,FALSE,TRUE,2024-08-07,completed
96,983,845,contract_review,whatsapp,2020-01-15,closed,96,4151.01,FALSE,TRUE,TRUE,2026-09-12,settled
97,32,933,administrative,whatsapp,2026-09-12,closed,97,2853.92,TRUE,FALSE,FALSE,2026-09-12,cancelled
98,426,246,family,phone,2021-02-04,closed,98,275.54,FALSE,TRUE,FALSE,2026-09-12,lost_case
99,454,788,consultation,phone,2023-09-22,closed,99,3767.38,TRUE,TRUE,TRUE,2026-03-29,office_declined
100,21,22,immigration,email,2017-09-23,closed,100,1167.99,TRUE,FALSE,TRUE,2017-09-23,lost_case
101,542,798,family,whatsapp,2025-08-17,closed,101,839.99,TRUE,TRUE,FALSE,2026-09-12,cancelled
102,169,807,real_estate,email,2026-09-12,under_review,102,1443.21,TRUE,TRUE,FALSE,,ongoing
103,551,949,civil,whatsapp,2021-03-03,in_process,103,4660.34,FALSE,FALSE,TRUE,,ongoing
104,763,734,commercial,phone,2025-11-07,closed,104,1511.78,TRUE,TRUE,FALSE,2026-09-12,client_withdrawal
105,745,473,immigration,whatsapp,2026-09-12,pending,105,4401.87,FALSE,TRUE,FALSE,,in_progress
106,554,396,criminal,email,2016-04-11,closed,106,3969.27,FALSE,FALSE,FALSE,2025-03-07,completed
107,704,898,real_estate,email,2017-05-25,delayed,107,3980.07,TRUE,TRUE,TRUE,,ongoing
108,251,372,criminal,whatsapp,2020-10-11,under_review,108,447.06,FALSE,TRUE,FALSE,,in_progress
109,506,515,immigration,phone,2025-09-06,pending,109,329.05,TRUE,TRUE,FALSE,,accepted
110,544,468,family,phone,2022-07-28,closed,110,910.39,TRUE,TRUE,TRUE,2026-09-12,settled
111,153,446,real_estate,email,2026-09-12,closed,111,2346.88,FALSE,FALSE,FALSE,2026-09-12,cancelled
112,746,310,commercial,phone,2020-03-18,in_process,112,1761.47,TRUE,TRUE,FALSE,,accepted
113,519,94,consultation,whatsapp,2021-01-06,closed,113,2888.12,TRUE,FALSE,FALSE,2026-09-12,completed
114,48,254,labor,email,2017-12-10,closed,114,253.36,TRUE,TRUE,TRUE,2017-12-10,completed
115,453,864,real_estate,phone,2016-02-21,closed,115,4472.75,TRUE,FALSE,TRUE,2017-08-01,settled
116,488,375,criminal,whatsapp,2026-09-12,closed,116,3371.94,FALSE,FALSE,TRUE,2026-09-12,lost_case
117,374,285,real_estate,email,2024-11-13,under_review,117,2637.93,TRUE,FALSE,FALSE,,accepted
118,541,419,commercial,phone,2023-02-07,closed,118,828.68,FALSE,TRUE,FALSE,2023-02-07,office_declined
119,794,739,real_estate,phone,2021-02-22,closed,119,1911.73,TRUE,FALSE,FALSE,2021-02-22,cancelled
120,540,887,commercial,phone,2026-09-12,rejected,120,4474.05,FALSE,TRUE,FALSE,,accepted
121,657,911,real_estate,whatsapp,2020-02-23,closed,121,4438.08,TRUE,TRUE,FALSE,2020-02-23,cancelled
122,155,714,consultation,whatsapp,2019-05-29,closed,122,225.4,TRUE,FALSE,FALSE,2024-12-14,cancelled
123,417,792,administrative,whatsapp,2015-02-10,closed,123,3221.58,FALSE,TRUE,FALSE,2026-09-12,office_declined
124,417,792,criminal,phone,2024-02-26,approved,124,3649.73,FALSE,FALSE,FALSE,,ongoing
125,927,414,administrative,phone,2026-09-12,closed,125,3267.98,FALSE,FALSE,FALSE,2026-09-12,office_declined
126,153,23,contract_review,whatsapp,2015-01-01,closed,126,2420.6,FALSE,FALSE,FALSE,2020-06-06,lost_case
127,26,371,consultation,phone,2019-04-19,under_investigation,127,2775.52,FALSE,FALSE,TRUE,,ongoing
128,905,871,civil,phone,2019-03-24,closed,128,999.98,FALSE,FALSE,TRUE,2024-01-25,cancelled
129,82,348,commercial,email,2026-09-12,under_review,129,4107.63,TRUE,FALSE,FALSE,,accepted
130,210,66,real_estate,phone,2019-10-21,in_process,130,3238.29,FALSE,TRUE,FALSE,,in_progress
131,772,85,civil,whatsapp,2026-09-12,closed,131,2696.75,FALSE,TRUE,FALSE,2026-09-12,office_declined
132,582,262,family,email,2021-10-07,delayed,132,820.6,FALSE,TRUE,FALSE,,ongoing
133,647,993,consultation,phone,2019-01-31,rejected,133,1026.56,FALSE,FALSE,TRUE,,in_progress
134,828,410,criminal,email,2025-01-01,closed,134,4184.67,FALSE,TRUE,TRUE,2026-09-12,lost_case
135,909,321,immigration,whatsapp,2018-10-31,closed,135,1499.97,FALSE,TRUE,TRUE,2021-04-09,completed
136,552,492,administrative,whatsapp,2021-02-04,closed,136,1197.8,FALSE,TRUE,FALSE,2023-10-04,cancelled
137,2,614,family,whatsapp,2015-04-19,approved,137,2151.59,FALSE,FALSE,TRUE,,ongoing
138,90,689,criminal,email,2020-02-23,under_review,138,3061.8,TRUE,FALSE,FALSE,,accepted
139,717,600,labor,email,2020-03-13,closed,139,2801.8,TRUE,TRUE,FALSE,2020-03-13,office_declined
140,753,175,commercial,whatsapp,2017-07-02,closed,140,725.06,FALSE,FALSE,FALSE,2017-10-25,completed
141,605,877,civil,phone,2018-10-06,closed,141,1328.41,TRUE,TRUE,FALSE,2023-08-25,resolved
142,846,801,administrative,phone,2026-09-12,closed,142,311.51,TRUE,TRUE,TRUE,2026-09-12,lost_case
143,561,768,contract_review,email,2016-08-23,closed,143,870.46,TRUE,TRUE,FALSE,2017-11-08,lost_case
144,425,907,consultation,whatsapp,2019-07-22,closed,144,2944.38,FALSE,FALSE,FALSE,2019-07-22,client_withdrawal
145,478,922,real_estate,whatsapp,2026-09-12,closed,145,4891.06,FALSE,FALSE,TRUE,2026-09-12,office_declined
146,899,983,consultation,whatsapp,2015-04-21,closed,146,4094.75,TRUE,TRUE,TRUE,2019-02-27,lost_case
147,19,81,family,phone,2026-09-12,closed,147,1434.24,FALSE,TRUE,FALSE,2026-09-12,settled
148,454,30,criminal,whatsapp,2026-09-12,pending,148,250.42,TRUE,TRUE,FALSE,,ongoing
149,161,643,consultation,whatsapp,2016-02-23,approved,149,3249.95,TRUE,TRUE,TRUE,,in_progress
150,19,81,consultation,phone,2018-09-17,closed,150,1300.54,FALSE,TRUE,FALSE,2026-09-12,resolved
151,554,834,criminal,whatsapp,2026-09-12,closed,151,4223.97,FALSE,TRUE,TRUE,2026-09-12,client_withdrawal
152,975,387,criminal,email,2017-05-12,closed,152,2849.68,TRUE,TRUE,TRUE,2017-08-16,lost_case
153,152,548,family,phone,2026-09-12,closed,153,4518.46,TRUE,FALSE,FALSE,2026-09-12,lost_case
154,456,764,civil,email,2026-09-12,closed,154,3911.96,FALSE,TRUE,FALSE,2026-09-12,office_declined
155,804,706,commercial,phone,2026-09-12,closed,155,1067.87,FALSE,FALSE,FALSE,2026-09-12,resolved
156,76,309,immigration,email,2022-10-04,pending,156,3277.78,FALSE,FALSE,TRUE,,in_progress
157,275,97,administrative,email,2026-09-12,closed,157,1484.63,TRUE,FALSE,TRUE,2026-09-12,settled
158,291,194,civil,email,2026-09-12,approved,158,4519.27,TRUE,TRUE,TRUE,,accepted
159,864,536,civil,whatsapp,2026-09-12,closed,159,2758.42,TRUE,FALSE,TRUE,2026-09-12,settled
160,83,534,consultation,email,2022-05-04,closed,160,4431.74,TRUE,TRUE,FALSE,2022-05-04,resolved
161,413,805,criminal,phone,2026-09-12,under_review,161,1608.77,TRUE,TRUE,FALSE,,accepted
162,588,131,administrative,email,2021-08-19,closed,162,1571.27,TRUE,FALSE,TRUE,2021-08-19,office_declined
163,82,771,real_estate,whatsapp,2019-01-30,approved,163,3763.43,TRUE,TRUE,TRUE,,ongoing
164,475,799,civil,phone,2019-03-27,closed,164,3002.53,TRUE,TRUE,TRUE,2026-09-12,cancelled
165,210,66,labor,email,2026-09-12,closed,165,417.58,TRUE,TRUE,TRUE,2026-09-12,client_withdrawal
166,128,671,real_estate,phone,2018-09-25,pending,166,3236.99,TRUE,TRUE,FALSE,,accepted
167,56,260,civil,phone,2018-06-07,closed,167,3654.83,FALSE,FALSE,TRUE,2018-06-07,settled
168,501,607,family,whatsapp,2019-06-29,closed,168,4336.33,TRUE,FALSE,FALSE,2026-09-12,lost_case
169,185,108,civil,email,2026-09-12,under_review,169,1080.8,FALSE,TRUE,TRUE,,in_progress
170,626,14,immigration,whatsapp,2015-02-10,in_process,170,1406.65,FALSE,FALSE,FALSE,,ongoing
171,985,177,commercial,phone,2026-09-12,closed,171,546.8,TRUE,TRUE,FALSE,2026-09-12,resolved
172,741,284,real_estate,whatsapp,2024-01-18,closed,172,1241.55,FALSE,TRUE,TRUE,2024-01-18,office_declined
173,849,221,commercial,email,2026-09-12,closed,173,4872.35,TRUE,TRUE,TRUE,2026-09-12,office_declined
174,731,425,family,phone,2021-03-17,closed,174,1640.07,FALSE,FALSE,FALSE,2022-01-21,office_declined
175,183,308,consultation,email,2018-09-01,approved,175,1376.74,TRUE,TRUE,FALSE,,ongoing
176,941,77,criminal,whatsapp,2024-08-30,closed,176,199.46,TRUE,TRUE,FALSE,2026-09-12,client_withdrawal
177,502,647,civil,whatsapp,2024-08-25,approved,177,4051.22,TRUE,TRUE,FALSE,,accepted
178,899,894,labor,phone,2026-09-12,closed,178,3491.04,TRUE,TRUE,FALSE,2026-09-12,settled
179,254,154,immigration,whatsapp,2026-09-12,closed,179,546.87,TRUE,TRUE,TRUE,2026-09-12,lost_case
180,399,346,real_estate,whatsapp,2024-10-03,closed,180,2987.88,TRUE,FALSE,TRUE,2024-10-03,completed
181,976,995,criminal,phone,2026-09-12,closed,181,4765.61,FALSE,TRUE,TRUE,2026-09-12,completed
182,511,38,civil,whatsapp,2024-08-31,closed,182,1331.45,FALSE,TRUE,TRUE,2024-08-31,lost_case
183,605,786,administrative,phone,2023-08-17,closed,183,1132.74,TRUE,FALSE,FALSE,2026-09-12,resolved
184,534,535,criminal,whatsapp,2023-10-18,pending,184,810.09,TRUE,TRUE,FALSE,,ongoing
185,724,980,consultation,whatsapp,2020-10-24,closed,185,4942.67,TRUE,FALSE,FALSE,2026-07-16,cancelled
186,870,457,labor,phone,2023-04-07,awaiting_response,186,874.81,FALSE,FALSE,FALSE,,ongoing
187,238,347,labor,email,2021-06-06,closed,187,554.28,TRUE,FALSE,FALSE,2022-08-27,cancelled
188,251,831,contract_review,email,2022-11-26,closed,188,395.43,FALSE,TRUE,FALSE,2024-10-05,client_withdrawal
189,241,261,immigration,email,2024-08-28,in_process,189,4361.8,FALSE,FALSE,FALSE,,ongoing
190,139,243,contract_review,phone,2026-09-12,closed,190,3499.14,FALSE,TRUE,FALSE,2026-09-12,client_withdrawal
191,365,307,civil,email,2016-07-08,delayed,191,501.45,FALSE,TRUE,FALSE,,accepted
192,879,892,labor,whatsapp,2022-04-06,closed,192,1705.43,FALSE,TRUE,TRUE,2026-09-12,settled
193,72,323,consultation,whatsapp,2016-01-31,closed,193,4203.34,FALSE,TRUE,FALSE,2020-12-01,completed
194,346,835,consultation,email,2016-02-15,closed,194,3472.83,FALSE,TRUE,TRUE,2026-09-12,lost_case
195,895,601,labor,whatsapp,2024-05-22,pending,195,2449.28,TRUE,FALSE,FALSE,,ongoing
196,501,607,real_estate,whatsapp,2026-09-12,closed,196,1275.62,FALSE,TRUE,FALSE,2026-09-12,settled
197,524,684,family,whatsapp,2026-09-12,closed,197,3200.9,FALSE,TRUE,FALSE,2026-09-12,cancelled
198,816,13,immigration,email,2023-11-07,in_process,198,1338.8,FALSE,TRUE,FALSE,,in_progress
199,486,806,criminal,whatsapp,2023-10-10,under_review,199,2188.4,FALSE,TRUE,FALSE,,accepted
200,40,318,criminal,phone,2022-05-01,under_review,200,4449.96,TRUE,FALSE,FALSE,,in_progress
201,877,928,family,whatsapp,2022-01-06,awaiting_response,201,817.58,FALSE,TRUE,FALSE,,in_progress
202,989,20,criminal,whatsapp,2020-07-08,pending,202,3608.21,TRUE,FALSE,TRUE,,ongoing
203,295,542,contract_review,whatsapp,2024-06-29,in_process,203,547.27,TRUE,FALSE,TRUE,,accepted
204,454,37,criminal,whatsapp,2026-09-12,closed,204,3703.05,TRUE,FALSE,FALSE,2026-09-12,client_withdrawal
205,402,135,consultation,phone,2024-08-03,closed,205,844.66,FALSE,FALSE,FALSE,2024-08-03,settled
206,957,314,labor,email,2025-05-30,approved,206,3318.4,TRUE,FALSE,FALSE,,ongoing
207,153,23,administrative,whatsapp,2026-01-18,pending,207,4280.68,FALSE,FALSE,FALSE,,ongoing
208,235,474,commercial,whatsapp,2025-06-19,closed,208,2310.59,FALSE,TRUE,TRUE,2026-02-17,settled
209,745,473,commercial,whatsapp,2026-09-12,closed,209,2832.64,FALSE,FALSE,TRUE,2026-09-12,settled
210,35,319,civil,whatsapp,2026-03-05,in_process,210,2826.88,TRUE,TRUE,FALSE,,in_progress
211,119,582,immigration,phone,2026-09-12,closed,211,1729.47,TRUE,TRUE,FALSE,2026-09-12,resolved
212,190,424,real_estate,whatsapp,2026-09-12,in_process,212,3809.99,FALSE,FALSE,FALSE,,ongoing
213,983,845,immigration,email,2025-02-03,under_review,213,1518.83,FALSE,TRUE,FALSE,,in_progress
214,218,268,real_estate,whatsapp,2015-11-07,closed,214,621.94,TRUE,FALSE,TRUE,2019-03-24,office_declined
215,399,945,family,email,2026-09-12,in_process,215,486.87,FALSE,TRUE,TRUE,,in_progress
216,668,629,family,email,2024-09-03,in_process,216,2046.54,TRUE,FALSE,FALSE,,in_progress
217,190,843,real_estate,phone,2024-09-03,closed,217,690.9,TRUE,FALSE,FALSE,2024-09-03,settled
218,806,493,immigration,email,2017-01-11,closed,218,349.04,TRUE,TRUE,TRUE,2026-02-19,cancelled
219,32,653,labor,whatsapp,2021-12-09,under_investigation,219,4227.92,TRUE,FALSE,TRUE,,ongoing
220,370,34,real_estate,email,2020-03-07,closed,220,1345.6,TRUE,FALSE,FALSE,2026-09-12,client_withdrawal
221,983,148,immigration,whatsapp,2018-09-23,closed,221,2521.72,TRUE,FALSE,TRUE,2026-09-12,cancelled
222,988,803,civil,whatsapp,2026-09-12,closed,222,730.52,FALSE,TRUE,TRUE,2026-09-12,client_withdrawal
223,152,548,contract_review,phone,2017-09-26,in_process,223,4104.79,FALSE,TRUE,TRUE,,ongoing
224,694,879,contract_review,email,2020-08-17,closed,224,4560.19,TRUE,TRUE,FALSE,2020-08-17,resolved
225,413,575,real_estate,whatsapp,2021-05-18,closed,225,246.26,TRUE,TRUE,FALSE,2022-05-20,resolved
226,161,344,criminal,phone,2017-11-29,closed,226,3108.85,FALSE,FALSE,FALSE,2026-09-12,completed
227,966,961,criminal,whatsapp,2016-07-19,closed,227,3369.94,FALSE,FALSE,FALSE,2017-09-20,office_declined
228,899,894,labor,whatsapp,2026-09-12,closed,228,3498.76,TRUE,FALSE,TRUE,2026-09-12,cancelled
229,665,306,labor,email,2026-09-12,closed,229,902.75,FALSE,FALSE,FALSE,2026-09-12,resolved
230,218,268,civil,whatsapp,2024-11-25,closed,230,207.04,FALSE,FALSE,FALSE,2024-11-25,client_withdrawal
231,228,459,civil,phone,2023-11-16,closed,231,4373.19,TRUE,FALSE,TRUE,2026-09-12,completed
232,966,252,civil,email,2026-08-09,in_process,232,4942.63,FALSE,TRUE,TRUE,,accepted
233,544,710,real_estate,email,2019-01-02,closed,233,946.18,FALSE,TRUE,TRUE,2024-07-02,office_declined
234,927,257,administrative,whatsapp,2026-09-12,pending,234,2794.12,FALSE,TRUE,FALSE,,accepted
235,832,169,immigration,whatsapp,2024-03-08,pending,235,1990.11,FALSE,FALSE,FALSE,,ongoing
236,544,468,civil,whatsapp,2015-02-21,awaiting_response,236,3026.03,FALSE,TRUE,TRUE,,accepted
237,169,141,criminal,whatsapp,2015-07-14,closed,237,2330.41,TRUE,TRUE,TRUE,2022-08-28,settled
238,369,510,family,whatsapp,2026-09-12,closed,238,507.27,TRUE,TRUE,FALSE,2026-09-12,lost_case
239,628,972,family,email,2026-09-12,rejected,239,560.42,TRUE,TRUE,TRUE,,accepted
240,601,157,family,phone,2022-12-30,closed,240,2389.44,FALSE,FALSE,FALSE,2022-12-30,cancelled
241,626,212,consultation,whatsapp,2015-12-14,pending,241,2814.65,FALSE,TRUE,FALSE,,in_progress
242,802,366,real_estate,whatsapp,2024-05-01,closed,242,2638.11,FALSE,FALSE,TRUE,2026-01-30,resolved
243,886,543,administrative,whatsapp,2022-10-12,rejected,243,3571.35,TRUE,FALSE,TRUE,,ongoing
244,780,526,contract_review,email,2026-09-12,closed,244,3787.59,TRUE,TRUE,FALSE,2026-09-12,client_withdrawal
245,796,274,criminal,phone,2026-09-12,closed,245,2003.38,TRUE,TRUE,TRUE,2026-09-12,office_declined
246,365,299,civil,whatsapp,2016-02-15,closed,246,2017.54,TRUE,TRUE,FALSE,2017-02-18,resolved
247,211,61,real_estate,email,2021-01-27,closed,247,4525.25,FALSE,FALSE,FALSE,2021-01-27,completed
248,482,416,administrative,whatsapp,2019-02-17,closed,248,4566.8,FALSE,FALSE,FALSE,2019-02-17,cancelled
249,76,278,criminal,whatsapp,2026-09-12,approved,249,2281.1,FALSE,FALSE,FALSE,,ongoing
250,692,750,administrative,phone,2024-03-16,awaiting_response,250,1828.48,FALSE,FALSE,TRUE,,ongoing
251,334,267,administrative,phone,2026-09-12,pending,251,3153.77,TRUE,FALSE,TRUE,,ongoing
252,321,732,commercial,whatsapp,2022-04-23,closed,252,3543.39,FALSE,TRUE,TRUE,2026-09-12,settled
253,131,312,labor,whatsapp,2020-12-24,closed,253,3419.05,FALSE,TRUE,FALSE,2020-12-24,lost_case
254,139,172,labor,whatsapp,2026-09-12,closed,254,223.11,FALSE,TRUE,FALSE,2026-09-12,completed
255,597,201,labor,whatsapp,2022-02-11,closed,255,3411.47,FALSE,FALSE,FALSE,2022-02-11,lost_case
256,208,966,contract_review,phone,2026-09-12,closed,256,3299.67,TRUE,FALSE,TRUE,2026-09-12,office_declined
257,951,869,administrative,email,2017-07-16,rejected,257,4868.93,TRUE,TRUE,FALSE,,in_progress
258,161,344,labor,phone,2015-02-05,closed,258,1750.03,TRUE,TRUE,FALSE,2026-09-12,client_withdrawal
259,724,287,contract_review,phone,2026-09-12,closed,259,1174.96,TRUE,FALSE,TRUE,2026-09-12,cancelled
260,124,189,administrative,whatsapp,2026-09-12,closed,260,351.87,FALSE,FALSE,FALSE,2026-09-12,cancelled
261,758,777,consultation,whatsapp,2015-08-24,under_review,261,2898.03,TRUE,TRUE,TRUE,,ongoing
262,895,601,immigration,whatsapp,2026-09-12,closed,262,1319.94,TRUE,FALSE,FALSE,2026-09-12,client_withdrawal
263,975,387,labor,phone,2017-06-27,under_investigation,263,448.68,TRUE,FALSE,FALSE,,in_progress
264,936,502,contract_review,email,2026-09-12,closed,264,490.37,FALSE,TRUE,TRUE,2026-09-12,resolved
265,826,651,real_estate,phone,2018-11-24,in_process,265,1371.59,TRUE,FALSE,TRUE,,accepted
266,72,323,real_estate,whatsapp,2026-09-12,closed,266,3488.39,TRUE,TRUE,TRUE,2026-09-12,client_withdrawal
267,680,625,real_estate,whatsapp,2018-01-23,rejected,267,2241.63,FALSE,FALSE,TRUE,,accepted
268,407,479,administrative,whatsapp,2024-12-09,closed,268,3891.05,FALSE,FALSE,TRUE,2024-12-09,resolved
269,854,566,administrative,whatsapp,2026-09-12,closed,269,3605,TRUE,TRUE,FALSE,2026-09-12,cancelled
270,694,905,consultation,phone,2016-11-20,closed,270,1317.82,TRUE,TRUE,FALSE,2022-08-19,settled
271,401,96,commercial,email,2026-09-12,closed,271,1781.37,FALSE,FALSE,FALSE,2026-09-12,completed
272,154,638,labor,phone,2026-05-14,closed,272,4271.3,TRUE,TRUE,TRUE,2026-05-14,cancelled
273,117,753,contract_review,whatsapp,2026-09-12,closed,273,4873.1,TRUE,FALSE,FALSE,2026-09-12,lost_case
274,170,369,criminal,phone,2026-09-12,closed,274,4505.7,FALSE,FALSE,TRUE,2026-09-12,lost_case
275,478,463,commercial,email,2018-02-11,in_process,275,2545.35,TRUE,FALSE,TRUE,,in_progress
276,724,107,family,phone,2025-08-16,closed,276,4323.49,TRUE,TRUE,FALSE,2026-05-10,cancelled
277,844,987,real_estate,phone,2019-02-09,closed,277,2825.41,TRUE,FALSE,FALSE,2020-12-01,resolved
278,685,349,commercial,email,2026-09-12,closed,278,3201.23,FALSE,TRUE,TRUE,2026-09-12,completed
279,628,958,consultation,whatsapp,2025-11-25,closed,279,1275.6,TRUE,FALSE,TRUE,2026-09-12,office_declined
280,454,788,labor,phone,2024-09-13,in_process,280,955.18,FALSE,TRUE,FALSE,,accepted
281,932,626,criminal,whatsapp,2016-09-15,closed,281,2599.77,FALSE,TRUE,TRUE,2021-11-21,cancelled
282,885,232,contract_review,whatsapp,2026-09-12,closed,282,720.62,FALSE,TRUE,FALSE,2026-09-12,client_withdrawal
283,249,235,civil,email,2022-11-13,delayed,283,4552.17,TRUE,TRUE,TRUE,,accepted
284,707,45,immigration,whatsapp,2016-07-17,closed,284,2031.64,TRUE,TRUE,FALSE,2021-12-29,settled
285,779,128,civil,phone,2026-09-12,closed,285,3553.59,FALSE,FALSE,FALSE,2026-09-12,cancelled
286,509,919,commercial,whatsapp,2024-04-20,closed,286,4951.26,TRUE,TRUE,FALSE,2024-04-20,resolved
287,817,185,immigration,whatsapp,2026-09-12,closed,287,2954,TRUE,TRUE,FALSE,2026-09-12,settled
288,993,854,immigration,whatsapp,2024-07-18,closed,288,4133.09,FALSE,TRUE,FALSE,2026-09-12,settled
289,523,637,labor,whatsapp,2026-09-12,closed,289,4342.91,FALSE,FALSE,TRUE,2026-09-12,settled
290,484,846,immigration,whatsapp,2016-07-08,under_review,290,2089.73,TRUE,FALSE,FALSE,,accepted
291,599,620,real_estate,whatsapp,2026-09-12,awaiting_response,291,774.25,FALSE,FALSE,TRUE,,accepted
292,31,298,criminal,email,2024-12-04,closed,292,2289.48,TRUE,FALSE,FALSE,2026-09-12,completed
293,132,341,criminal,whatsapp,2018-10-09,closed,293,4344.47,FALSE,FALSE,FALSE,2020-01-23,office_declined
294,502,647,real_estate,whatsapp,2026-09-12,closed,294,4481.56,FALSE,FALSE,FALSE,2026-09-12,cancelled
295,567,391,civil,whatsapp,2019-04-08,under_review,295,867.76,TRUE,FALSE,FALSE,,in_progress
296,240,270,family,email,2022-12-16,closed,296,3406.21,TRUE,TRUE,FALSE,2024-01-20,office_declined
297,993,537,administrative,phone,2017-11-17,closed,297,4099.58,TRUE,TRUE,TRUE,2019-11-04,completed
298,832,316,family,whatsapp,2026-09-12,pending,298,1263.27,TRUE,TRUE,TRUE,,in_progress
299,183,308,administrative,email,2026-09-12,closed,299,4303.56,FALSE,FALSE,FALSE,2026-09-12,client_withdrawal
300,152,738,contract_review,whatsapp,2026-09-12,in_process,300,4190.38,FALSE,FALSE,FALSE,,ongoing
301,66,159,administrative,whatsapp,2023-06-02,pending,301,4101.85,TRUE,FALSE,TRUE,,accepted
302,825,884,family,phone,2025-09-06,closed,302,690.88,TRUE,FALSE,TRUE,2026-04-04,settled
303,540,887,commercial,email,2021-04-18,awaiting_response,303,1543.38,FALSE,FALSE,FALSE,,accepted
304,773,759,labor,email,2026-09-12,closed,304,2117.83,FALSE,TRUE,FALSE,2026-09-12,completed
305,139,516,commercial,email,2022-06-29,closed,305,4080.8,TRUE,FALSE,TRUE,2022-06-29,completed
306,647,484,commercial,phone,2022-01-30,closed,306,1679.45,TRUE,FALSE,TRUE,2026-09-12,office_declined
307,417,921,immigration,email,2026-09-12,pending,307,779.3,FALSE,TRUE,TRUE,,ongoing
308,143,699,consultation,whatsapp,2019-12-08,closed,308,1197.57,TRUE,TRUE,FALSE,2021-10-29,office_declined
309,255,176,administrative,whatsapp,2016-01-10,under_review,309,3596.92,TRUE,FALSE,TRUE,,ongoing
310,149,825,criminal,phone,2016-04-11,closed,310,3854.38,FALSE,FALSE,FALSE,2026-09-12,settled
311,966,186,criminal,email,2026-09-12,rejected,311,559.24,FALSE,TRUE,TRUE,,ongoing
312,82,348,civil,phone,2026-09-12,in_process,312,1970.77,FALSE,FALSE,FALSE,,ongoing
313,818,44,immigration,phone,2023-10-20,closed,313,2970.1,FALSE,FALSE,TRUE,2026-09-12,cancelled
314,642,839,contract_review,phone,2024-11-12,closed,314,2736.99,FALSE,TRUE,FALSE,2026-02-28,client_withdrawal
315,255,176,contract_review,email,2020-07-19,closed,315,457.62,TRUE,FALSE,FALSE,2021-08-19,completed
316,334,652,criminal,phone,2026-09-12,closed,316,4224.56,TRUE,TRUE,TRUE,2026-09-12,settled
317,641,111,labor,whatsapp,2026-09-12,closed,317,909.99,FALSE,TRUE,TRUE,2026-09-12,cancelled
318,451,796,criminal,phone,2018-10-16,closed,318,2383.11,FALSE,FALSE,FALSE,2023-12-22,lost_case
319,16,374,civil,email,2021-07-18,closed,319,2427.33,FALSE,FALSE,FALSE,2021-07-18,resolved
320,212,491,contract_review,whatsapp,2023-04-21,closed,320,4669.35,TRUE,TRUE,TRUE,2023-04-21,client_withdrawal
321,824,25,immigration,email,2021-05-24,in_process,321,3017.46,TRUE,FALSE,TRUE,,in_progress
322,342,720,civil,email,2026-09-12,closed,322,3198.41,FALSE,TRUE,FALSE,2026-09-12,settled
323,248,985,real_estate,phone,2015-02-23,in_process,323,1245.75,FALSE,FALSE,FALSE,,in_progress
324,544,965,real_estate,whatsapp,2025-03-28,closed,324,4933.34,TRUE,FALSE,TRUE,2025-08-14,client_withdrawal
325,859,350,consultation,phone,2026-09-12,under_review,325,2284.57,FALSE,FALSE,TRUE,,ongoing
326,311,215,administrative,phone,2019-10-14,in_process,326,1497.05,FALSE,TRUE,FALSE,,accepted
327,406,40,labor,whatsapp,2021-07-24,closed,327,3186.64,TRUE,TRUE,FALSE,2026-08-29,cancelled
328,930,301,labor,whatsapp,2023-04-26,closed,328,1521.96,FALSE,TRUE,FALSE,2023-04-26,completed
329,154,47,labor,phone,2026-04-08,closed,329,4870.17,TRUE,TRUE,FALSE,2026-09-12,office_declined
330,660,756,contract_review,phone,2021-01-25,closed,330,3856.68,TRUE,FALSE,FALSE,2021-01-25,cancelled
331,208,119,contract_review,whatsapp,2017-01-15,closed,331,2179.75,FALSE,FALSE,TRUE,2026-09-12,office_declined
332,190,424,immigration,email,2026-09-12,closed,332,4563.26,FALSE,FALSE,FALSE,2026-09-12,client_withdrawal
333,21,22,commercial,phone,2023-09-30,closed,333,1534.84,FALSE,TRUE,FALSE,2026-09-12,settled
334,801,751,criminal,whatsapp,2026-09-12,closed,334,3339.93,FALSE,TRUE,FALSE,2026-09-12,settled
335,145,527,real_estate,phone,2016-06-30,closed,335,3551.44,FALSE,FALSE,TRUE,2025-03-31,settled
336,21,22,criminal,whatsapp,2021-08-26,closed,336,1892.68,FALSE,FALSE,TRUE,2021-08-26,office_declined
337,390,874,civil,email,2015-01-28,in_process,337,3858.92,TRUE,FALSE,FALSE,,accepted
338,346,662,family,email,2026-09-12,in_process,338,999.19,FALSE,FALSE,FALSE,,in_progress
339,169,807,consultation,whatsapp,2026-09-12,closed,339,2353.69,TRUE,TRUE,TRUE,2026-09-12,completed
340,811,544,consultation,whatsapp,2015-12-20,closed,340,824.48,TRUE,TRUE,TRUE,2026-09-12,resolved
341,972,469,criminal,phone,2023-12-21,delayed,341,3599.67,TRUE,TRUE,FALSE,,accepted
342,772,85,civil,email,2022-07-21,closed,342,1246.07,TRUE,TRUE,FALSE,2025-08-30,lost_case
343,983,148,real_estate,whatsapp,2022-02-04,closed,343,1385.87,FALSE,FALSE,FALSE,2026-03-05,lost_case
344,824,453,contract_review,whatsapp,2018-05-23,closed,344,278.39,TRUE,TRUE,FALSE,2020-06-22,office_declined
345,429,462,consultation,whatsapp,2019-04-07,closed,345,4250.84,FALSE,TRUE,TRUE,2019-04-07,office_declined
346,20,458,commercial,email,2026-01-05,closed,346,4975.99,FALSE,TRUE,TRUE,2026-01-05,resolved
347,201,129,commercial,phone,2016-04-18,in_process,347,405.72,TRUE,TRUE,TRUE,,in_progress
348,972,693,commercial,whatsapp,2020-06-16,closed,348,1245.68,FALSE,FALSE,TRUE,2023-03-14,completed
349,599,620,real_estate,email,2021-07-16,closed,349,1114.61,TRUE,FALSE,FALSE,2022-04-12,lost_case
350,130,223,criminal,phone,2019-05-01,in_process,350,2821.35,TRUE,TRUE,FALSE,,in_progress
351,415,164,immigration,whatsapp,2026-09-12,closed,351,2919.63,TRUE,FALSE,FALSE,2026-09-12,lost_case
352,453,17,family,email,2023-02-20,under_investigation,352,4458.2,TRUE,FALSE,FALSE,,accepted
353,243,497,contract_review,phone,2024-06-07,closed,353,580.89,FALSE,FALSE,FALSE,2024-06-07,office_declined
354,755,957,real_estate,email,2026-09-12,closed,354,1077.39,FALSE,FALSE,TRUE,2026-09-12,resolved
355,519,94,family,email,2017-03-10,pending,355,4592.32,TRUE,FALSE,TRUE,,accepted
356,210,114,labor,email,2018-01-04,closed,356,3560.38,TRUE,TRUE,TRUE,2021-07-04,client_withdrawal
357,974,828,real_estate,whatsapp,2026-01-15,under_investigation,357,1857.39,FALSE,TRUE,FALSE,,in_progress
358,801,751,immigration,whatsapp,2026-09-12,closed,358,721.74,TRUE,FALSE,TRUE,2026-09-12,cancelled
359,554,572,family,whatsapp,2018-09-17,closed,359,3617.21,TRUE,FALSE,TRUE,2019-08-17,lost_case
360,675,872,immigration,email,2026-09-12,under_investigation,360,2772.24,TRUE,TRUE,FALSE,,in_progress
361,554,248,labor,whatsapp,2026-09-12,closed,361,2322.91,FALSE,TRUE,FALSE,2026-09-12,resolved
362,333,923,administrative,email,2026-09-12,closed,362,4050.06,FALSE,TRUE,FALSE,2026-09-12,completed
363,936,502,criminal,whatsapp,2017-11-27,in_process,363,4154.52,FALSE,TRUE,FALSE,,ongoing
364,417,82,civil,email,2026-09-12,under_review,364,3481.39,FALSE,TRUE,TRUE,,ongoing
365,384,696,administrative,email,2026-04-11,pending,365,1890.42,TRUE,TRUE,TRUE,,ongoing
366,407,842,labor,email,2026-09-12,closed,366,2858.25,TRUE,FALSE,FALSE,2026-09-12,cancelled
367,877,882,administrative,whatsapp,2019-03-04,closed,367,4018.81,TRUE,FALSE,TRUE,2026-09-12,completed
368,806,493,family,phone,2016-06-30,closed,368,2228.39,FALSE,FALSE,FALSE,2024-11-19,completed
369,129,11,labor,whatsapp,2019-06-17,closed,369,1854.99,TRUE,FALSE,FALSE,2019-06-17,cancelled
370,190,424,commercial,phone,2026-09-12,approved,370,1683.09,FALSE,FALSE,FALSE,,ongoing
371,288,445,labor,whatsapp,2017-12-14,closed,371,1539.48,FALSE,TRUE,FALSE,2026-09-12,completed
372,547,742,consultation,email,2024-09-17,in_process,372,3927.14,TRUE,TRUE,TRUE,,accepted
373,408,407,commercial,phone,2026-09-12,in_process,373,3057.58,TRUE,FALSE,FALSE,,ongoing
374,886,677,consultation,whatsapp,2026-09-12,closed,374,2541.03,FALSE,FALSE,FALSE,2026-09-12,lost_case
375,207,931,commercial,email,2019-08-07,closed,375,2646.05,FALSE,FALSE,FALSE,2022-03-31,office_declined
376,235,162,criminal,phone,2021-09-06,closed,376,1138.56,FALSE,FALSE,FALSE,2026-09-12,lost_case
377,649,150,immigration,email,2021-11-29,closed,377,1019.73,TRUE,FALSE,TRUE,2026-09-12,cancelled
378,39,913,labor,whatsapp,2017-03-10,closed,378,1502.62,FALSE,FALSE,TRUE,2026-09-12,resolved
379,724,881,consultation,email,2022-06-04,closed,379,3241.75,FALSE,FALSE,FALSE,2025-07-28,lost_case
380,889,196,administrative,whatsapp,2024-10-17,closed,380,3930.86,FALSE,TRUE,TRUE,2026-09-12,completed
381,164,556,commercial,whatsapp,2026-09-12,closed,381,2628.73,TRUE,TRUE,FALSE,2026-09-12,resolved
382,499,654,administrative,whatsapp,2015-03-06,closed,382,2286.58,FALSE,FALSE,FALSE,2026-09-12,cancelled
383,223,836,civil,email,2020-04-11,delayed,383,4192.67,TRUE,TRUE,TRUE,,accepted
384,864,917,family,phone,2021-07-26,closed,384,4022.67,FALSE,TRUE,TRUE,2021-07-26,office_declined
385,83,534,family,email,2026-09-12,closed,385,4251.85,TRUE,TRUE,FALSE,2026-09-12,completed
386,616,226,family,whatsapp,2022-04-29,closed,386,3454.1,FALSE,TRUE,FALSE,2026-09-12,cancelled
387,249,431,labor,email,2026-09-12,closed,387,3917.07,FALSE,TRUE,TRUE,2026-09-12,client_withdrawal
388,729,773,real_estate,email,2026-09-12,closed,388,3104.56,FALSE,FALSE,FALSE,2026-09-12,office_declined
389,19,994,family,whatsapp,2018-02-20,closed,389,1515.41,TRUE,FALSE,FALSE,2024-09-13,office_declined
390,554,572,commercial,email,2016-09-01,closed,390,3799.88,FALSE,TRUE,FALSE,2026-09-12,client_withdrawal
391,238,347,commercial,phone,2017-05-11,closed,391,1905.5,TRUE,TRUE,TRUE,2019-07-08,lost_case
392,619,498,criminal,email,2019-06-04,closed,392,668.42,TRUE,FALSE,TRUE,2026-09-12,resolved
393,431,137,administrative,email,2020-07-14,closed,393,1536.35,TRUE,TRUE,TRUE,2025-10-26,lost_case
394,649,150,family,email,2026-09-12,closed,394,1720.78,FALSE,FALSE,FALSE,2026-09-12,client_withdrawal
395,846,801,family,whatsapp,2019-06-02,closed,395,1423.25,TRUE,TRUE,TRUE,2019-06-02,lost_case
396,768,779,immigration,phone,2026-09-12,closed,396,1181.06,TRUE,TRUE,TRUE,2026-09-12,settled
397,828,244,consultation,email,2024-04-28,closed,397,1244.33,FALSE,FALSE,TRUE,2024-04-28,client_withdrawal
398,41,152,consultation,email,2022-04-09,closed,398,1249.17,TRUE,TRUE,TRUE,2026-09-12,settled
399,618,581,criminal,phone,2019-05-04,closed,399,4908.62,FALSE,TRUE,FALSE,2021-08-28,completed
400,111,211,immigration,phone,2026-09-12,closed,400,4412.73,TRUE,TRUE,TRUE,2026-09-12,office_declined
401,431,146,labor,whatsapp,2025-07-23,in_process,401,435.17,FALSE,FALSE,FALSE,,accepted
402,758,950,immigration,whatsapp,2023-08-24,closed,402,3401.79,TRUE,FALSE,FALSE,2023-08-24,completed
403,540,887,family,phone,2024-11-30,closed,403,1333.74,TRUE,TRUE,TRUE,2024-11-30,completed
404,971,28,criminal,whatsapp,2024-11-17,closed,404,578.59,TRUE,TRUE,TRUE,2026-09-12,lost_case
405,746,310,immigration,email,2026-06-29,under_investigation,405,4290.82,TRUE,FALSE,FALSE,,in_progress
406,994,610,criminal,phone,2026-09-12,closed,406,3590.62,FALSE,TRUE,FALSE,2026-09-12,settled
407,664,661,commercial,email,2026-09-12,closed,407,4823.9,TRUE,FALSE,FALSE,2026-09-12,office_declined
408,605,877,real_estate,whatsapp,2015-03-06,closed,408,587.59,FALSE,FALSE,TRUE,2026-02-28,client_withdrawal
409,321,700,real_estate,whatsapp,2018-06-27,closed,409,4480.65,FALSE,FALSE,FALSE,2019-12-27,resolved
410,48,490,family,whatsapp,2023-09-18,under_review,410,2626.69,FALSE,FALSE,TRUE,,in_progress
411,452,373,contract_review,whatsapp,2015-01-09,pending,411,1772.93,TRUE,TRUE,FALSE,,in_progress
412,779,128,real_estate,whatsapp,2015-02-16,closed,412,4801.81,TRUE,TRUE,TRUE,2026-09-12,cancelled
413,951,109,real_estate,phone,2026-09-12,closed,413,4378.99,TRUE,TRUE,FALSE,2026-09-12,client_withdrawal
414,29,406,contract_review,email,2026-09-12,pending,414,4877.89,FALSE,TRUE,TRUE,,in_progress
415,161,344,civil,email,2020-01-25,under_review,415,3728.24,TRUE,FALSE,TRUE,,ongoing
416,413,575,administrative,whatsapp,2026-09-12,closed,416,4017.02,TRUE,FALSE,TRUE,2026-09-12,client_withdrawal
417,486,408,commercial,whatsapp,2026-09-12,closed,417,3285.76,TRUE,FALSE,FALSE,2026-09-12,lost_case
418,170,369,administrative,whatsapp,2016-11-30,closed,418,455.39,TRUE,FALSE,FALSE,2026-09-12,completed
419,707,191,criminal,email,2015-02-11,closed,419,3459.99,TRUE,TRUE,TRUE,2026-09-12,completed
420,143,352,administrative,email,2026-09-12,pending,420,3555.06,FALSE,FALSE,FALSE,,accepted
421,692,750,administrative,phone,2026-09-12,in_process,421,1067.84,TRUE,FALSE,FALSE,,accepted
422,554,572,contract_review,phone,2024-01-08,pending,422,3046.26,FALSE,FALSE,FALSE,,ongoing
423,879,269,commercial,email,2016-02-16,closed,423,1527.82,FALSE,FALSE,FALSE,2026-03-03,client_withdrawal
424,42,465,immigration,email,2021-10-06,closed,424,1690.1,FALSE,TRUE,TRUE,2025-04-22,cancelled
425,798,774,consultation,email,2026-09-12,in_process,425,4089.57,FALSE,FALSE,TRUE,,accepted
426,895,601,immigration,whatsapp,2015-10-06,closed,426,1295.67,FALSE,TRUE,FALSE,2023-11-28,client_withdrawal
427,488,422,family,phone,2019-04-17,closed,427,807.11,TRUE,TRUE,FALSE,2026-09-12,cancelled
428,223,836,immigration,phone,2026-09-12,closed,428,3373.27,FALSE,FALSE,FALSE,2026-09-12,lost_case
429,153,1,administrative,whatsapp,2015-08-15,closed,429,2136.49,TRUE,FALSE,TRUE,2026-09-12,resolved
430,916,747,civil,phone,2022-11-13,closed,430,2267.26,TRUE,TRUE,FALSE,2026-09-12,office_declined
431,162,888,criminal,email,2026-09-12,closed,431,547.42,TRUE,TRUE,FALSE,2026-09-12,office_declined
432,680,625,real_estate,email,2017-02-11,pending,432,1812.84,TRUE,TRUE,TRUE,,ongoing
433,377,939,immigration,whatsapp,2026-09-12,closed,433,1970.65,FALSE,TRUE,TRUE,2026-09-12,settled
434,966,961,immigration,email,2026-09-12,rejected,434,1124.17,FALSE,FALSE,TRUE,,ongoing
435,854,566,criminal,whatsapp,2018-02-15,closed,435,3943.64,FALSE,TRUE,FALSE,2022-10-13,settled
436,869,454,consultation,email,2017-03-22,closed,436,3338.88,FALSE,FALSE,FALSE,2017-03-22,resolved
437,605,561,labor,phone,2023-01-15,closed,437,2001.38,FALSE,FALSE,TRUE,2023-01-15,lost_case
438,134,18,contract_review,email,2024-04-21,pending,438,1366.72,FALSE,FALSE,FALSE,,accepted
439,145,772,family,whatsapp,2026-09-12,delayed,439,2225.83,FALSE,TRUE,TRUE,,ongoing
440,399,808,criminal,phone,2025-10-08,closed,440,309.37,TRUE,FALSE,FALSE,2026-09-12,cancelled
441,885,232,commercial,whatsapp,2015-05-25,under_review,441,576.03,TRUE,FALSE,FALSE,,accepted
442,384,701,civil,whatsapp,2023-06-19,closed,442,3643.99,TRUE,TRUE,TRUE,2023-09-30,resolved
443,149,571,immigration,whatsapp,2026-09-12,closed,443,4638.31,TRUE,TRUE,FALSE,2026-09-12,cancelled
444,576,758,commercial,whatsapp,2024-01-29,closed,444,2962.78,FALSE,FALSE,TRUE,2026-09-12,lost_case
445,774,876,civil,whatsapp,2024-06-15,closed,445,2466.28,FALSE,TRUE,FALSE,2026-07-11,office_declined
446,119,138,family,whatsapp,2021-01-20,closed,446,3402.33,FALSE,TRUE,FALSE,2021-01-20,resolved
447,240,270,commercial,email,2019-03-21,closed,447,4129.51,FALSE,FALSE,TRUE,2019-03-21,resolved
448,927,414,immigration,whatsapp,2024-01-25,closed,448,4848.98,TRUE,TRUE,FALSE,2024-01-25,cancelled
449,13,550,contract_review,whatsapp,2026-09-12,closed,449,3631.14,TRUE,FALSE,TRUE,2026-09-12,lost_case
450,704,924,civil,phone,2016-10-19,rejected,450,4722.02,TRUE,FALSE,FALSE,,in_progress
451,759,528,criminal,email,2022-07-11,closed,451,3501.15,FALSE,FALSE,TRUE,2026-09-12,office_declined
452,32,933,family,email,2021-07-24,pending,452,1965.43,TRUE,FALSE,FALSE,,accepted
453,384,696,family,whatsapp,2024-03-03,closed,453,4309.77,TRUE,TRUE,FALSE,2024-03-03,client_withdrawal
454,454,142,criminal,phone,2019-03-08,closed,454,1167.05,FALSE,TRUE,TRUE,2019-03-08,settled
455,864,536,criminal,whatsapp,2017-11-18,closed,455,4700.82,TRUE,FALSE,FALSE,2026-09-12,office_declined
456,180,231,contract_review,phone,2017-12-07,under_review,456,2039.6,TRUE,FALSE,TRUE,,ongoing
457,605,877,family,phone,2016-11-25,under_investigation,457,3410.41,TRUE,TRUE,FALSE,,ongoing
458,812,197,family,whatsapp,2023-01-16,closed,458,4628.01,TRUE,TRUE,FALSE,2023-01-16,completed
459,416,522,contract_review,email,2024-08-10,closed,459,4365.49,FALSE,TRUE,TRUE,2024-08-11,completed
460,235,162,commercial,email,2026-09-12,in_process,460,815.54,FALSE,TRUE,FALSE,,accepted
461,802,565,immigration,whatsapp,2026-06-23,closed,461,3891.91,FALSE,FALSE,FALSE,2026-06-23,resolved
462,365,520,labor,whatsapp,2026-09-12,closed,462,3130.15,FALSE,FALSE,TRUE,2026-09-12,cancelled
463,828,244,real_estate,phone,2026-09-12,closed,463,1072.26,TRUE,TRUE,TRUE,2026-09-12,office_declined
464,254,829,labor,phone,2026-09-12,closed,464,4171.25,TRUE,TRUE,TRUE,2026-09-12,resolved
465,369,510,criminal,whatsapp,2019-09-03,approved,465,1027.87,TRUE,TRUE,FALSE,,ongoing
466,976,996,immigration,whatsapp,2024-05-23,closed,466,1124.54,FALSE,FALSE,FALSE,2026-09-12,cancelled
467,413,291,labor,whatsapp,2023-03-03,closed,467,3600.86,FALSE,FALSE,FALSE,2023-03-03,settled
468,811,29,administrative,whatsapp,2017-09-10,closed,468,1933.07,FALSE,FALSE,FALSE,2026-09-12,completed
469,841,51,labor,email,2026-09-12,closed,469,430.25,FALSE,TRUE,FALSE,2026-09-12,lost_case
470,19,848,labor,whatsapp,2019-02-19,under_investigation,470,2578.43,FALSE,TRUE,TRUE,,in_progress
471,660,546,contract_review,phone,2022-06-01,pending,471,2979.37,TRUE,TRUE,FALSE,,accepted
472,964,145,consultation,email,2017-06-22,approved,472,4434.5,TRUE,TRUE,FALSE,,in_progress
473,957,255,family,email,2016-06-07,closed,473,3931.97,TRUE,FALSE,FALSE,2026-09-12,settled
474,111,592,contract_review,email,2023-03-07,delayed,474,3544.37,FALSE,TRUE,FALSE,,ongoing
475,801,140,criminal,email,2026-09-12,closed,475,4657.92,FALSE,TRUE,TRUE,2026-09-12,resolved
476,431,397,real_estate,phone,2026-01-30,closed,476,3826.26,TRUE,TRUE,FALSE,2026-09-12,completed
477,826,320,administrative,phone,2023-08-24,closed,477,2883.36,TRUE,TRUE,FALSE,2026-09-12,office_declined
478,228,459,civil,whatsapp,2026-09-12,closed,478,489.97,TRUE,FALSE,FALSE,2026-09-12,lost_case
479,42,290,labor,email,2016-06-07,closed,479,4666.67,TRUE,TRUE,TRUE,2023-04-06,settled
480,66,159,commercial,whatsapp,2026-09-12,closed,480,1943.22,FALSE,TRUE,FALSE,2026-09-12,completed
481,825,884,consultation,phone,2016-07-27,closed,481,749.15,TRUE,FALSE,FALSE,2026-09-12,office_declined
482,417,792,consultation,email,2015-06-04,closed,482,4790.22,TRUE,TRUE,FALSE,2017-04-13,office_declined
483,597,201,labor,phone,2025-01-12,closed,483,2137.3,FALSE,TRUE,TRUE,2026-09-12,office_declined
484,519,948,immigration,phone,2023-06-11,closed,484,4809.41,FALSE,TRUE,FALSE,2023-06-11,settled
485,587,745,commercial,whatsapp,2016-05-17,closed,485,394.73,FALSE,FALSE,FALSE,2026-09-12,cancelled
486,96,413,contract_review,phone,2017-10-31,in_process,486,4660.33,FALSE,FALSE,TRUE,,accepted
487,431,603,civil,whatsapp,2026-09-12,closed,487,1315.71,FALSE,TRUE,TRUE,2026-09-12,cancelled
488,65,818,real_estate,whatsapp,2026-09-12,in_process,488,4873.71,TRUE,TRUE,FALSE,,ongoing
489,680,625,commercial,whatsapp,2025-12-04,closed,489,4340.16,FALSE,FALSE,FALSE,2025-12-04,client_withdrawal
490,41,152,contract_review,phone,2023-11-07,in_process,490,1481.19,TRUE,FALSE,TRUE,,accepted
491,551,238,commercial,whatsapp,2023-04-28,closed,491,4877.83,TRUE,TRUE,FALSE,2023-04-28,cancelled
492,901,705,real_estate,whatsapp,2022-04-12,closed,492,861.63,TRUE,FALSE,FALSE,2025-02-27,client_withdrawal
493,384,173,consultation,phone,2017-07-29,closed,493,4461.46,TRUE,FALSE,TRUE,2019-03-24,settled
494,886,543,family,whatsapp,2018-08-16,closed,494,4587.65,FALSE,TRUE,TRUE,2018-08-16,lost_case
495,780,166,civil,whatsapp,2023-03-26,approved,495,2779.24,TRUE,FALSE,TRUE,,accepted
496,479,703,immigration,email,2019-07-03,closed,496,2125.08,TRUE,FALSE,TRUE,2022-01-16,lost_case
497,139,746,commercial,email,2022-11-16,closed,497,1883.58,FALSE,FALSE,FALSE,2024-11-18,lost_case
498,666,713,administrative,whatsapp,2017-10-31,approved,498,825.16,FALSE,TRUE,FALSE,,accepted
499,29,406,contract_review,email,2026-09-12,closed,499,2184.16,TRUE,FALSE,TRUE,2026-09-12,completed
500,927,414,real_estate,whatsapp,2020-11-04,under_review,500,211.81,FALSE,FALSE,FALSE,,in_progress
501,509,910,contract_review,whatsapp,2022-12-27,closed,501,3800.3,FALSE,FALSE,TRUE,2022-12-27,completed
502,414,500,commercial,whatsapp,2023-12-10,closed,502,784.87,TRUE,FALSE,FALSE,2025-02-19,cancelled
503,903,357,family,whatsapp,2021-08-09,pending,503,2632.83,FALSE,TRUE,FALSE,,accepted
504,519,584,real_estate,email,2015-05-11,closed,504,2673.62,TRUE,FALSE,TRUE,2025-07-17,client_withdrawal
505,451,383,immigration,email,2018-11-26,closed,505,3833.48,TRUE,FALSE,FALSE,2023-05-22,cancelled
506,849,221,consultation,whatsapp,2026-09-12,closed,506,901.93,FALSE,FALSE,FALSE,2026-09-12,completed
507,312,702,criminal,email,2025-05-10,closed,507,1980.6,FALSE,FALSE,TRUE,2026-09-12,office_declined
508,456,92,family,whatsapp,2016-10-21,in_process,508,2039.53,TRUE,FALSE,FALSE,,accepted
509,475,785,civil,phone,2017-04-25,under_investigation,509,1717.94,FALSE,TRUE,FALSE,,accepted
510,883,797,criminal,phone,2026-09-12,closed,510,3588.44,TRUE,FALSE,FALSE,2026-09-12,resolved
511,427,88,consultation,whatsapp,2018-02-22,closed,511,4318.32,TRUE,FALSE,FALSE,2018-10-05,client_withdrawal
512,251,676,immigration,whatsapp,2025-03-26,awaiting_response,512,389.81,TRUE,TRUE,FALSE,,ongoing
513,753,175,civil,phone,2018-05-11,under_review,513,3865.04,TRUE,TRUE,FALSE,,ongoing
514,28,43,administrative,whatsapp,2023-03-15,closed,514,2180.19,TRUE,TRUE,TRUE,2023-03-15,cancelled
515,773,555,civil,whatsapp,2018-07-13,closed,515,1728.33,TRUE,TRUE,TRUE,2018-07-22,completed
516,753,175,immigration,phone,2019-07-26,closed,516,498.47,FALSE,FALSE,FALSE,2023-03-09,resolved
517,384,173,civil,whatsapp,2016-07-04,pending,517,4108.38,FALSE,TRUE,TRUE,,ongoing
518,693,476,family,phone,2017-07-31,closed,518,2047.54,TRUE,TRUE,FALSE,2026-09-12,completed
519,485,889,administrative,whatsapp,2021-10-19,closed,519,2810.7,FALSE,TRUE,FALSE,2026-09-12,cancelled
520,329,509,administrative,email,2026-09-09,closed,520,2000.65,TRUE,TRUE,TRUE,2026-09-09,lost_case
521,916,747,administrative,whatsapp,2026-09-12,closed,521,1031.24,FALSE,FALSE,FALSE,2026-09-12,resolved
522,471,532,civil,whatsapp,2025-03-15,closed,522,2101.64,TRUE,TRUE,TRUE,2025-03-15,settled
523,707,978,labor,whatsapp,2026-09-12,closed,523,1597.95,TRUE,TRUE,TRUE,2026-09-12,client_withdrawal
524,673,339,criminal,whatsapp,2026-09-12,closed,524,3713.97,FALSE,FALSE,FALSE,2026-09-12,cancelled
525,212,491,administrative,phone,2026-09-12,rejected,525,3328.5,TRUE,FALSE,FALSE,,in_progress
526,413,880,labor,phone,2024-11-09,closed,526,4316.64,TRUE,TRUE,FALSE,2024-11-09,settled
527,339,975,commercial,email,2020-06-30,closed,527,1928.07,TRUE,FALSE,FALSE,2020-06-30,cancelled
528,334,804,consultation,email,2026-09-12,under_review,528,539.3,FALSE,TRUE,TRUE,,in_progress
529,190,843,commercial,whatsapp,2018-04-22,closed,529,549.38,FALSE,FALSE,TRUE,2022-09-16,office_declined
530,155,714,civil,email,2019-06-25,closed,530,2850.89,TRUE,TRUE,TRUE,2025-06-08,resolved
531,82,348,administrative,whatsapp,2026-01-25,closed,531,2359.77,FALSE,TRUE,TRUE,2026-09-12,resolved
532,832,482,administrative,phone,2024-03-02,closed,532,588.46,FALSE,FALSE,FALSE,2024-03-02,completed
533,519,584,immigration,email,2023-03-29,closed,533,3019.02,FALSE,FALSE,TRUE,2023-03-29,resolved
534,236,3,family,whatsapp,2015-02-18,closed,534,4755.96,TRUE,FALSE,FALSE,2015-08-08,completed
535,772,681,contract_review,whatsapp,2026-09-12,closed,535,660,TRUE,TRUE,TRUE,2026-09-12,completed
536,142,860,commercial,phone,2024-10-27,under_investigation,536,1473.87,FALSE,FALSE,FALSE,,accepted
537,772,85,contract_review,email,2026-09-12,closed,537,3183.62,FALSE,TRUE,TRUE,2026-09-12,completed
538,132,341,administrative,email,2026-06-15,closed,538,4083.64,TRUE,FALSE,TRUE,2026-09-12,resolved
539,993,537,real_estate,phone,2018-01-22,closed,539,2666.43,TRUE,FALSE,FALSE,2018-05-06,settled
540,121,488,criminal,email,2018-05-31,closed,540,4838.63,FALSE,FALSE,FALSE,2025-12-19,cancelled
541,911,345,civil,phone,2021-04-02,pending,541,3836.94,FALSE,TRUE,TRUE,,ongoing
542,475,785,real_estate,email,2017-08-27,closed,542,2384.72,TRUE,FALSE,TRUE,2022-05-08,lost_case
543,828,761,labor,whatsapp,2024-03-06,closed,543,283.6,FALSE,FALSE,TRUE,2024-03-06,office_declined
544,519,94,civil,whatsapp,2020-12-16,closed,544,913.99,FALSE,FALSE,FALSE,2020-12-16,client_withdrawal
545,462,456,contract_review,phone,2016-01-18,closed,545,2406.51,FALSE,TRUE,FALSE,2024-05-14,lost_case
546,48,254,labor,whatsapp,2026-09-12,closed,546,2671.44,TRUE,TRUE,FALSE,2026-09-12,settled
547,144,33,civil,phone,2021-05-06,closed,547,1068.99,TRUE,TRUE,FALSE,2026-09-12,completed
548,145,809,commercial,whatsapp,2026-09-12,in_process,548,1705.6,TRUE,FALSE,TRUE,,ongoing
549,842,749,contract_review,email,2026-01-05,under_investigation,549,3059.89,FALSE,FALSE,TRUE,,ongoing
550,966,186,commercial,email,2026-09-12,closed,550,376.41,TRUE,FALSE,TRUE,2026-09-12,cancelled
551,954,418,consultation,whatsapp,2021-06-30,under_review,551,3422.15,TRUE,TRUE,TRUE,,in_progress
552,466,79,commercial,whatsapp,2016-12-17,closed,552,411.23,TRUE,TRUE,FALSE,2026-03-25,lost_case
553,313,259,labor,email,2020-09-08,closed,553,958.75,FALSE,FALSE,FALSE,2020-09-08,client_withdrawal
554,605,877,immigration,email,2015-09-21,closed,554,3943.17,TRUE,FALSE,FALSE,2021-04-16,settled
555,212,838,immigration,whatsapp,2024-06-16,closed,555,550.15,TRUE,TRUE,FALSE,2026-09-12,lost_case
556,846,634,administrative,whatsapp,2026-09-12,closed,556,4235.49,FALSE,FALSE,FALSE,2026-09-12,cancelled
557,657,911,real_estate,whatsapp,2018-07-28,closed,557,1079.1,FALSE,FALSE,TRUE,2026-09-12,completed
558,134,18,contract_review,whatsapp,2026-09-12,approved,558,4688.29,FALSE,TRUE,TRUE,,ongoing
559,975,387,civil,email,2025-01-20,closed,559,266.87,TRUE,FALSE,FALSE,2026-09-12,completed
560,235,474,immigration,phone,2026-09-12,pending,560,3664.88,TRUE,TRUE,FALSE,,accepted
561,514,641,immigration,whatsapp,2018-10-20,in_process,561,214.44,FALSE,FALSE,TRUE,,accepted
562,524,487,immigration,whatsapp,2026-09-12,in_process,562,874.15,FALSE,TRUE,TRUE,,ongoing
563,487,241,civil,phone,2016-07-30,closed,563,4931.79,TRUE,FALSE,TRUE,2025-09-29,lost_case
564,129,288,civil,email,2026-09-12,closed,564,871.59,FALSE,FALSE,FALSE,2026-09-12,office_declined
565,53,328,real_estate,email,2018-07-21,under_review,565,3972.1,FALSE,FALSE,FALSE,,in_progress
566,703,783,commercial,email,2026-09-12,closed,566,3087.56,FALSE,TRUE,TRUE,2026-09-12,resolved
567,132,341,commercial,phone,2023-12-12,closed,567,2961.25,TRUE,TRUE,FALSE,2023-12-12,settled
568,321,700,labor,email,2018-09-11,closed,568,622.47,FALSE,FALSE,TRUE,2026-09-12,client_withdrawal
569,758,89,administrative,email,2021-11-12,closed,569,4458.3,FALSE,FALSE,TRUE,2026-09-12,lost_case
570,664,970,real_estate,phone,2021-01-17,closed,570,3661.43,TRUE,FALSE,FALSE,2026-09-12,lost_case
571,334,267,real_estate,phone,2019-05-10,closed,571,1094.01,FALSE,TRUE,FALSE,2021-09-13,completed
572,741,284,consultation,phone,2026-09-12,closed,572,3037.02,FALSE,TRUE,FALSE,2026-09-12,resolved
573,26,371,real_estate,phone,2025-03-11,under_review,573,2329.82,FALSE,FALSE,FALSE,,ongoing
574,992,178,consultation,whatsapp,2021-05-20,closed,574,4022.82,FALSE,TRUE,FALSE,2024-04-27,office_declined
575,322,784,consultation,phone,2025-06-13,in_process,575,3264.1,TRUE,TRUE,TRUE,,ongoing
576,102,184,contract_review,email,2018-10-17,in_process,576,2354.46,TRUE,TRUE,TRUE,,accepted
577,972,469,civil,phone,2018-05-24,closed,577,2659.7,TRUE,TRUE,FALSE,2018-05-24,lost_case
578,19,71,labor,whatsapp,2018-06-24,closed,578,3258.85,TRUE,TRUE,FALSE,2018-06-24,client_withdrawal
579,363,386,criminal,whatsapp,2025-05-31,closed,579,959.18,TRUE,TRUE,TRUE,2025-05-31,resolved
580,312,569,family,whatsapp,2019-07-03,delayed,580,1896.22,TRUE,TRUE,FALSE,,ongoing
581,16,374,administrative,whatsapp,2020-07-02,closed,581,2816.11,FALSE,TRUE,TRUE,2020-07-02,completed
582,787,737,contract_review,whatsapp,2024-02-29,closed,582,599.9,TRUE,TRUE,FALSE,2024-02-29,settled
583,972,868,commercial,whatsapp,2015-02-16,closed,583,2167.32,TRUE,FALSE,FALSE,2026-05-29,resolved
584,61,132,labor,whatsapp,2023-06-15,under_review,584,1110.22,FALSE,FALSE,FALSE,,ongoing
585,576,508,immigration,phone,2023-10-09,closed,585,2019.9,TRUE,FALSE,FALSE,2024-08-10,completed
586,802,726,family,whatsapp,2015-01-25,in_process,586,2071.6,TRUE,TRUE,FALSE,,in_progress
587,597,201,administrative,phone,2026-09-12,pending,587,4355.4,FALSE,FALSE,FALSE,,accepted
588,920,337,consultation,whatsapp,2021-01-24,closed,588,1946.97,FALSE,TRUE,TRUE,2021-01-24,office_declined
589,96,660,criminal,email,2025-03-14,closed,589,735.45,FALSE,TRUE,FALSE,2025-03-14,client_withdrawal
590,694,905,administrative,phone,2019-01-13,closed,590,1252.83,TRUE,TRUE,TRUE,2020-03-30,completed
591,145,772,family,whatsapp,2022-02-09,delayed,591,280.96,FALSE,TRUE,TRUE,,ongoing
592,449,790,administrative,whatsapp,2022-08-26,closed,592,2965.4,TRUE,TRUE,TRUE,2022-08-26,completed
593,501,827,commercial,phone,2026-09-12,closed,593,1480.86,FALSE,TRUE,FALSE,2026-09-12,resolved
594,666,286,civil,email,2026-09-12,closed,594,2569.16,TRUE,TRUE,FALSE,2026-09-12,lost_case
595,111,427,real_estate,whatsapp,2026-09-12,closed,595,2254.5,TRUE,TRUE,FALSE,2026-09-12,office_declined
596,42,973,labor,phone,2019-06-20,closed,596,1631.03,TRUE,TRUE,TRUE,2024-09-19,settled
597,235,530,consultation,phone,2015-05-14,pending,597,1229.81,FALSE,TRUE,TRUE,,accepted
598,657,724,criminal,whatsapp,2018-04-09,closed,598,1685.12,TRUE,FALSE,FALSE,2021-03-27,lost_case
599,326,617,consultation,email,2019-05-29,closed,599,1031.34,FALSE,TRUE,TRUE,2019-05-29,resolved
600,689,602,immigration,phone,2026-08-20,closed,600,4957.3,TRUE,TRUE,FALSE,2026-09-12,client_withdrawal
601,546,992,labor,phone,2026-09-12,closed,601,4866.02,FALSE,FALSE,FALSE,2026-09-12,lost_case
602,987,619,labor,phone,2026-06-06,delayed,602,4406.06,FALSE,TRUE,FALSE,,ongoing
603,828,586,real_estate,whatsapp,2023-08-18,closed,603,1038.48,FALSE,TRUE,FALSE,2023-08-18,office_declined
604,887,622,civil,whatsapp,2015-07-06,closed,604,4240.73,TRUE,TRUE,FALSE,2026-09-12,client_withdrawal
605,524,487,consultation,whatsapp,2026-09-12,closed,605,1585.04,FALSE,FALSE,FALSE,2026-09-12,settled
606,801,751,civil,email,2026-09-12,closed,606,570.06,FALSE,FALSE,TRUE,2026-09-12,settled
607,149,825,commercial,email,2026-09-12,closed,607,556.58,TRUE,TRUE,FALSE,2026-09-12,settled
608,431,603,civil,whatsapp,2026-09-12,closed,608,3362.86,FALSE,TRUE,TRUE,2026-09-12,completed
609,406,40,civil,email,2023-12-09,closed,609,4986.5,TRUE,FALSE,TRUE,2023-12-09,office_declined
610,306,234,contract_review,phone,2018-05-17,under_review,610,3172.41,TRUE,FALSE,FALSE,,accepted
611,90,769,contract_review,whatsapp,2024-06-05,under_review,611,4991.46,FALSE,FALSE,TRUE,,in_progress
612,544,513,contract_review,email,2022-09-16,closed,612,4191.28,TRUE,FALSE,FALSE,2026-09-12,resolved
613,818,540,civil,whatsapp,2017-11-24,closed,613,1243.45,TRUE,TRUE,FALSE,2026-09-12,resolved
614,218,511,immigration,whatsapp,2019-09-01,closed,614,3086.53,FALSE,TRUE,TRUE,2019-09-01,completed
615,76,376,contract_review,whatsapp,2018-06-25,closed,615,3908.16,FALSE,TRUE,FALSE,2024-10-13,settled
616,499,149,civil,phone,2019-05-01,in_process,616,4488.91,TRUE,FALSE,TRUE,,accepted
617,66,159,contract_review,whatsapp,2026-09-12,closed,617,3627.52,FALSE,FALSE,FALSE,2026-09-12,lost_case
618,374,735,family,whatsapp,2026-09-12,awaiting_response,618,3101.9,TRUE,TRUE,TRUE,,accepted
619,154,590,criminal,whatsapp,2026-09-12,closed,619,3083.38,TRUE,FALSE,FALSE,2026-09-12,client_withdrawal
620,178,224,contract_review,whatsapp,2026-09-12,closed,620,3803.91,TRUE,TRUE,FALSE,2026-09-12,resolved
621,363,386,labor,whatsapp,2019-06-14,closed,621,4907.88,FALSE,TRUE,FALSE,2024-06-07,cancelled
622,475,691,labor,whatsapp,2015-02-21,closed,622,4470.17,TRUE,TRUE,FALSE,2026-09-12,office_declined
623,426,246,consultation,phone,2026-09-12,in_process,623,1907.86,TRUE,TRUE,FALSE,,ongoing
624,738,384,labor,whatsapp,2024-05-06,pending,624,2870.3,TRUE,FALSE,TRUE,,in_progress
625,185,108,labor,email,2020-12-31,closed,625,2784.96,TRUE,FALSE,FALSE,2026-09-12,settled
626,275,426,administrative,whatsapp,2026-02-27,approved,626,3464.94,TRUE,FALSE,FALSE,,accepted
627,820,494,real_estate,phone,2022-09-16,closed,627,4730.57,FALSE,TRUE,FALSE,2022-09-16,lost_case
628,128,671,consultation,email,2017-01-12,approved,628,264.58,FALSE,FALSE,FALSE,,ongoing
629,660,756,real_estate,whatsapp,2015-09-01,delayed,629,4981.9,FALSE,FALSE,TRUE,,ongoing
630,742,912,contract_review,whatsapp,2024-11-20,closed,630,1892.65,TRUE,TRUE,TRUE,2026-09-12,cancelled
631,454,788,administrative,whatsapp,2015-04-20,closed,631,3280.45,TRUE,FALSE,FALSE,2026-09-12,client_withdrawal
632,305,263,contract_review,phone,2016-05-16,closed,632,3880.4,TRUE,FALSE,FALSE,2022-02-28,client_withdrawal
633,334,538,immigration,whatsapp,2026-05-25,closed,633,363.1,FALSE,TRUE,TRUE,2026-05-25,office_declined
634,998,531,civil,email,2018-11-22,closed,634,3327.81,FALSE,TRUE,FALSE,2026-09-12,client_withdrawal
635,97,168,real_estate,whatsapp,2026-09-12,closed,635,4816.33,FALSE,FALSE,FALSE,2026-09-12,resolved
636,35,675,family,whatsapp,2021-10-01,under_review,636,1981.98,TRUE,FALSE,FALSE,,accepted
637,152,208,commercial,whatsapp,2015-09-08,closed,637,2988.85,TRUE,TRUE,FALSE,2015-10-12,office_declined
638,76,278,commercial,email,2024-09-07,closed,638,3844.51,TRUE,TRUE,TRUE,2024-09-07,office_declined
639,365,171,contract_review,whatsapp,2026-09-12,closed,639,3096.72,TRUE,TRUE,FALSE,2026-09-12,lost_case
640,267,678,consultation,phone,2026-09-12,delayed,640,996.75,FALSE,FALSE,FALSE,,in_progress
641,145,719,commercial,whatsapp,2026-04-29,closed,641,1824.24,TRUE,TRUE,TRUE,2026-04-29,lost_case
642,145,704,criminal,email,2026-09-12,in_process,642,1905.76,TRUE,TRUE,FALSE,,in_progress
643,236,3,criminal,email,2016-11-29,closed,643,3438.15,FALSE,TRUE,TRUE,2016-11-29,office_declined
644,964,145,criminal,whatsapp,2025-03-18,closed,644,198.98,TRUE,FALSE,TRUE,2025-03-18,resolved
645,142,117,immigration,phone,2024-04-06,closed,645,3979.02,TRUE,FALSE,FALSE,2024-04-06,completed
646,826,320,labor,phone,2015-11-09,closed,646,3681.46,FALSE,FALSE,FALSE,2026-09-12,office_declined
647,4,616,commercial,whatsapp,2020-05-19,pending,647,4812.5,TRUE,FALSE,TRUE,,ongoing
648,90,689,real_estate,email,2023-03-13,pending,648,3684.18,TRUE,FALSE,FALSE,,in_progress
649,663,578,administrative,phone,2024-03-22,closed,649,4312.8,TRUE,FALSE,FALSE,2024-03-22,lost_case
650,159,139,consultation,phone,2026-03-21,closed,650,2833.24,FALSE,FALSE,TRUE,2026-09-12,resolved
651,768,779,civil,whatsapp,2016-10-25,closed,651,1670.7,FALSE,TRUE,FALSE,2026-09-12,client_withdrawal
652,519,94,immigration,phone,2016-11-17,closed,652,3339.19,TRUE,TRUE,TRUE,2016-12-20,lost_case
653,673,339,family,whatsapp,2020-01-19,awaiting_response,653,1071.98,FALSE,TRUE,TRUE,,ongoing
654,537,630,family,phone,2025-07-21,under_review,654,988.83,FALSE,TRUE,FALSE,,accepted
655,669,659,administrative,whatsapp,2026-07-31,closed,655,653.43,FALSE,FALSE,TRUE,2026-07-31,lost_case
656,798,378,consultation,email,2017-07-23,closed,656,4290.26,TRUE,TRUE,FALSE,2026-09-12,cancelled
657,119,679,criminal,phone,2021-08-28,closed,657,4365.62,TRUE,FALSE,FALSE,2021-08-28,office_declined
658,56,636,administrative,phone,2018-02-19,closed,658,2380.34,TRUE,TRUE,TRUE,2023-03-02,resolved
659,679,251,administrative,email,2026-09-12,closed,659,669.32,FALSE,TRUE,TRUE,2026-09-12,resolved
660,53,328,real_estate,whatsapp,2026-01-03,closed,660,691.64,TRUE,FALSE,FALSE,2026-05-02,office_declined
661,707,978,administrative,email,2019-09-24,closed,661,2525.15,FALSE,TRUE,FALSE,2019-09-24,client_withdrawal
662,758,777,consultation,email,2023-10-12,closed,662,1690.17,FALSE,TRUE,FALSE,2023-10-12,cancelled
663,768,779,contract_review,whatsapp,2022-10-12,closed,663,4685.17,TRUE,FALSE,FALSE,2022-10-12,completed
664,622,813,administrative,email,2021-01-02,closed,664,2323.88,FALSE,FALSE,TRUE,2022-12-30,resolved
665,251,579,labor,email,2020-08-24,under_review,665,3826.26,FALSE,TRUE,FALSE,,in_progress
666,983,608,real_estate,whatsapp,2026-08-09,closed,666,344.76,TRUE,TRUE,TRUE,2026-09-12,resolved
667,152,41,contract_review,whatsapp,2026-09-12,closed,667,3390,TRUE,TRUE,TRUE,2026-09-12,office_declined
668,119,442,commercial,whatsapp,2026-09-12,delayed,668,3693.53,TRUE,FALSE,TRUE,,ongoing
669,13,436,immigration,whatsapp,2021-04-06,closed,669,333.31,TRUE,FALSE,TRUE,2026-09-12,lost_case
670,48,90,commercial,whatsapp,2021-08-18,closed,670,1839.57,FALSE,FALSE,TRUE,2026-09-12,office_declined
671,454,142,commercial,whatsapp,2020-03-26,pending,671,2242.77,FALSE,TRUE,FALSE,,ongoing
672,4,188,contract_review,email,2016-08-15,closed,672,1705.56,TRUE,FALSE,FALSE,2016-10-02,resolved
673,365,307,criminal,phone,2026-09-12,closed,673,413.24,FALSE,TRUE,TRUE,2026-09-12,office_declined
674,132,781,administrative,email,2020-02-20,closed,674,779.91,FALSE,TRUE,TRUE,2026-09-12,client_withdrawal
675,221,852,contract_review,email,2018-02-16,under_review,675,1147.97,TRUE,TRUE,FALSE,,ongoing
676,984,918,consultation,whatsapp,2024-11-17,delayed,676,352.7,FALSE,TRUE,TRUE,,accepted
677,321,732,contract_review,email,2021-04-19,closed,677,944.6,FALSE,FALSE,TRUE,2021-04-19,resolved
678,657,724,criminal,whatsapp,2026-09-12,pending,678,840.38,TRUE,TRUE,FALSE,,ongoing
679,426,246,contract_review,phone,2017-03-12,closed,679,4878.12,FALSE,TRUE,FALSE,2021-12-03,client_withdrawal
680,554,217,consultation,phone,2018-09-23,closed,680,506.14,FALSE,TRUE,TRUE,2018-09-23,settled
681,487,241,administrative,phone,2019-09-10,closed,681,3906.9,TRUE,TRUE,FALSE,2019-09-10,lost_case
682,61,904,real_estate,whatsapp,2022-02-16,rejected,682,4711.9,FALSE,TRUE,TRUE,,accepted
683,988,803,family,whatsapp,2018-10-14,under_review,683,1503.6,TRUE,FALSE,TRUE,,in_progress
684,449,790,civil,email,2023-02-03,closed,684,2990.04,FALSE,FALSE,TRUE,2023-02-03,cancelled
685,909,321,contract_review,phone,2015-05-29,rejected,685,2999.78,TRUE,FALSE,FALSE,,in_progress
686,826,320,commercial,whatsapp,2020-03-31,closed,686,1404.08,TRUE,FALSE,TRUE,2020-04-03,client_withdrawal
687,295,296,immigration,phone,2021-08-22,closed,687,4352.91,FALSE,TRUE,TRUE,2021-08-22,office_declined
688,850,618,immigration,whatsapp,2017-10-22,closed,688,948.94,TRUE,FALSE,FALSE,2017-10-22,cancelled
689,963,86,immigration,phone,2020-07-04,closed,689,704.15,TRUE,FALSE,TRUE,2026-09-12,lost_case
690,275,426,contract_review,whatsapp,2021-04-30,closed,690,1123.04,FALSE,FALSE,TRUE,2026-05-31,lost_case
691,35,363,administrative,email,2026-09-12,closed,691,4063.99,FALSE,FALSE,TRUE,2026-09-12,lost_case
692,972,631,immigration,email,2017-08-01,closed,692,722.89,FALSE,FALSE,TRUE,2022-05-26,office_declined
693,903,357,contract_review,email,2026-09-12,under_review,693,3638.36,TRUE,FALSE,TRUE,,accepted
694,751,334,immigration,whatsapp,2020-02-24,closed,694,3669.62,FALSE,TRUE,FALSE,2023-01-03,resolved
695,933,727,real_estate,phone,2024-01-05,closed,695,3262.81,TRUE,FALSE,FALSE,2025-10-20,client_withdrawal
696,53,116,real_estate,email,2026-09-12,in_process,696,3958.06,FALSE,TRUE,TRUE,,accepted
697,365,299,civil,whatsapp,2016-01-14,in_process,697,1528.35,TRUE,FALSE,FALSE,,in_progress
698,170,763,commercial,phone,2026-09-12,closed,698,795.04,FALSE,TRUE,FALSE,2026-09-12,lost_case
699,11,382,labor,email,2026-09-12,pending,699,3412.33,TRUE,FALSE,TRUE,,ongoing
700,619,498,labor,email,2022-12-29,under_review,700,4439.71,TRUE,FALSE,FALSE,,accepted
701,616,39,civil,email,2024-11-25,delayed,701,3936.1,TRUE,TRUE,FALSE,,in_progress
702,622,122,family,phone,2026-09-12,closed,702,2706.51,FALSE,TRUE,FALSE,2026-09-12,office_declined
703,487,302,labor,email,2026-09-12,approved,703,2845.64,TRUE,FALSE,TRUE,,in_progress
704,833,766,labor,whatsapp,2018-01-03,closed,704,861.55,FALSE,TRUE,FALSE,2026-09-12,cancelled
705,670,524,labor,whatsapp,2026-09-08,closed,705,2218.96,TRUE,FALSE,TRUE,2026-09-08,resolved
706,773,199,immigration,whatsapp,2021-11-28,closed,706,4917.62,FALSE,TRUE,TRUE,2021-11-28,settled
707,666,113,immigration,whatsapp,2016-11-08,closed,707,1517.18,TRUE,TRUE,FALSE,2026-09-12,resolved
708,346,835,commercial,whatsapp,2024-10-02,closed,708,3325.08,TRUE,TRUE,TRUE,2024-10-02,client_withdrawal
709,846,801,civil,email,2026-09-12,closed,709,562.23,TRUE,FALSE,TRUE,2026-09-12,completed
710,153,23,administrative,email,2025-11-16,under_review,710,1144.09,TRUE,TRUE,FALSE,,accepted
711,983,417,family,phone,2022-07-06,closed,711,4900.04,FALSE,TRUE,TRUE,2022-07-06,lost_case
712,143,324,civil,whatsapp,2024-03-27,closed,712,3848.17,TRUE,FALSE,FALSE,2026-09-12,resolved
713,251,579,contract_review,phone,2023-04-20,closed,713,2956.78,TRUE,TRUE,FALSE,2024-05-24,completed
714,152,208,contract_review,whatsapp,2026-09-12,delayed,714,1446.89,FALSE,TRUE,TRUE,,accepted
715,828,586,contract_review,phone,2022-09-24,closed,715,1558.04,FALSE,FALSE,FALSE,2022-09-24,settled
716,82,723,immigration,whatsapp,2015-04-09,closed,716,863.17,FALSE,FALSE,FALSE,2026-09-12,completed
717,657,911,immigration,whatsapp,2020-09-01,closed,717,1482.54,TRUE,FALSE,FALSE,2020-09-11,client_withdrawal
718,251,372,family,email,2026-09-12,closed,718,2175.51,FALSE,FALSE,FALSE,2026-09-12,cancelled
719,236,680,family,phone,2026-09-12,closed,719,3336.61,FALSE,FALSE,FALSE,2026-09-12,lost_case
720,334,523,immigration,phone,2023-07-20,closed,720,4248.6,FALSE,FALSE,FALSE,2023-08-26,office_declined
721,962,599,consultation,whatsapp,2025-10-05,closed,721,3562.49,FALSE,TRUE,TRUE,2026-09-12,settled
722,162,937,immigration,whatsapp,2024-08-04,closed,722,1132.42,FALSE,FALSE,FALSE,2024-08-04,resolved
723,599,620,real_estate,whatsapp,2025-03-29,closed,723,239.83,FALSE,FALSE,FALSE,2025-03-29,resolved
724,152,770,contract_review,whatsapp,2015-11-16,under_review,724,4798.68,FALSE,TRUE,FALSE,,accepted
725,90,997,administrative,phone,2026-09-12,closed,725,2309.77,FALSE,FALSE,TRUE,2026-09-12,completed
726,61,990,real_estate,whatsapp,2026-03-12,closed,726,2779.03,FALSE,FALSE,TRUE,2026-03-12,lost_case
727,76,68,consultation,whatsapp,2023-07-15,closed,727,802.48,TRUE,TRUE,FALSE,2026-09-12,settled
728,445,840,family,whatsapp,2021-01-17,closed,728,275.07,TRUE,FALSE,TRUE,2021-12-24,settled
729,957,12,civil,phone,2018-10-02,under_review,729,1063.9,FALSE,TRUE,FALSE,,in_progress
730,599,155,real_estate,phone,2026-09-12,in_process,730,1250.88,FALSE,TRUE,TRUE,,ongoing
731,433,49,administrative,phone,2026-09-12,closed,731,3354.56,FALSE,TRUE,FALSE,2026-09-12,lost_case
732,28,420,immigration,whatsapp,2018-06-28,closed,732,450.23,FALSE,FALSE,TRUE,2026-09-12,office_declined
733,377,939,commercial,phone,2026-09-12,closed,733,1864.44,FALSE,TRUE,TRUE,2026-09-12,completed
734,472,667,administrative,email,2024-11-07,pending,734,2522.49,FALSE,FALSE,TRUE,,ongoing
735,32,933,consultation,whatsapp,2022-02-08,closed,735,3583.73,FALSE,TRUE,FALSE,2026-09-12,cancelled
736,567,192,administrative,email,2021-03-02,closed,736,3770.75,TRUE,TRUE,FALSE,2026-08-04,cancelled
737,19,994,immigration,email,2020-06-17,closed,737,4590.03,TRUE,TRUE,FALSE,2020-06-17,settled
738,552,492,real_estate,email,2021-10-29,closed,738,4719.55,TRUE,FALSE,FALSE,2021-10-29,settled
739,155,714,contract_review,email,2025-11-11,closed,739,4128.62,TRUE,FALSE,FALSE,2026-08-24,completed
740,921,265,contract_review,phone,2017-04-17,closed,740,1054.25,TRUE,FALSE,FALSE,2022-08-23,completed
741,694,905,civil,email,2026-09-12,closed,741,1773.33,TRUE,FALSE,FALSE,2026-09-12,lost_case
742,669,659,family,phone,2015-08-11,closed,742,466.97,FALSE,TRUE,FALSE,2024-12-05,client_withdrawal
743,599,620,consultation,email,2020-02-24,under_review,743,204.05,FALSE,TRUE,FALSE,,accepted
744,885,4,commercial,email,2026-09-12,closed,744,2507.44,TRUE,TRUE,TRUE,2026-09-12,resolved
745,399,346,civil,phone,2026-09-12,closed,745,1127.28,TRUE,TRUE,FALSE,2026-09-12,cancelled
746,170,421,family,phone,2021-01-17,closed,746,418.16,TRUE,FALSE,TRUE,2025-01-05,cancelled
747,340,275,commercial,phone,2021-02-05,closed,747,1518.75,TRUE,TRUE,FALSE,2021-02-05,office_declined
748,429,398,administrative,whatsapp,2026-09-12,closed,748,1120.69,TRUE,FALSE,FALSE,2026-09-12,lost_case
749,139,243,family,whatsapp,2021-05-21,closed,749,3888.56,TRUE,FALSE,TRUE,2026-09-12,completed
750,616,165,consultation,whatsapp,2021-09-12,closed,750,2923.56,FALSE,TRUE,TRUE,2026-09-12,office_declined
751,384,696,immigration,whatsapp,2023-12-06,closed,751,1318.47,TRUE,FALSE,FALSE,2026-09-12,completed
752,408,407,family,phone,2017-02-06,closed,752,677.43,FALSE,FALSE,TRUE,2023-09-08,lost_case
753,793,816,real_estate,phone,2019-05-13,closed,753,375.82,TRUE,TRUE,FALSE,2026-09-12,office_declined
754,152,738,commercial,phone,2024-02-26,closed,754,657.51,FALSE,TRUE,TRUE,2024-11-12,settled
755,374,285,commercial,phone,2018-12-19,closed,755,1053.4,TRUE,FALSE,TRUE,2026-09-12,cancelled
756,475,785,labor,whatsapp,2017-12-07,closed,756,285.99,FALSE,TRUE,TRUE,2018-12-07,resolved
757,856,982,consultation,whatsapp,2015-05-20,closed,757,2493.64,FALSE,FALSE,FALSE,2026-09-12,cancelled
758,846,634,real_estate,phone,2026-08-05,closed,758,3761.33,TRUE,FALSE,FALSE,2026-08-05,client_withdrawal
759,244,707,immigration,whatsapp,2025-04-19,closed,759,1163.67,FALSE,FALSE,TRUE,2026-09-12,settled
760,974,828,immigration,phone,2026-09-12,closed,760,4771.52,TRUE,FALSE,TRUE,2026-09-12,resolved
761,867,658,labor,whatsapp,2026-09-12,closed,761,617.37,FALSE,FALSE,FALSE,2026-09-12,client_withdrawal
762,92,315,criminal,whatsapp,2024-08-06,closed,762,3725.2,TRUE,TRUE,FALSE,2024-08-06,cancelled
763,547,742,civil,email,2026-09-12,closed,763,2245.7,FALSE,TRUE,FALSE,2026-09-12,lost_case
764,798,774,consultation,whatsapp,2026-09-12,closed,764,3102.23,FALSE,FALSE,FALSE,2026-09-12,office_declined
765,35,319,administrative,email,2017-01-11,closed,765,1989.57,FALSE,TRUE,FALSE,2024-03-16,lost_case
766,369,70,real_estate,phone,2015-08-24,closed,766,2608.05,TRUE,TRUE,TRUE,2021-02-24,settled
767,707,978,criminal,phone,2026-09-12,in_process,767,1783.44,FALSE,FALSE,TRUE,,ongoing
768,897,271,immigration,email,2026-09-12,closed,768,2211.13,FALSE,TRUE,FALSE,2026-09-12,lost_case
769,376,470,immigration,whatsapp,2017-01-14,closed,769,4324.8,FALSE,FALSE,FALSE,2026-09-12,cancelled
770,419,644,civil,phone,2019-05-26,closed,770,621.26,FALSE,FALSE,FALSE,2026-01-08,client_withdrawal
771,957,314,immigration,email,2015-05-05,closed,771,4496.44,FALSE,FALSE,FALSE,2026-09-12,settled
772,859,331,family,whatsapp,2026-09-12,delayed,772,2957.46,TRUE,FALSE,FALSE,,accepted
773,660,253,immigration,whatsapp,2015-05-13,closed,773,3121.5,TRUE,FALSE,FALSE,2026-09-12,office_declined
774,993,537,commercial,whatsapp,2016-11-01,closed,774,1863.18,TRUE,TRUE,FALSE,2026-09-12,cancelled
775,909,321,real_estate,whatsapp,2015-03-25,closed,775,4602.17,TRUE,FALSE,TRUE,2025-06-08,completed
776,984,988,immigration,email,2023-08-02,closed,776,2269.21,FALSE,FALSE,FALSE,2023-08-02,client_withdrawal
777,702,936,consultation,phone,2018-07-10,closed,777,4073.78,FALSE,TRUE,TRUE,2024-06-05,completed
778,478,922,labor,whatsapp,2020-06-27,under_review,778,526.3,TRUE,TRUE,TRUE,,accepted
779,966,186,consultation,email,2022-08-20,pending,779,3986.66,FALSE,TRUE,TRUE,,ongoing
780,988,803,real_estate,phone,2017-05-14,under_review,780,1433.25,TRUE,FALSE,TRUE,,in_progress
781,920,337,consultation,phone,2018-09-20,closed,781,2443.7,FALSE,FALSE,TRUE,2023-10-01,office_declined
782,236,423,civil,email,2023-10-08,closed,782,1069.13,FALSE,FALSE,TRUE,2026-09-12,client_withdrawal
783,471,228,labor,whatsapp,2026-09-12,closed,783,2127.29,TRUE,FALSE,TRUE,2026-09-12,lost_case
784,833,766,family,email,2026-09-12,under_review,784,1794.26,FALSE,TRUE,FALSE,,in_progress
785,429,125,criminal,whatsapp,2026-09-07,closed,785,2059.4,FALSE,FALSE,TRUE,2026-09-07,client_withdrawal
786,154,590,administrative,email,2020-04-08,closed,786,1032.25,FALSE,FALSE,FALSE,2025-12-17,completed
787,612,824,commercial,email,2020-04-16,closed,787,500.2,FALSE,TRUE,FALSE,2026-09-12,client_withdrawal
788,374,735,labor,email,2026-09-12,closed,788,3962.22,TRUE,TRUE,FALSE,2026-09-12,settled
789,987,619,family,whatsapp,2022-09-16,closed,789,1800.21,TRUE,TRUE,TRUE,2022-09-16,settled
790,478,922,criminal,whatsapp,2024-08-23,closed,790,674.01,TRUE,FALSE,FALSE,2025-11-06,resolved
791,151,935,consultation,whatsapp,2025-11-19,under_review,791,2220.95,FALSE,TRUE,TRUE,,in_progress
792,413,291,consultation,whatsapp,2020-10-11,in_process,792,1874.49,TRUE,TRUE,TRUE,,ongoing
793,832,316,labor,email,2015-05-07,closed,793,3003.3,TRUE,FALSE,FALSE,2024-04-20,settled
794,768,547,administrative,email,2020-01-24,under_review,794,4509.07,FALSE,FALSE,FALSE,,in_progress
795,859,350,immigration,phone,2021-09-23,under_review,795,3269.26,FALSE,TRUE,TRUE,,accepted
796,454,142,family,phone,2023-08-08,under_investigation,796,3502.66,FALSE,FALSE,FALSE,,in_progress
797,869,454,criminal,whatsapp,2017-11-25,closed,797,2233.83,TRUE,TRUE,FALSE,2017-11-25,completed
798,523,637,immigration,email,2017-03-29,in_process,798,4396.57,TRUE,FALSE,FALSE,,accepted
799,802,726,civil,phone,2022-07-04,closed,799,1349.77,FALSE,FALSE,FALSE,2026-09-12,settled
800,972,693,consultation,phone,2026-09-12,closed,800,3543.8,TRUE,TRUE,TRUE,2026-09-12,settled
801,487,370,real_estate,email,2026-09-12,under_review,801,551.74,TRUE,TRUE,TRUE,,accepted
802,142,557,real_estate,whatsapp,2024-10-22,closed,802,1897.2,FALSE,TRUE,FALSE,2024-10-22,client_withdrawal
803,416,233,contract_review,email,2021-01-04,closed,803,4920.38,FALSE,TRUE,TRUE,2021-01-04,completed
804,201,920,family,whatsapp,2026-09-12,closed,804,377.56,FALSE,FALSE,FALSE,2026-09-12,settled
805,967,24,real_estate,email,2021-02-06,closed,805,375.08,FALSE,FALSE,TRUE,2026-09-12,office_declined
806,427,88,civil,whatsapp,2017-02-27,closed,806,3265.94,TRUE,FALSE,TRUE,2019-06-03,resolved
807,844,968,immigration,phone,2025-08-03,closed,807,4209.48,FALSE,TRUE,TRUE,2025-08-03,completed
808,799,356,commercial,whatsapp,2015-02-18,closed,808,3523.81,TRUE,TRUE,TRUE,2026-09-12,cancelled
809,19,71,contract_review,whatsapp,2016-12-15,in_process,809,4799.9,TRUE,FALSE,FALSE,,in_progress
810,447,170,commercial,whatsapp,2020-02-29,closed,810,4470.85,TRUE,FALSE,TRUE,2024-12-14,office_declined
811,429,830,civil,phone,2015-10-13,under_review,811,1239,TRUE,TRUE,FALSE,,ongoing
812,628,958,family,phone,2020-04-06,closed,812,4370.62,FALSE,TRUE,TRUE,2020-04-06,client_withdrawal
813,413,291,contract_review,email,2020-04-08,closed,813,3629.67,FALSE,TRUE,FALSE,2025-03-09,office_declined
814,370,300,contract_review,email,2024-03-20,closed,814,2962.58,TRUE,FALSE,TRUE,2024-07-02,settled
815,875,204,family,whatsapp,2017-12-13,closed,815,2294.9,TRUE,TRUE,TRUE,2017-12-13,completed
816,664,970,commercial,whatsapp,2015-07-07,closed,816,3570.65,TRUE,TRUE,FALSE,2016-04-23,resolved
817,757,837,civil,email,2023-06-17,closed,817,3135.07,TRUE,TRUE,FALSE,2023-06-17,cancelled
818,983,417,family,phone,2022-09-30,under_review,818,3174.99,FALSE,TRUE,TRUE,,ongoing
819,669,358,real_estate,phone,2021-08-24,closed,819,358.94,TRUE,TRUE,TRUE,2021-08-24,completed
820,800,295,labor,email,2021-03-25,closed,820,2679.79,FALSE,FALSE,TRUE,2026-09-12,client_withdrawal
821,65,818,family,phone,2023-04-09,closed,821,1485.47,FALSE,FALSE,TRUE,2025-07-07,resolved
822,356,59,labor,whatsapp,2026-03-14,closed,822,1028.9,TRUE,FALSE,TRUE,2026-03-14,completed
823,897,227,real_estate,whatsapp,2020-12-07,closed,823,3736.45,FALSE,TRUE,TRUE,2021-08-05,lost_case
824,742,912,administrative,whatsapp,2026-09-12,closed,824,3813.29,TRUE,FALSE,TRUE,2026-09-12,settled
825,657,911,labor,phone,2019-09-10,under_review,825,2971.78,TRUE,TRUE,FALSE,,ongoing
826,471,228,labor,phone,2026-09-12,in_process,826,3523.53,FALSE,TRUE,FALSE,,in_progress
827,240,270,civil,email,2026-07-27,closed,827,4698.88,FALSE,FALSE,TRUE,2026-07-27,resolved
828,20,886,administrative,email,2020-09-26,closed,828,2000.49,FALSE,TRUE,TRUE,2026-09-12,settled
829,365,520,civil,whatsapp,2019-08-16,closed,829,235.79,FALSE,TRUE,FALSE,2023-03-18,client_withdrawal
830,605,708,consultation,email,2017-11-16,closed,830,2664.81,FALSE,TRUE,FALSE,2026-09-12,office_declined
831,927,257,criminal,whatsapp,2021-12-15,in_process,831,436.93,FALSE,FALSE,FALSE,,accepted
832,201,129,consultation,phone,2019-08-09,closed,832,3510.68,FALSE,TRUE,FALSE,2019-09-01,cancelled
833,599,155,real_estate,whatsapp,2026-06-02,closed,833,241.99,FALSE,TRUE,FALSE,2026-09-12,resolved
834,519,584,administrative,email,2026-09-12,under_review,834,729.99,FALSE,TRUE,TRUE,,accepted
835,599,155,criminal,email,2026-09-12,closed,835,1984.53,FALSE,FALSE,TRUE,2026-09-12,office_declined
836,413,575,real_estate,whatsapp,2026-09-12,closed,836,1028.68,TRUE,FALSE,FALSE,2026-09-12,completed
837,479,703,administrative,whatsapp,2019-02-10,awaiting_response,837,4414.19,FALSE,TRUE,TRUE,,in_progress
838,154,638,criminal,phone,2015-03-01,closed,838,1908.56,FALSE,TRUE,TRUE,2017-08-20,client_withdrawal
839,148,54,consultation,email,2015-07-31,closed,839,4468.89,FALSE,FALSE,FALSE,2025-09-16,settled
840,757,104,immigration,email,2021-06-16,closed,840,3568.18,FALSE,TRUE,TRUE,2026-09-12,cancelled
841,966,961,labor,email,2024-12-14,pending,841,1425.26,FALSE,TRUE,FALSE,,ongoing
842,825,567,consultation,whatsapp,2023-12-25,closed,842,4013.08,TRUE,FALSE,FALSE,2023-12-25,lost_case
843,714,207,consultation,phone,2016-01-12,closed,843,1787.25,TRUE,FALSE,FALSE,2025-06-02,completed
844,399,808,commercial,email,2018-11-18,pending,844,2022.76,TRUE,FALSE,TRUE,,accepted
845,295,296,consultation,whatsapp,2026-09-12,closed,845,2807.63,FALSE,FALSE,FALSE,2026-09-12,lost_case
846,825,429,commercial,phone,2026-09-12,under_review,846,3537.26,TRUE,FALSE,FALSE,,in_progress
847,155,714,family,email,2022-05-27,pending,847,4614.44,TRUE,FALSE,TRUE,,ongoing
848,746,310,administrative,whatsapp,2026-09-12,closed,848,3824.38,FALSE,FALSE,FALSE,2026-09-12,settled
849,554,396,labor,email,2026-09-12,closed,849,4148.29,FALSE,FALSE,FALSE,2026-09-12,resolved
850,867,658,real_estate,email,2023-01-27,in_process,850,4262.68,TRUE,FALSE,FALSE,,ongoing
851,772,925,labor,email,2019-09-09,closed,851,4134.94,FALSE,FALSE,TRUE,2026-09-12,settled
852,381,627,immigration,whatsapp,2015-11-14,closed,852,4177.66,TRUE,TRUE,FALSE,2023-02-13,lost_case
853,40,16,criminal,phone,2026-09-12,closed,853,3314.69,TRUE,TRUE,TRUE,2026-09-12,settled
854,799,356,administrative,whatsapp,2021-12-08,closed,854,2919.84,TRUE,TRUE,TRUE,2021-12-08,lost_case
855,641,111,commercial,whatsapp,2025-02-09,closed,855,988.49,TRUE,FALSE,FALSE,2025-02-09,cancelled
856,149,571,real_estate,whatsapp,2020-09-04,closed,856,4334.69,FALSE,FALSE,FALSE,2020-09-04,lost_case
857,759,485,labor,email,2026-09-12,closed,857,3670.86,FALSE,FALSE,FALSE,2026-09-12,completed
858,832,169,administrative,phone,2025-07-11,closed,858,2081.9,FALSE,FALSE,FALSE,2025-07-11,lost_case
859,427,979,civil,phone,2017-09-07,closed,859,736.61,FALSE,FALSE,TRUE,2024-08-01,office_declined
860,291,249,real_estate,phone,2020-07-25,closed,860,2302.71,FALSE,TRUE,FALSE,2024-01-01,lost_case
861,213,503,family,phone,2026-06-03,under_review,861,4938.99,FALSE,TRUE,FALSE,,ongoing
862,660,461,real_estate,whatsapp,2026-09-12,closed,862,4634.05,TRUE,FALSE,FALSE,2026-09-12,resolved
863,926,946,administrative,whatsapp,2016-04-25,in_process,863,2870.5,TRUE,FALSE,FALSE,,in_progress
864,471,181,civil,whatsapp,2026-09-12,closed,864,4681.24,TRUE,TRUE,FALSE,2026-09-12,resolved
865,849,297,immigration,phone,2026-09-12,closed,865,2508.11,TRUE,TRUE,TRUE,2026-09-12,client_withdrawal
866,825,884,family,email,2021-10-21,closed,866,2670.87,TRUE,FALSE,TRUE,2022-09-20,lost_case
867,251,579,contract_review,email,2024-11-28,pending,867,4815.87,FALSE,FALSE,FALSE,,ongoing
868,119,138,commercial,whatsapp,2021-08-10,under_investigation,868,3812.69,FALSE,FALSE,FALSE,,accepted
869,626,14,civil,whatsapp,2022-09-06,closed,869,3438.81,FALSE,TRUE,TRUE,2022-09-06,resolved
870,22,977,consultation,whatsapp,2026-09-12,closed,870,4252.4,FALSE,FALSE,TRUE,2026-09-12,client_withdrawal
871,795,435,administrative,phone,2017-04-20,closed,871,3361.86,FALSE,FALSE,FALSE,2026-09-12,completed
872,805,583,administrative,email,2024-11-29,rejected,872,4383.89,FALSE,TRUE,FALSE,,ongoing
873,541,795,criminal,whatsapp,2015-09-22,delayed,873,3205.57,FALSE,TRUE,TRUE,,accepted
874,599,205,criminal,whatsapp,2026-01-03,awaiting_response,874,4365.74,TRUE,TRUE,FALSE,,accepted
875,601,46,administrative,phone,2024-11-21,closed,875,4691.15,FALSE,FALSE,TRUE,2026-09-12,cancelled
876,930,301,criminal,email,2022-05-04,closed,876,4097.87,TRUE,TRUE,TRUE,2025-06-08,office_declined
877,826,651,civil,whatsapp,2026-09-12,closed,877,896.76,TRUE,TRUE,FALSE,2026-09-12,settled
878,190,338,immigration,whatsapp,2026-09-12,closed,878,4602.81,TRUE,FALSE,TRUE,2026-09-12,completed
879,943,717,real_estate,whatsapp,2023-06-29,in_process,879,210.39,TRUE,FALSE,TRUE,,in_progress
880,524,684,consultation,whatsapp,2022-08-05,in_process,880,4721.86,TRUE,FALSE,FALSE,,ongoing
881,502,647,contract_review,whatsapp,2022-03-02,closed,881,3047.01,TRUE,FALSE,TRUE,2026-09-12,resolved
882,824,25,criminal,whatsapp,2026-09-12,closed,882,1384.38,TRUE,FALSE,TRUE,2026-09-12,client_withdrawal
883,619,498,criminal,email,2025-12-27,closed,883,855.71,FALSE,TRUE,TRUE,2025-12-27,lost_case
884,202,740,administrative,whatsapp,2021-12-08,pending,884,927.35,TRUE,FALSE,FALSE,,in_progress
885,370,34,labor,phone,2026-09-12,in_process,885,2531.84,TRUE,FALSE,TRUE,,ongoing
886,294,820,contract_review,email,2015-01-05,closed,886,4791.42,FALSE,TRUE,FALSE,2026-09-12,cancelled
887,755,449,administrative,phone,2023-08-01,closed,887,514.26,FALSE,FALSE,FALSE,2023-08-01,client_withdrawal
888,76,68,labor,phone,2022-11-01,pending,888,2740.18,FALSE,FALSE,TRUE,,ongoing
889,757,264,family,phone,2025-11-27,closed,889,942.17,TRUE,TRUE,FALSE,2026-09-12,cancelled
890,983,845,contract_review,whatsapp,2016-03-28,closed,890,4465.68,FALSE,FALSE,FALSE,2025-02-19,client_withdrawal
891,967,24,administrative,whatsapp,2021-07-17,pending,891,3545.57,FALSE,FALSE,TRUE,,in_progress
892,547,867,consultation,phone,2018-11-26,closed,892,1568.3,FALSE,TRUE,FALSE,2021-06-04,completed
893,484,715,real_estate,phone,2024-05-08,under_review,893,4382.31,FALSE,TRUE,TRUE,,accepted
894,374,285,family,whatsapp,2021-12-13,closed,894,3085.33,TRUE,TRUE,TRUE,2026-09-12,client_withdrawal
895,757,837,real_estate,email,2019-04-17,closed,895,1050.64,TRUE,TRUE,FALSE,2020-03-10,office_declined
896,102,184,administrative,email,2026-09-12,closed,896,3421.14,FALSE,FALSE,FALSE,2026-09-12,cancelled
897,954,418,family,phone,2026-09-12,closed,897,439.71,TRUE,TRUE,FALSE,2026-09-12,completed
898,459,432,criminal,email,2024-05-03,closed,898,355.76,FALSE,FALSE,TRUE,2026-09-12,office_declined
899,879,892,immigration,email,2021-11-07,closed,899,1733.4,FALSE,TRUE,TRUE,2021-11-07,client_withdrawal
900,402,989,real_estate,phone,2021-11-01,closed,900,4078.37,TRUE,TRUE,TRUE,2021-11-01,settled
901,293,5,contract_review,whatsapp,2026-09-12,closed,901,939.61,FALSE,FALSE,TRUE,2026-09-12,cancelled
902,407,733,real_estate,whatsapp,2026-09-12,closed,902,4249.99,TRUE,FALSE,FALSE,2026-09-12,resolved
903,993,537,contract_review,email,2015-10-07,under_review,903,2363.56,TRUE,TRUE,TRUE,,accepted
904,251,579,civil,phone,2021-12-02,pending,904,2985.64,FALSE,FALSE,TRUE,,accepted
905,554,396,commercial,email,2025-10-11,closed,905,843,FALSE,FALSE,TRUE,2025-10-11,client_withdrawal
906,415,687,administrative,email,2024-01-10,pending,906,2713.69,TRUE,FALSE,TRUE,,accepted
907,431,137,real_estate,email,2026-09-12,closed,907,434.31,FALSE,TRUE,FALSE,2026-09-12,settled
908,41,93,family,email,2020-07-05,closed,908,1082.06,TRUE,FALSE,TRUE,2026-09-12,office_declined
909,930,301,civil,whatsapp,2025-03-14,closed,909,3634.06,TRUE,TRUE,TRUE,2025-03-14,office_declined
910,467,110,labor,whatsapp,2024-06-06,closed,910,4306.99,TRUE,TRUE,FALSE,2024-06-06,client_withdrawal
911,692,750,contract_review,phone,2026-09-12,closed,911,4389.21,FALSE,TRUE,FALSE,2026-09-12,lost_case
912,151,330,civil,email,2024-10-25,closed,912,3955.27,TRUE,FALSE,FALSE,2024-10-25,client_withdrawal
913,251,831,immigration,phone,2015-06-12,closed,913,1091.23,FALSE,TRUE,TRUE,2019-03-22,client_withdrawal
914,623,412,criminal,whatsapp,2019-11-02,closed,914,4737.13,FALSE,TRUE,FALSE,2021-07-19,client_withdrawal
915,211,61,immigration,whatsapp,2019-07-29,closed,915,1192.72,FALSE,FALSE,TRUE,2024-07-30,resolved
916,295,542,real_estate,email,2021-02-16,closed,916,1893.11,TRUE,FALSE,FALSE,2021-02-16,lost_case
917,208,966,family,phone,2021-10-18,delayed,917,4423.12,TRUE,TRUE,FALSE,,ongoing
918,334,811,consultation,whatsapp,2024-01-02,pending,918,3670.14,FALSE,FALSE,FALSE,,ongoing
919,972,868,commercial,whatsapp,2020-07-25,closed,919,773.27,TRUE,TRUE,TRUE,2020-07-25,settled
920,19,239,criminal,phone,2026-09-12,closed,920,4874.33,TRUE,TRUE,FALSE,2026-09-12,settled
921,626,247,civil,phone,2026-09-12,in_process,921,3481.21,FALSE,TRUE,FALSE,,ongoing
922,541,976,immigration,email,2024-08-02,closed,922,4593.94,TRUE,FALSE,TRUE,2024-08-02,completed
923,619,437,labor,whatsapp,2016-02-27,closed,923,530.08,FALSE,TRUE,TRUE,2026-01-16,client_withdrawal
924,957,314,administrative,phone,2023-02-09,closed,924,1437.63,TRUE,TRUE,TRUE,2023-07-20,settled
925,886,677,family,phone,2026-09-12,approved,925,2423.95,TRUE,FALSE,TRUE,,in_progress
926,403,598,family,phone,2020-09-16,under_investigation,926,4106.58,TRUE,FALSE,FALSE,,in_progress
927,774,876,commercial,email,2015-02-07,closed,927,3936.36,TRUE,FALSE,TRUE,2018-11-07,settled
928,613,317,commercial,email,2025-02-19,closed,928,3982.44,TRUE,FALSE,FALSE,2026-01-23,lost_case
929,61,132,labor,email,2018-07-16,pending,929,1718.22,TRUE,TRUE,FALSE,,ongoing
930,889,196,civil,email,2024-11-27,closed,930,3112.15,FALSE,FALSE,TRUE,2024-11-27,office_declined
931,19,994,family,email,2026-09-12,closed,931,392.59,FALSE,TRUE,TRUE,2026-09-12,office_declined
932,576,960,civil,email,2019-05-11,closed,932,2305.85,TRUE,FALSE,TRUE,2019-05-11,client_withdrawal
933,132,731,administrative,whatsapp,2019-03-10,delayed,933,4132.46,FALSE,FALSE,FALSE,,ongoing
934,398,940,civil,email,2015-02-27,under_review,934,3350.45,FALSE,FALSE,FALSE,,in_progress
935,381,819,labor,phone,2019-02-07,closed,935,2057.08,TRUE,FALSE,FALSE,2026-09-12,office_declined
936,964,595,criminal,phone,2015-12-07,closed,936,1625.76,FALSE,FALSE,FALSE,2024-10-22,client_withdrawal
937,546,992,civil,phone,2026-09-12,closed,937,563.16,TRUE,FALSE,FALSE,2026-09-12,lost_case
938,196,635,civil,phone,2018-03-04,closed,938,1793.82,FALSE,TRUE,TRUE,2022-03-10,settled
939,660,664,civil,phone,2023-11-24,approved,939,1832.12,TRUE,FALSE,TRUE,,in_progress
940,985,177,consultation,whatsapp,2024-06-18,closed,940,1275.97,FALSE,TRUE,FALSE,2024-06-18,settled
941,627,333,commercial,email,2017-03-15,closed,941,1269.36,TRUE,FALSE,FALSE,2025-06-05,client_withdrawal
942,449,885,contract_review,email,2021-07-07,closed,942,669.82,TRUE,FALSE,TRUE,2021-07-07,cancelled
943,128,671,civil,email,2019-10-29,closed,943,2953.24,FALSE,TRUE,TRUE,2019-10-29,settled
944,426,246,real_estate,email,2020-05-11,closed,944,294.86,TRUE,TRUE,FALSE,2024-10-04,lost_case
945,42,290,consultation,email,2024-02-06,rejected,945,3460.93,TRUE,FALSE,FALSE,,accepted
946,976,9,contract_review,whatsapp,2016-05-01,closed,946,2695.24,FALSE,FALSE,FALSE,2017-08-03,lost_case
947,966,237,administrative,whatsapp,2020-09-27,closed,947,4982.54,TRUE,FALSE,FALSE,2025-12-23,client_withdrawal
948,704,924,administrative,email,2015-09-11,closed,948,1853.03,TRUE,TRUE,FALSE,2022-09-19,cancelled
949,660,65,labor,email,2017-07-27,closed,949,1108.09,TRUE,TRUE,TRUE,2021-12-19,resolved
950,755,957,contract_review,whatsapp,2026-09-12,under_review,950,1925.36,FALSE,TRUE,FALSE,,in_progress
951,551,238,immigration,whatsapp,2016-01-08,closed,951,4602.12,FALSE,FALSE,TRUE,2022-02-26,office_declined
952,758,777,family,whatsapp,2026-09-12,under_review,952,1155.27,TRUE,FALSE,FALSE,,accepted
953,927,817,contract_review,email,2024-05-11,pending,953,2256.3,TRUE,TRUE,FALSE,,ongoing
954,353,927,administrative,phone,2019-04-25,closed,954,2426.75,FALSE,TRUE,TRUE,2019-04-25,completed
955,340,275,contract_review,phone,2025-02-22,closed,955,3074.02,FALSE,TRUE,TRUE,2026-09-12,client_withdrawal
956,643,198,contract_review,whatsapp,2026-09-01,under_investigation,956,747.17,FALSE,TRUE,FALSE,,ongoing
957,381,819,family,email,2019-04-04,closed,957,3489.07,FALSE,TRUE,TRUE,2019-04-04,settled
958,745,473,administrative,phone,2016-04-14,closed,958,1011.54,TRUE,TRUE,FALSE,2023-04-21,completed
959,670,524,contract_review,email,2025-06-29,in_process,959,3423.14,TRUE,FALSE,FALSE,,ongoing
960,146,411,criminal,email,2022-10-03,closed,960,2674.19,TRUE,FALSE,FALSE,2024-03-15,cancelled
961,554,217,criminal,whatsapp,2025-01-08,closed,961,1552.89,TRUE,TRUE,FALSE,2026-09-12,client_withdrawal
962,151,669,administrative,email,2016-07-27,closed,962,2632.68,TRUE,FALSE,FALSE,2019-01-16,lost_case
963,121,460,consultation,phone,2015-10-22,closed,963,2286.34,FALSE,FALSE,FALSE,2026-09-12,lost_case
964,145,719,criminal,email,2019-08-02,closed,964,3611.97,FALSE,TRUE,TRUE,2019-08-02,client_withdrawal
965,102,184,immigration,email,2026-09-12,closed,965,1004.5,TRUE,FALSE,FALSE,2026-09-12,cancelled
966,886,543,civil,whatsapp,2026-04-06,closed,966,1590.34,TRUE,TRUE,FALSE,2026-04-06,client_withdrawal
967,534,535,consultation,whatsapp,2021-12-15,closed,967,4243.08,TRUE,FALSE,TRUE,2021-12-15,resolved
968,774,216,contract_review,whatsapp,2025-09-05,in_process,968,2857.47,TRUE,TRUE,FALSE,,ongoing
969,731,425,consultation,phone,2017-06-16,approved,969,2619.98,FALSE,FALSE,TRUE,,in_progress
970,334,267,immigration,email,2026-06-09,in_process,970,1091.24,FALSE,FALSE,FALSE,,accepted
971,704,898,commercial,phone,2026-09-12,under_investigation,971,2794.63,TRUE,FALSE,FALSE,,ongoing
972,501,605,criminal,email,2023-12-07,rejected,972,272.79,TRUE,TRUE,FALSE,,accepted
973,660,756,consultation,whatsapp,2025-11-23,closed,973,2705.45,TRUE,FALSE,FALSE,2026-09-12,completed
974,402,989,commercial,email,2026-09-12,pending,974,332.62,FALSE,TRUE,TRUE,,accepted
975,707,978,commercial,email,2017-06-02,closed,975,2001.95,FALSE,TRUE,TRUE,2022-09-12,client_withdrawal
976,341,821,family,whatsapp,2017-02-16,closed,976,4913.61,FALSE,FALSE,TRUE,2026-09-12,completed
977,26,371,criminal,phone,2026-09-12,closed,977,2162.63,TRUE,TRUE,TRUE,2026-09-12,resolved
978,326,617,civil,phone,2024-03-04,closed,978,4908.72,FALSE,FALSE,TRUE,2024-03-04,resolved
979,475,799,immigration,whatsapp,2021-09-05,closed,979,2398.87,TRUE,FALSE,TRUE,2021-09-05,lost_case
980,429,398,real_estate,whatsapp,2018-12-30,closed,980,1322.81,FALSE,FALSE,FALSE,2026-09-12,lost_case
981,816,64,family,whatsapp,2025-06-17,closed,981,1054.46,FALSE,TRUE,TRUE,2025-08-21,client_withdrawal
982,550,187,criminal,whatsapp,2026-07-18,closed,982,2568.75,FALSE,FALSE,FALSE,2026-07-18,client_withdrawal
983,35,675,criminal,whatsapp,2017-07-11,closed,983,795.71,FALSE,TRUE,FALSE,2024-11-07,lost_case
984,145,58,real_estate,email,2016-03-27,in_process,984,3754.79,FALSE,TRUE,TRUE,,in_progress
985,879,269,administrative,whatsapp,2022-12-24,closed,985,1253.91,FALSE,TRUE,FALSE,2022-12-24,resolved
986,618,581,real_estate,whatsapp,2018-10-13,closed,986,2924.11,TRUE,TRUE,FALSE,2019-10-09,office_declined
987,757,104,administrative,whatsapp,2026-09-12,closed,987,838.9,FALSE,TRUE,FALSE,2026-09-12,resolved
988,541,795,administrative,whatsapp,2021-12-04,closed,988,2925.26,FALSE,TRUE,TRUE,2021-12-04,office_declined
989,887,622,administrative,phone,2026-03-10,closed,989,4571.5,TRUE,TRUE,TRUE,2026-03-10,resolved
990,334,538,criminal,whatsapp,2017-04-14,closed,990,4447.95,TRUE,FALSE,FALSE,2022-11-28,settled
991,53,328,immigration,email,2026-09-12,under_review,991,184.42,FALSE,FALSE,FALSE,,accepted
992,321,732,labor,email,2026-09-03,closed,992,4032.13,FALSE,FALSE,FALSE,2026-09-03,settled
993,311,215,family,whatsapp,2023-09-07,closed,993,3390.32,TRUE,FALSE,FALSE,2023-09-07,cancelled
994,552,492,real_estate,email,2025-02-09,closed,994,2784.21,TRUE,TRUE,TRUE,2025-02-09,settled
995,993,91,commercial,whatsapp,2026-01-01,under_review,995,2365.37,TRUE,TRUE,TRUE,,ongoing
996,697,722,commercial,phone,2020-06-05,closed,996,267.32,TRUE,TRUE,TRUE,2022-11-10,client_withdrawal
997,466,685,civil,whatsapp,2020-01-05,closed,997,4912.62,TRUE,TRUE,FALSE,2020-01-05,completed
998,747,430,commercial,email,2021-02-03,closed,998,1295,TRUE,TRUE,FALSE,2021-02-03,client_withdrawal
999,447,170,labor,phone,2026-09-12,closed,999,3482.79,TRUE,TRUE,TRUE,2026-09-12,resolved
1000,153,446,administrative,email,2016-02-05,closed,1000,2630.62,FALSE,FALSE,TRUE,2023-12-05,settled
