payment_id,invoice_id,payment_date,amount,method,reference,recorded_by
1,455,2022-08-04,29191.54,paypal,30-342-3837,Raynell Angrock
2,915,2026-09-12,26676.73,paypal,84-832-4560,Maje Waterman
3,838,2026-08-22,29284.71,apple_pay,12-504-7600,Armin Buglar
4,88,2026-09-12,16982.8,venmo,97-079-2549,Winona Gomersall
5,430,2021-01-08,45662.42,bitcoin,56-376-8135,Tessa Dahlbom
6,336,2022-03-07,26237.04,apple_pay,53-222-7243,Priscilla Piscot
7,155,2026-09-12,43309.29,venmo,87-070-7297,Robbin Wishkar
8,531,2023-05-14,32700.16,bitcoin,17-694-7528,Letta Jiricka
9,943,2025-06-25,45277.51,card,17-868-4103,Lonnie Nottle
10,22,2026-08-29,41207.7,paypal,20-595-9653,Kenneth Danilov
11,455,2022-08-04,35431.01,bank_transfer,46-129-9866,Marleen Herion
12,630,2022-03-30,38268.58,cash,84-805-1752,Rufe Bucknell
13,767,2025-03-22,46055.7,venmo,10-084-3620,Edyth Collingdon
14,57,2024-01-14,32319.29,cash,05-067-2344,Merilyn Finder
15,911,2024-08-07,27416.84,bank_transfer,34-798-2942,Tiff Demsey
16,348,2026-09-12,26394.21,card,84-125-0024,Connie Sweetnam
17,431,2026-09-12,27004.64,card,49-916-4363,Angelika Ballham
18,562,2026-09-12,34357.42,paypal,39-178-9346,Leonelle Zohrer
19,413,2021-12-02,30629.2,bank_transfer,13-839-1246,Evered Barnard
20,575,2023-08-21,20233.96,google_wallet,72-208-3711,Rafa McLevie
21,400,2019-11-12,25043.11,online_payment,67-052-0095,Bren Issacov
22,229,2023-08-30,6440.82,apple_pay,78-125-9615,Zitella Abramowitz
23,116,2022-03-12,37536.56,online_payment,21-277-9125,Quentin Redborn
24,308,2026-09-12,12847.59,card,22-436-8259,Chicky Sacco
25,185,2021-06-30,4889.45,bank_transfer,70-355-0734,Gael Caseri
26,559,2025-05-16,89.87,venmo,79-538-4975,Rebe Arnaez
27,144,2021-06-18,37380.45,online_payment,15-321-5624,Lock O'Dyvoy
28,12,2026-09-12,10482.63,cash,85-199-0123,Ezmeralda Buckoke
29,542,2026-09-12,32008.57,cash,06-679-8960,Markus Ikringill
30,138,2021-09-06,13604.4,apple_pay,49-604-8198,Clareta Porcas
31,513,2026-06-01,28237.66,card,31-410-6031,Cherri Creeghan
32,363,2021-10-13,35510.11,paypal,59-313-9099,Marleen Godain
33,304,2019-06-15,37360.78,google_wallet,96-696-9944,Hieronymus Tremmil
34,906,2026-07-22,22357.57,bitcoin,71-087-6928,Sheilah Brazer
35,979,2023-04-03,33075.41,cash,26-772-1175,Perl Conkay
36,385,2023-04-08,28882.4,card,23-697-7094,Aurea Till
37,602,2019-12-11,44997.19,apple_pay,93-818-0329,Kennie Walkington
38,176,2026-09-12,14427.03,cash,91-141-6479,Fletcher Wetherhead
39,599,2026-09-12,28164.83,bank_transfer,82-691-8056,Conn Benettelli
40,86,2021-03-10,37404.24,bank_transfer,55-379-1800,Trev Riddles
41,50,2024-09-18,46309.55,google_wallet,03-646-4616,Jasen Astley
42,245,2021-05-27,8446.84,online_payment,99-598-6885,Gabbi Addie
43,142,2026-09-12,43917.51,bitcoin,96-128-1441,Annetta Leipnik
44,305,2026-09-12,44956.01,bitcoin,80-227-9222,Chick Curry
45,395,2024-08-23,35641.38,online_payment,19-950-1838,Brianne Churching
46,345,2022-09-20,14334.86,cash,84-703-7599,Cleopatra Going
47,382,2018-04-22,36654.45,google_wallet,70-952-8349,Luise Seavers
48,619,2026-09-12,21136.98,card,15-696-9975,Em Dodell
49,556,2026-05-17,18231.01,cash,51-916-2699,Pavia Jaques
50,216,2025-09-07,26826.94,online_payment,94-337-4915,Edi Jephson
51,469,2025-06-01,28756.1,google_wallet,21-377-9580,Lilia Teers
52,11,2020-09-29,33304.59,google_wallet,47-601-8845,Mitch Mordon
53,949,2025-12-21,20157.95,paypal,03-630-7736,Heall Gotter
54,917,2024-08-13,20653.06,bitcoin,93-838-8939,Herold Normadell
55,185,2021-06-30,28687.55,card,44-125-4319,Tracie McQuirk
56,77,2023-03-21,6565.94,online_payment,32-943-2845,Milton Barosch
57,245,2026-09-12,47184.81,google_wallet,35-170-2829,Augusto Skingley
58,941,2026-09-12,11362.41,card,27-738-7445,Stephie Brannan
59,496,2020-10-07,15457.39,google_wallet,12-173-8508,Nikki Lockery
60,353,2023-07-21,31750.63,apple_pay,22-986-2907,Jenna Heims
61,176,2025-03-14,8518.56,bitcoin,40-599-1641,Bentley Altree
62,555,2025-08-09,6713.76,cash,33-235-0958,Lesya Beany
63,572,2026-09-12,21255.45,card,67-716-7252,Benedetto Demaid
64,104,2023-12-23,31942.84,bank_transfer,24-458-5222,Michaelina Mattisssen
65,236,2026-09-12,23654.99,card,43-470-6749,Marcel MacTrustrie
66,120,2026-09-12,3492.55,apple_pay,61-986-4531,Faye Gueste
67,112,2026-09-12,38988.18,google_wallet,79-234-1856,Andrew Bownd
68,413,2020-02-04,29442.78,apple_pay,42-280-0962,Redford Josskovitz
69,262,2020-11-25,48603.44,apple_pay,37-212-3348,Ashleigh Moodie
70,957,2026-09-12,3965.94,online_payment,41-691-8564,Kane Gammill
71,54,2019-06-13,2955.04,online_payment,77-734-2467,Fayina Egle of Germany
72,5,2026-07-28,46764.91,paypal,64-075-0669,Frasquito Maxweell
73,570,2023-09-28,22934.29,bank_transfer,78-375-9737,Felix Cawdery
74,174,2026-09-12,35835.41,cash,11-732-1646,Gweneth Walworth
75,642,2026-09-12,42368.19,online_payment,42-091-9356,Sidoney Castanie
76,977,2021-06-15,10811.45,cash,46-098-6224,Griselda Wilflinger
77,390,2023-08-07,13472.88,apple_pay,38-529-3363,Clay Boribal
78,635,2026-09-12,2263.18,cash,39-465-2874,Christalle Taylor
79,918,2023-10-10,40710.33,cash,75-334-7745,Nicol Buy
80,625,2025-06-11,31952.81,bitcoin,47-113-5688,Mirabel Woolaghan
81,519,2023-06-27,12930.6,cash,28-244-2988,Ashlin Bouller
82,999,2026-09-12,24337.42,bank_transfer,60-693-7747,Vachel Bage
83,728,2021-05-31,10327.06,venmo,78-869-6052,Ibbie Mowle
84,711,2022-01-14,8694.03,card,70-475-9947,Zollie Bavin
85,257,2025-06-02,22752.41,bitcoin,99-294-7631,De witt O' Mullan
86,464,2021-08-16,18302.78,paypal,21-481-9280,Tera Foystone
87,215,2025-10-05,47366.96,card,85-773-5956,Dawna Leetham
88,227,2023-09-07,35912.02,card,18-839-9767,Mac Serginson
89,399,2025-01-04,16089.29,online_payment,37-239-1356,Ashlan Matys
90,40,2026-09-12,16727.9,online_payment,46-913-5971,Kennett Skade
91,409,2025-05-21,19067.13,paypal,22-530-7685,Pammy Aizic
92,660,2024-06-26,17457.56,venmo,06-946-5814,Cris Wiersma
93,386,2026-09-12,25937.26,cash,95-859-0681,Evvie Woolmington
94,256,2021-07-04,35907.11,card,55-609-7461,Gay Torns
95,637,2019-05-17,31283.9,online_payment,17-377-8456,Paulie Keats
96,619,2026-06-21,30735.22,card,18-532-3413,Kitti Mullett
97,511,2024-11-12,1912.28,bitcoin,69-687-5362,Carmella Walenta
98,713,2025-07-26,35437.73,apple_pay,75-738-1268,Hewe Harme
99,176,2025-03-14,17567.71,card,82-837-2850,Lorettalorna Blade
100,766,2025-12-13,8025.18,apple_pay,38-811-4353,Emmy des Remedios
101,784,2021-03-09,5667.49,apple_pay,97-645-4044,Jolyn Achromov
102,642,2026-09-12,20342.65,card,37-747-8270,Zelma Duffell
103,660,2024-06-26,47936.45,online_payment,90-438-0636,Cordula Eastlake
104,849,2026-06-30,37243.4,bank_transfer,84-175-5264,Romain Humm
105,484,2026-07-22,24346.52,cash,39-780-5263,Harriette Menhenitt
106,986,2024-05-17,13710.33,card,12-379-2427,Guenna Minchell
107,385,2026-09-12,26625.24,paypal,25-235-5617,Britni Romera
108,296,2021-08-05,28364.1,venmo,91-879-6919,Livia Ogilby
109,828,2026-01-06,27715.94,online_payment,41-841-0767,Connor Dregan
110,722,2025-02-25,46193.39,card,54-000-6472,Beatrisa Sandbrook
111,631,2021-05-04,9360.57,bitcoin,75-658-3124,Alvy Schapero
112,463,2018-01-17,20186.24,bitcoin,07-207-2688,Raimund Kunc
113,60,2024-10-07,22907.63,bitcoin,60-766-1914,Lorianna Santello
114,938,2018-07-23,36767.7,cash,26-245-8034,Cori Eite
115,824,2026-09-12,40349.88,online_payment,32-139-3958,Karin Yerrill
116,681,2020-04-04,19504.07,google_wallet,99-847-7646,Heath Deex
117,458,2024-05-30,34658.41,cash,96-718-7899,Case Bromhead
118,887,2020-10-31,2445.2,bitcoin,04-249-4701,Bianka Piola
119,984,2024-08-03,32667.81,paypal,11-516-6193,Domingo Baudinot
120,797,2023-04-27,20361.13,bank_transfer,74-588-3049,Adelind Graalman
121,83,2023-03-30,11962.28,apple_pay,07-267-3150,Danni Lee
122,311,2024-03-22,42507.8,bitcoin,95-776-7592,Aguie McCord
123,908,2026-09-12,43485.43,bitcoin,40-405-7846,Tory Markushkin
124,864,2026-09-12,40407.36,google_wallet,31-952-7105,Judah Percy
125,75,2018-05-17,34872.46,bitcoin,56-891-8029,Brennan Skade
126,694,2022-03-29,38741.27,card,01-038-6370,Hunt Shapero
127,638,2026-09-12,15447.03,cash,09-095-2891,Carol-jean Boanas
128,134,2024-09-25,11299.01,paypal,55-035-3862,Jessi Priestner
129,57,2024-04-30,28359.48,bank_transfer,51-298-4760,Nancee La Vigne
130,602,2022-06-05,40354,apple_pay,86-831-4043,Duane Gentreau
131,633,2025-06-21,306.22,card,68-077-7280,Kristan Jillis
132,779,2021-09-19,12398.27,online_payment,07-125-0312,Muhammad Saines
133,941,2026-09-12,31523.64,card,15-856-7216,Diena Sammon
134,772,2026-05-29,27497.63,bank_transfer,09-273-8471,Bord Pearse
135,848,2026-09-12,16698.05,venmo,54-504-8791,Miguela Rosborough
136,659,2026-09-12,32493.46,card,84-922-6139,Shannah McComas
137,699,2024-03-08,34135.35,venmo,60-056-1582,Eden Hevey
138,858,2025-09-09,40380.55,bank_transfer,72-946-9483,Demetri Jacquemy
139,491,2022-04-13,2889.03,card,14-722-9878,Selle Ernshaw
140,940,2025-06-09,18109.55,apple_pay,61-193-7251,Elmo Harle
141,51,2022-12-11,28689.63,bitcoin,14-440-3197,Zebulen Kepe
142,174,2026-06-30,5035.01,paypal,83-493-8559,Marchelle Aries
143,982,2026-09-12,48900.83,cash,08-300-8239,Nealon Emmatt
144,591,2025-05-21,24487.32,cash,00-260-9296,Nan Egle
145,753,2025-09-16,47011.66,paypal,26-736-7997,Carl Shenton
146,184,2025-01-15,37122.46,paypal,87-534-2134,Stanly Vasenin
147,230,2026-09-12,7125.98,google_wallet,58-189-8843,Augustine Ridd
148,444,2023-09-02,42329.12,card,30-186-9115,Stefania Renault
149,974,2024-03-06,49127.54,card,66-973-0937,Leonard Tambling
150,946,2026-09-12,46643.24,google_wallet,81-473-6165,Nissa Morstatt
151,769,2025-09-16,24366.59,apple_pay,86-205-8655,Dwayne Andriuzzi
152,32,2022-10-17,23283.86,apple_pay,39-244-1240,Marys Baack
153,338,2021-01-13,12354.26,online_payment,60-167-2174,Herminia Standering
154,609,2025-06-20,46229.4,bitcoin,08-999-9721,Lyle Shorter
155,782,2026-09-12,38534.18,paypal,41-154-3879,Alon Birdall
156,938,2026-04-15,28452.2,venmo,61-691-3495,Teodorico Blue
157,501,2026-06-04,33135.92,online_payment,67-962-6522,Reyna Emtage
158,621,2025-12-24,30694.41,paypal,75-174-5816,Alidia Storrock
159,98,2022-05-18,21226.36,bank_transfer,89-187-1106,Beryle Dwyr
160,393,2023-12-31,48339.53,online_payment,28-672-2091,Dyna Garrelts
161,256,2018-03-24,6432.61,card,88-916-8542,Joaquin Royston
162,451,2026-09-12,49866.47,card,79-612-6945,Normie Flanagan
163,26,2022-01-16,7125.87,google_wallet,14-848-8652,Angus Deener
164,231,2026-09-12,42229.03,online_payment,92-571-2651,Sibyl Vivash
165,344,2025-08-08,11964.44,online_payment,16-684-8758,Nara De Blase
166,612,2023-11-04,45449.73,google_wallet,27-512-6686,Hannis Matashkin
167,480,2022-12-30,35092.41,bank_transfer,43-917-2619,Christal Fairweather
168,474,2026-09-12,22587.42,bank_transfer,84-709-5243,Harmony Weight
169,816,2026-04-07,11593.4,cash,46-953-1837,Florance Maddyson
170,431,2023-09-11,5213.11,bank_transfer,51-601-0307,Theo Jouen
171,999,2026-09-12,9455.8,paypal,38-785-7837,Shalom Brahan
172,861,2019-08-30,47577.19,apple_pay,46-718-8475,Tomi Tutsell
173,671,2026-09-12,21785.72,apple_pay,91-331-6930,Burton Scintsbury
174,885,2021-04-29,10954.43,paypal,60-073-8106,Nahum Mushart
175,383,2026-09-12,48609,bank_transfer,96-674-2525,Ettie Cowderoy
176,964,2018-12-10,38709.37,google_wallet,16-107-4470,Cyrill Bouzek
177,549,2026-08-21,18247.42,online_payment,96-299-2929,Hilary Vosse
178,571,2018-07-08,29292.71,card,07-495-9553,Benton Bilbery
179,388,2024-05-31,47397.52,bitcoin,98-056-8514,Leonhard Dikles
180,549,2022-12-18,3555.54,paypal,01-045-7382,Norris Jakubowsky
181,267,2026-04-05,36556.92,online_payment,35-071-5868,Wilek Challicombe
182,495,2024-07-11,8275.2,paypal,62-613-0875,Christa Bronger
183,380,2025-07-23,2290.92,paypal,23-976-1201,Artemas Daveridge
184,691,2026-09-12,7280.35,bitcoin,76-742-7553,Moira McCoish
185,717,2026-09-12,49566.92,venmo,65-186-9288,Dawna Cottesford
186,852,2026-09-12,9113.57,google_wallet,44-201-1390,Curry McKnockiter
187,384,2025-12-05,9743.64,google_wallet,28-542-6630,Beniamino Whickman
188,838,2026-08-22,16367.98,google_wallet,28-389-5618,Oliver Lenard
189,963,2026-09-12,47729.94,venmo,95-978-7518,Bell Rackley
190,152,2026-09-12,47634.44,online_payment,01-175-9550,Melinde Argontt
191,509,2024-07-13,38068.43,apple_pay,99-637-5813,Andreana Oulet
192,570,2020-04-26,44448.16,online_payment,86-129-0087,Terencio Siemantel
193,315,2026-09-12,31321.2,google_wallet,24-583-8197,Deloris Underhill
194,914,2024-08-30,13956.85,bitcoin,94-708-8133,Jolyn Bavester
195,237,2018-12-10,33216.92,bank_transfer,29-938-3776,Lyn Selwyne
196,728,2026-09-12,36412.67,cash,37-725-1232,Rudiger Greenland
197,760,2026-05-11,16919.66,apple_pay,08-195-5984,Kirstyn Messruther
198,170,2022-09-07,48557.38,online_payment,30-579-6798,Lynnett O'Leary
199,944,2026-09-12,18709.78,venmo,56-069-5800,Doralyn Langstone
200,627,2026-09-12,27463.06,card,09-787-0299,Edgard Heistermann
201,433,2026-09-12,951.03,card,97-276-4424,Sadie Yeats
202,409,2026-09-12,28244.79,apple_pay,13-608-7469,Cassaundra Pidgeley
203,411,2021-02-26,17825.4,cash,26-740-0618,Becki O'Cahsedy
204,649,2026-09-12,11610.57,google_wallet,58-940-0356,Koren Hacker
205,532,2026-09-12,21210.95,paypal,73-518-4964,Barb Traite
206,473,2026-07-10,11399.42,bank_transfer,68-646-4376,Lizzie Andrelli
207,678,2023-12-03,25610.23,apple_pay,96-614-3049,Hermon O'Hare
208,106,2024-05-29,9865.02,online_payment,46-785-4794,Tamarra Renahan
209,20,2021-01-15,33651.08,online_payment,91-475-1932,Hillie Sibbit
210,324,2022-05-16,32491.92,venmo,04-412-5018,Ania De la Barre
211,382,2026-09-12,40952.76,venmo,55-501-4399,Charlie Guiet
212,487,2020-03-16,41522.01,card,82-111-6490,Mattie McCoid
213,3,2026-04-17,25571.2,venmo,96-501-5942,Red Georgeou
214,543,2020-10-29,12282.75,bitcoin,74-370-1875,Dillie Bemwell
215,149,2023-05-13,31706.09,paypal,65-529-8739,Maynord Maciaszek
216,936,2026-09-12,34387.03,cash,52-350-3029,Kelbee Cromley
217,324,2022-05-16,31192.96,online_payment,44-732-1531,Vere Janssen
218,525,2026-09-12,17013.54,card,36-856-2736,Sylvan McConville
219,447,2019-09-30,20343.87,bank_transfer,98-055-3254,Mata Cuniffe
220,75,2021-03-13,38032.25,cash,31-490-8817,Rebekah McCormick
221,249,2021-03-29,11333.28,online_payment,29-796-7491,Erminie Whiteley
222,944,2026-09-12,4803.3,paypal,58-270-6360,Storm Benedtti
223,109,2025-10-26,42421.93,cash,72-944-3001,Tracie Tole
224,516,2023-07-14,19252.97,cash,84-821-3431,Elisabetta Flewan
225,157,2023-01-28,45965.4,apple_pay,61-166-7938,Celina Jay
226,638,2021-08-18,30385.45,online_payment,05-797-4233,Derrik Luke
227,938,2025-08-12,45684.94,paypal,92-325-0378,Flemming Burkart
228,187,2023-04-26,40354.52,card,79-582-2211,Elise Gilding
229,760,2023-07-09,29082.63,bitcoin,76-555-8072,Jacintha Pashe
230,649,2026-09-12,17445.5,bitcoin,83-833-0234,Harlin Spencock
231,529,2021-01-26,25105.73,apple_pay,67-214-1823,Pamelina Tolmie
232,121,2026-09-12,39294.11,online_payment,43-024-6324,Starlene Hedau
233,269,2026-09-12,35878.85,paypal,47-076-3760,Christophorus McLagan
234,529,2024-10-18,19881.86,card,50-036-6846,Johnette Coling
235,835,2024-09-29,49947.31,bank_transfer,06-223-8576,Winnifred Hiley
236,597,2025-08-29,3721.69,venmo,15-002-3333,Chrissy Gogan
237,484,2019-08-02,4245.96,paypal,88-830-5035,Donia Abrahamsson
238,99,2023-09-27,37273.6,cash,82-790-2985,Thelma Fowley
239,818,2023-02-28,850.34,card,87-538-1525,Garnette Tofanelli
240,174,2026-09-12,45733.22,cash,22-843-4730,Sayer De Bell
241,919,2020-11-16,42152.73,online_payment,97-235-2796,Scarlett Baitman
242,941,2024-03-08,34283.34,online_payment,39-854-5745,Trudie Cosely
243,535,2024-02-23,16387.54,card,22-088-4380,Steffen Kipling
244,634,2025-03-07,37052.32,bank_transfer,58-330-6671,Orville Lickorish
245,812,2026-09-12,44969.42,paypal,55-289-0666,Judi Winsper
246,49,2025-03-08,48301.75,apple_pay,52-344-4817,Rik Keerl
247,798,2022-10-11,3852.38,card,59-962-6540,Otis Senecaut
248,977,2021-06-15,16096.82,bitcoin,46-625-5405,Winni Hamlin
249,894,2021-04-25,39816.78,card,33-385-5660,Lurleen Pappin
250,530,2026-08-17,448.96,apple_pay,80-276-5092,Bond Vasilmanov
251,856,2025-03-27,45239.75,paypal,76-945-5208,Raine Dermott
252,1,2023-08-26,4215.29,card,46-162-7942,Jacquenetta Le Houx
253,615,2021-05-29,46087.75,apple_pay,36-420-0773,Clare Antoniazzi
254,954,2026-09-12,3687.75,card,62-748-1646,Jessalyn McFadden
255,875,2026-09-12,24584.62,bitcoin,29-519-5120,Maurise Cayzer
256,687,2023-07-04,44200.54,venmo,78-600-3400,Lewes Bilbey
257,17,2024-01-23,15731.62,venmo,33-375-8010,Sylvan Houndesome
258,408,2026-09-12,38762.73,cash,28-287-0104,Neal Semechik
259,953,2024-11-15,26239.25,online_payment,62-617-6701,Bettina Barks
260,288,2024-09-10,17248.17,bitcoin,88-782-7720,Melva Boys
261,100,2023-06-28,14913.22,card,38-776-7500,Tamarra Dansie
262,898,2026-08-20,9074.85,bitcoin,16-828-7343,Gilda Janda
263,996,2026-08-11,9.87,cash,17-040-2736,Edi Full
264,158,2021-05-05,41073.73,cash,23-034-7475,Novelia O'Rafferty
265,541,2026-09-12,10254.39,venmo,88-837-2101,Tulley Sea
266,314,2022-01-08,41299.74,bank_transfer,77-766-6615,Mechelle Nolte
267,200,2020-05-14,18220.91,bank_transfer,55-412-6521,Charmain Greaves
268,486,2026-07-11,38807.27,card,27-340-2099,Bunny Vittle
269,983,2023-07-10,26219.23,cash,30-566-2166,Patrick Stratley
270,309,2026-09-12,30612.67,online_payment,24-765-5851,Lucina Geffcock
271,354,2025-05-07,36459.48,cash,98-461-8271,Buckie Rasher
272,869,2023-09-12,47129.79,bank_transfer,99-519-5667,Dimitry Delacroux
273,480,2026-09-12,24294.33,card,66-835-7080,Gregoor Derges
274,673,2021-12-14,26971.99,bitcoin,61-873-3220,Ludovika Oriel
275,639,2026-09-12,30601.63,paypal,37-931-5045,Astrix Docherty
276,656,2024-03-23,25842.02,card,95-156-8451,Hillel Fusedale
277,152,2026-09-12,46788.44,google_wallet,41-031-4536,Camille Byrth
278,415,2018-06-14,6994.23,card,36-794-7101,Gaylor Wither
279,58,2018-01-29,45264.44,card,53-323-8522,Noel Pepys
280,289,2026-09-12,41940.14,paypal,51-281-4501,Fifine MacRinn
281,899,2018-08-08,32686.95,card,44-193-7406,Izaak Baraclough
282,858,2026-09-12,47574.16,google_wallet,01-370-2308,Ema Box
283,528,2022-09-21,5930.72,paypal,20-441-8769,Dana Claremont
284,659,2025-03-18,13915.87,paypal,85-498-9174,Nannie Mallord
285,335,2026-09-12,12145.59,bank_transfer,14-677-3289,Baryram Tedorenko
286,806,2019-03-07,21627.82,online_payment,78-986-0589,Aldin Frenzel;
287,393,2023-12-31,12387.17,card,31-135-2372,Kial Bulley
288,469,2023-02-05,33540.76,card,66-075-8903,Bea De Bernardis
289,297,2021-02-27,39397.83,bitcoin,54-482-9059,Aland Camamile
290,981,2026-01-10,34579.57,card,76-566-8367,Dreddy Laraway
291,203,2020-09-07,35541.63,bitcoin,47-287-8175,Allys Shapira
292,655,2026-09-12,45278.22,bank_transfer,79-907-7688,Christoph Bachanski
293,302,2026-09-12,26831.31,bitcoin,01-348-3156,Phil Chessor
294,212,2026-09-12,36492.88,apple_pay,42-699-6246,Jo Frondt
295,559,2025-05-16,20645.35,bank_transfer,81-612-1395,Umeko Genese
296,332,2026-09-12,19216.71,bitcoin,09-185-3449,Cale Clewarth
297,369,2021-12-28,14380.51,google_wallet,76-157-3330,Hadrian Robrose
298,163,2026-09-12,42149.2,bank_transfer,08-783-6095,Ingamar Binne
299,592,2026-09-12,16304.15,venmo,26-078-5537,Marina Januszewski
300,190,2026-09-12,7734.04,cash,20-578-7685,Benji Willans
301,397,2024-07-22,33677.77,venmo,11-512-9778,Aliza Cotterill
302,907,2024-02-13,49962.73,paypal,64-375-8770,Delbert Winnett
303,39,2022-01-06,28494.79,bank_transfer,55-295-9154,Karla Pyford
304,844,2023-11-26,49369.12,card,01-672-0193,Fields Slimon
305,112,2020-07-21,9708.8,bank_transfer,34-634-2670,Willetta Crumpton
306,617,2022-06-18,47783.29,venmo,80-685-8835,Anselma Peevor
307,224,2026-09-12,23793.75,google_wallet,62-715-7228,Alexio Blanking
308,196,2020-02-26,45632.32,google_wallet,77-999-2244,Cobby Burkart
309,286,2026-05-06,26855.38,card,53-220-9229,Modestia Faro
310,945,2023-04-25,28203.19,cash,61-597-0724,Blaire Seagar
311,118,2025-12-03,39566.83,google_wallet,58-291-3459,Kingston Flieger
312,605,2026-03-23,41470.68,bank_transfer,13-642-2262,Silvano Dunseath
313,843,2026-09-12,13039.37,card,83-555-2483,Daffy Rizzo
314,372,2026-09-12,12328.27,card,50-122-5279,Shirleen Hurler
315,652,2026-01-17,12743.53,bitcoin,13-627-6637,Lev Scollard
316,762,2026-09-04,38228.11,card,02-838-9996,Sloane Clohissy
317,715,2026-09-12,29458.14,bitcoin,24-876-3426,Boris Bartels-Ellis
318,941,2026-09-12,13823.99,card,14-590-7028,Grissel Lorenzo
319,695,2020-01-08,1288.55,venmo,33-929-2338,Gusti de Verson
320,723,2025-12-31,25912.01,apple_pay,22-670-7440,Evangeline Kneeshaw
321,404,2026-06-08,9098.19,cash,40-060-2910,Carr Alvy
322,745,2026-09-12,36696.21,apple_pay,63-647-6363,Tamqrah Dowdeswell
323,660,2026-09-12,9365.54,card,89-807-8520,Elaine Wragge
324,879,2026-09-12,43518.99,google_wallet,90-761-0606,Krystalle Syrett
325,207,2022-09-14,33389.84,cash,57-658-3741,Beale Lohoar
326,967,2023-09-03,48001.74,apple_pay,48-897-9505,Hatti Myott
327,18,2024-03-25,2098.78,cash,55-487-1884,Pippy Gammon
328,906,2024-11-06,24150.4,bitcoin,35-053-5775,Jereme Corneljes
329,584,2025-10-12,15617.99,google_wallet,00-843-9972,Christabella Irnys
330,946,2026-09-10,2555.05,online_payment,68-567-2514,Luis Glossup
331,897,2024-10-25,8295.9,bitcoin,94-194-8016,Georgeanna Brauns
332,933,2026-09-12,31850.45,card,38-982-1068,Melisse Chatto
333,615,2019-03-12,962.51,card,23-455-7557,Jozef Petrowsky
334,138,2021-09-06,43662.21,cash,14-552-4326,Jessalyn Antognoni
335,469,2023-02-05,14357.65,bank_transfer,67-281-8695,Jedd Orknay
336,873,2026-09-12,25857.81,bank_transfer,45-744-0305,Pierson Peotz
337,280,2021-05-30,26426.38,cash,50-471-6851,Iggie Sherringham
338,691,2025-07-23,27059.4,online_payment,12-401-4258,Nola Loudyan
339,345,2022-09-20,48371.48,venmo,43-220-5938,Sauncho Taw
340,158,2026-09-12,23215.86,card,45-709-5458,Dare McGahey
341,162,2026-09-12,48332.37,card,31-382-1889,Kelsi Demer
342,330,2026-09-12,38539.17,bank_transfer,05-623-9133,Zsazsa Darrell
343,261,2026-04-18,7606.35,bitcoin,39-795-3469,Phil Searight
344,316,2026-07-25,46830.33,online_payment,01-245-4184,Seward MacCall
345,955,2022-01-25,18526.12,cash,79-911-6436,Meggi Scarre
346,956,2026-09-12,11001.65,card,05-402-2011,Belinda Powis
347,89,2023-08-14,474.86,bitcoin,05-101-4621,Cornie Rodda
348,139,2021-04-15,8911.04,card,81-802-7970,Nicolle Johananov
349,436,2026-09-12,21861.67,card,49-967-7850,Nickie Kinchin
350,608,2024-04-17,45508.53,card,94-999-8775,Wilfred Luquet
351,394,2026-09-12,26880.04,google_wallet,70-066-2139,Elfrida Foldes
352,6,2022-10-11,23853.32,online_payment,89-580-3629,Pammi Chazotte
353,111,2022-04-04,15352.16,apple_pay,23-089-2206,Emlynne Piotrkowski
354,63,2019-10-24,18424.83,card,14-429-2196,King Dominguez
355,507,2023-05-27,22026.83,cash,23-752-6014,Eloise McCaughey
356,275,2022-12-07,31903.49,card,68-026-5714,Janie Whinray
357,865,2025-12-12,43937.5,card,75-344-1967,Emilie Puckey
358,492,2026-09-12,16360,cash,24-510-6636,Rhianon Glauber
359,703,2023-04-05,34585.85,card,14-496-2127,Raynor Phillis
360,275,2022-12-07,25432.61,bitcoin,54-258-1851,Hedwiga Pestor
361,538,2026-01-04,33610.27,google_wallet,55-609-2926,Lorinda Mussolini
362,575,2023-07-02,22595.17,venmo,42-265-2291,Michaela Martinie
363,101,2025-06-19,26535.42,card,03-708-6541,Mab Acosta
364,304,2026-01-21,22910.47,google_wallet,21-869-3115,Stanton Casillis
365,725,2021-04-25,18123.45,card,61-182-4839,Jenica Blackney
366,299,2023-12-20,24811.57,bank_transfer,54-874-5283,Almira Kennifeck
367,134,2024-09-25,23916.32,venmo,06-703-2227,Tersina Masterman
368,978,2024-03-28,49893.73,bitcoin,07-613-9204,Hildagard MacAlister
369,470,2026-09-12,14537.17,bank_transfer,24-421-6993,Gerri Disdel
370,50,2024-09-18,41355.63,online_payment,93-420-7430,Cairistiona Mollitt
371,87,2019-11-11,11504.37,venmo,09-173-9005,Sella Shills
372,388,2024-05-31,38891.27,online_payment,22-285-6732,Donnie Phare
373,33,2026-05-31,24401.63,apple_pay,49-841-2824,Hurley Tayspell
374,1000,2026-08-07,45007.32,paypal,60-460-5769,Garrick Edgington
375,358,2020-06-22,3000.87,bitcoin,78-711-1749,Bonny Fettiplace
376,335,2026-09-12,33607.54,venmo,22-580-0996,Jaimie Petran
377,415,2021-03-09,9381.18,online_payment,35-424-6541,Robbin Gresser
378,637,2022-02-18,24387.59,paypal,73-254-9259,Timmi Scimone
379,865,2026-09-12,30288.9,card,34-455-0332,Gwenora Jurczyk
380,671,2025-07-05,3910.6,apple_pay,64-048-6550,Terri Brownsworth
381,537,2018-12-16,12028.84,card,36-765-0198,Vilhelmina Meriot
382,745,2026-09-12,3955.65,card,84-079-6750,Dalston Greenlees
383,264,2021-10-12,1089.56,cash,03-117-2973,Lilias Gildersleeve
384,11,2020-09-29,32796.26,bitcoin,44-900-4831,Ham Pidgin
385,667,2020-02-27,1899.86,card,35-568-4498,Melody Threadgold
386,838,2026-08-22,45448.2,bitcoin,35-336-5083,Antonetta Fattori
387,934,2026-09-12,43652.99,online_payment,67-873-0219,Randa Rennocks
388,21,2018-06-25,27573.36,card,17-072-5470,Astrid Lingwood
389,991,2024-02-01,4532.84,card,97-265-9537,Murray Defew
390,724,2025-06-04,42535.66,card,86-753-7195,Norean Barriball
391,552,2023-07-30,43424.98,paypal,58-339-3393,Florri Wattins
392,197,2022-11-19,44845.51,google_wallet,34-078-9805,Carmella Barling
393,580,2025-12-07,22763.6,card,99-270-3300,Belvia Prettejohns
394,902,2025-08-22,45252.77,venmo,61-116-7307,Steffane Fishly
395,4,2026-09-12,27186.52,venmo,79-333-4180,Marcus Loach
396,487,2026-09-12,4497.96,online_payment,41-406-0172,Penrod Croley
397,305,2026-09-12,3223.4,online_payment,12-987-2321,Graig Gravenall
398,372,2026-09-12,45122.71,bitcoin,96-908-9119,Davidde Airth
399,908,2026-09-12,2920.6,google_wallet,04-995-9621,Benedicto Harvison
400,770,2026-09-12,47410.26,apple_pay,60-328-1704,Miran Murtimer
401,335,2023-11-20,37959.42,apple_pay,18-670-3269,Kane Rayhill
402,55,2022-08-16,14648.54,venmo,17-182-3981,Newton Rallings
403,571,2018-07-08,18858.36,cash,06-503-7715,Drona Lambden
404,917,2025-10-14,49423.47,google_wallet,44-945-8475,Bertie Arter
405,65,2025-06-08,44373.47,card,97-553-1440,Aleece Tours
406,549,2020-05-25,32422.15,venmo,94-774-4607,Lyda Hackley
407,829,2019-01-28,2601.45,card,27-786-8611,Lorita Onele
408,981,2026-01-10,49693.83,paypal,30-430-8446,Nat Pfeffle
409,335,2026-09-12,19922.79,bitcoin,10-468-9357,Ilise Yglesia
410,822,2026-09-12,27408.52,card,52-955-4819,Cyrillus Prene
411,784,2022-03-05,43522.64,cash,27-940-5969,Cory Sallarie
412,487,2026-09-12,22875.68,card,02-155-8706,Martie Andrew
413,672,2018-04-03,39704.93,online_payment,94-210-2469,Marge Diter
414,522,2025-09-14,48474.47,apple_pay,85-006-6644,Almira Aylmer
415,159,2026-07-27,28643.99,bank_transfer,42-772-2622,Ari Limb
416,60,2024-10-07,3773.8,apple_pay,58-145-0294,Boy Shinfield
417,50,2024-09-18,47822.92,apple_pay,41-243-0538,Upton Ricket
418,710,2026-07-23,15569.04,paypal,84-466-5499,Bryan Jenks
419,209,2025-09-24,20954.89,google_wallet,26-779-6586,Bonnibelle Greenley
420,554,2025-07-11,15350.46,google_wallet,42-891-9786,Bess Saveall
421,569,2024-04-18,29801.35,bitcoin,61-838-0774,Conway Parell
422,268,2022-08-12,46409.65,apple_pay,01-644-5203,Ted Loughlin
423,710,2026-09-12,41771.79,card,61-488-4128,Dare Foucard
424,827,2022-06-06,3938.93,online_payment,12-752-3659,Raquela Donson
425,779,2023-01-15,45627.87,venmo,00-255-0901,Eolande Allderidge
426,47,2023-07-17,7206.79,google_wallet,43-570-3487,Sean Schwand
427,197,2024-06-07,48553.25,card,52-349-0465,Giselle Esmond
428,774,2026-09-12,19256.24,card,33-702-6352,Diena Hampstead
429,351,2026-01-29,6067.79,bitcoin,69-362-0750,Glynis Habben
430,148,2026-07-10,41814.98,online_payment,33-078-4774,Gerianna Aulton
431,324,2026-09-12,24282.31,apple_pay,94-743-8975,Linet Laver
432,993,2026-05-19,42166.15,bitcoin,54-863-8860,Jeremiah Oxbury
433,121,2026-02-04,10971.53,venmo,05-718-8665,Pauli O'Neal
434,250,2019-09-07,25204.05,cash,29-406-7175,Jethro Quinn
435,140,2024-05-14,16290.22,cash,12-303-2483,Cecil Caps
436,955,2026-09-12,631.84,card,47-338-1407,Carce Greswell
437,921,2026-09-12,41098.06,bitcoin,02-193-8491,Erskine Spacey
438,860,2023-01-22,11103.43,bank_transfer,73-816-8488,Lombard Coghlan
439,529,2026-09-12,13419.04,bank_transfer,62-615-5665,Micheil Lankester
440,715,2025-05-29,14776.89,google_wallet,74-425-1220,Roda Skippen
441,590,2026-09-12,49963.56,paypal,22-544-9004,Kristan Innman
442,11,2025-06-13,22626.81,google_wallet,64-470-3454,Fanchon Barclay
443,604,2026-09-12,10652.44,apple_pay,41-820-6383,Anna Beilby
444,389,2026-03-09,44247.97,apple_pay,02-724-5002,Chrystal Houlison
445,159,2026-07-27,29093.63,online_payment,79-228-5565,Delcine Plunket
446,997,2021-01-02,11696.92,card,15-077-9013,Viki Littlechild
447,573,2025-12-29,38865.77,google_wallet,98-180-0211,Shaw Fisher
448,324,2024-02-09,2103.99,card,16-598-4339,Ealasaid Hassard
449,730,2022-09-24,40367.74,bank_transfer,75-326-4659,Bald Spanswick
450,981,2026-01-10,41065.2,venmo,44-295-1210,Gill McDuff
451,573,2026-09-12,44947.56,card,83-574-5812,Kalvin Poulsom
452,667,2023-01-17,14133.5,apple_pay,10-474-7941,Greta Wakefield
453,970,2024-09-23,2562.94,cash,11-812-6179,Dillon Ettery
454,471,2024-02-10,1185.8,venmo,09-010-6965,Ivonne Mastrantone
455,895,2022-04-27,44624.13,apple_pay,51-141-4124,Ursala Marcu
456,447,2023-09-28,12519.36,card,00-237-4987,Abe De Domenici
457,29,2025-09-27,19414.69,paypal,17-955-6899,Wright Barrack
458,292,2026-09-12,22122.07,card,26-755-5813,Hobart Woolfitt
459,403,2023-09-20,6216.08,online_payment,48-304-0529,Bobbi McCrorie
460,814,2020-02-03,37026.77,apple_pay,67-217-0286,Mayne Roloff
461,672,2026-09-12,39258.68,bitcoin,00-052-4282,Francois Gover
462,722,2025-02-25,21882.3,google_wallet,33-843-4897,Bartel Patnelli
463,418,2018-03-08,18343.08,paypal,55-632-9420,Shelagh Maysor
464,706,2026-09-12,34888.83,google_wallet,26-283-6986,Nichole Bradd
465,247,2021-04-09,24008.16,bitcoin,41-393-9286,Corene Grinaugh
466,384,2026-09-12,2561.9,cash,72-712-4127,Dede Flowith
467,925,2022-12-12,14657.93,venmo,87-449-8827,Polly Midner
468,82,2023-01-27,38221.63,bank_transfer,61-814-0771,Stevena Soldi
469,267,2026-04-05,32080.79,bank_transfer,20-123-5927,Charlene Craigg
470,986,2024-05-17,555.33,apple_pay,89-481-2680,Perri Popping
471,544,2025-08-15,23450.77,online_payment,13-185-7211,Almira Haggar
472,811,2026-09-12,43604.75,online_payment,74-168-6289,Clerissa Lyven
473,229,2019-08-16,22903.41,cash,77-198-3706,Harmonia Pharo
474,796,2023-02-14,4033.15,online_payment,60-308-6819,Antonella Janczak
475,467,2026-09-12,24308.89,bitcoin,63-972-9419,Missie Graves
476,500,2022-06-10,15450.7,card,89-925-7448,Kelly Abbet
477,245,2026-07-01,10551.18,card,52-536-2409,Raye Pleasance
478,124,2025-10-28,23101.47,google_wallet,17-081-7632,Becki Fleeman
479,784,2021-03-09,32623.04,paypal,70-466-6134,Etty Cashen
480,950,2024-08-13,29326.34,venmo,26-181-2448,Emeline Isaksen
481,39,2022-11-29,24008.82,online_payment,79-492-7803,Gelya Nash
482,589,2025-07-29,10423.79,paypal,51-079-2045,Jacquetta Lumm
483,362,2026-09-12,22625.17,card,91-336-5405,Calli O' Flaherty
484,459,2018-06-03,12792.61,card,30-626-3941,Belicia Roseman
485,214,2024-02-02,13807.89,card,69-861-4420,Luke Guisby
486,239,2026-09-07,3683.86,bank_transfer,19-430-0030,Dru Bullman
487,551,2026-09-12,21466.68,online_payment,00-331-4359,Flss Menhenitt
488,489,2026-05-20,16384.05,paypal,93-028-3283,Vanny Fairey
489,34,2024-02-09,5113.5,bitcoin,25-794-0862,Freddi Baldacco
490,475,2025-04-04,43227.11,google_wallet,81-923-5108,Robin O' Scallan
491,874,2026-09-12,20287.63,apple_pay,81-395-2904,Margo Brickdale
492,244,2025-09-08,433.21,cash,76-667-1118,Cornelius Coatham
493,803,2026-03-18,20818.28,cash,84-112-3597,Sidonia Andrzejewski
494,96,2025-10-02,34490.24,apple_pay,45-734-9514,Kelsy Marl
495,354,2023-10-20,13783.28,bank_transfer,69-297-0125,Brooke Tomadoni
496,928,2026-09-12,1738.62,cash,41-199-7120,Micheal Allderidge
497,649,2023-08-22,32237.68,google_wallet,15-093-9509,Maryellen Elwyn
498,513,2025-07-12,19112.55,card,66-686-5525,Lenore Lightbourne
499,411,2021-04-16,33887.03,paypal,00-197-8281,Lee Hallan
500,828,2024-10-20,9045.94,google_wallet,35-734-2934,Tristan Stops
501,78,2025-05-08,34912.53,google_wallet,07-719-4406,Phebe Doggart
502,629,2026-09-12,21849.31,bitcoin,33-528-4383,Renelle Labern
503,14,2026-09-12,25498.93,paypal,18-652-5190,Maitilde Hartop
504,870,2025-06-10,43355.62,venmo,96-462-7084,Boote Galey
505,725,2026-09-12,1248.21,venmo,99-928-9538,Russell Trathan
506,642,2021-07-17,39875.83,paypal,86-363-8616,Haskel Dankersley
507,74,2018-12-31,26932.35,cash,94-064-0024,Lanni Gookes
508,39,2026-09-12,9190.83,bank_transfer,84-883-5745,Pietrek Denisyuk
509,386,2026-09-12,45087.06,apple_pay,97-448-2951,Conney Di Bartolommeo
510,79,2021-05-24,37939.64,venmo,56-461-0306,Sada Casterot
511,673,2021-01-07,1430.75,apple_pay,50-286-1551,Jule Lafond
512,5,2026-07-28,46215.44,cash,51-785-4454,Gwenora Seyers
513,496,2021-11-25,5232.14,online_payment,75-666-1536,Valentine Godain
514,676,2024-02-20,13135.16,cash,67-635-9782,Jayme Sifleet
515,449,2026-07-24,43995.78,card,25-524-7525,Lydie Kevern
516,996,2026-08-11,15745.37,venmo,83-072-9627,Aubrie Wollers
517,773,2026-09-12,29547.22,venmo,00-336-6749,Trace Zanolli
518,145,2023-02-20,3685.48,google_wallet,23-200-9678,Hagen Stanaway
519,505,2022-12-06,20789.13,bitcoin,66-318-6380,Leif Joust
520,677,2021-10-23,20759.87,apple_pay,51-023-4104,Donnell Pacitti
521,948,2026-09-12,16233.51,google_wallet,40-538-0587,Minta Collyns
522,532,2025-08-15,42765.31,apple_pay,16-144-9999,Dione Stuehmeier
523,460,2024-08-09,2715.68,bitcoin,29-348-4952,Donnie McDade
524,64,2026-09-12,22902.5,paypal,59-253-0260,Olivie Nixon
525,479,2026-04-13,40524.87,card,56-986-2594,Yale Darkott
526,212,2019-07-13,14543.81,card,03-364-8819,Catlin Vinten
527,85,2026-01-29,12075.07,bank_transfer,79-688-2280,Arvin Mariotte
528,952,2026-09-12,35246.28,bitcoin,45-149-8970,Cariotta Mackriell
529,572,2026-01-01,34213.27,cash,67-537-2524,Chery Bosworth
530,142,2026-09-12,43407.95,card,81-971-1396,Marris Rendle
531,485,2021-01-17,2301.38,bitcoin,00-420-5162,Urbanus Kasper
532,982,2026-09-12,7241.52,bitcoin,60-542-8566,Britteny Papps
533,236,2026-09-12,34912,bank_transfer,43-130-7101,Domingo Kemwal
534,194,2026-01-27,21357.19,paypal,11-372-2458,Raquela Brickham
535,279,2022-12-27,41841.14,paypal,41-446-7770,Elysha Carrigan
536,938,2020-06-15,32235.22,card,81-934-5349,Lyssa Tantum
537,853,2026-09-12,48134.55,card,40-851-0013,Jobina Rolland
538,827,2022-06-06,27319.41,card,57-484-8013,Drusi Paulisch
539,558,2026-09-12,39962.71,google_wallet,64-461-8128,Shayne Tweedlie
540,813,2024-01-12,42904.44,venmo,80-787-3520,Corbie Trimming
541,903,2026-09-12,5995.91,google_wallet,21-606-8985,Eba Beach
542,857,2026-09-12,42902.98,card,43-558-5626,Libbi Bloxsum
543,269,2025-01-07,21567.66,paypal,10-657-9696,Brook Blockey
544,978,2020-07-27,43973.41,apple_pay,08-924-6719,Ludvig Tiplady
545,989,2025-02-22,18496.51,online_payment,84-409-4997,Chuck Cattonnet
546,789,2026-02-16,38384.5,venmo,39-754-5721,Barbaraanne Labrone
547,82,2026-09-12,31163.93,card,79-066-7040,Maggee Lippett
548,449,2026-07-24,3930.28,apple_pay,64-767-2664,Vilma Foli
549,938,2026-09-12,37227.33,bank_transfer,33-534-1191,Helsa Prall
550,927,2019-09-20,28008.2,cash,36-496-5345,Dorree Burnapp
551,89,2021-09-02,1081.57,bank_transfer,88-823-9929,Randee Leifer
552,64,2026-09-12,19860.79,paypal,32-788-9376,Micaela Klouz
553,614,2019-03-30,43676.37,card,01-812-6459,Velma Massingberd
554,119,2026-09-12,23995.97,venmo,27-366-1213,Tyrus Effnert
555,665,2026-09-12,27723.55,bitcoin,17-224-3824,Dierdre Dowthwaite
556,193,2026-09-12,33014.58,card,63-196-5981,Marcy Jaukovic
557,300,2026-03-01,32606.22,cash,11-222-6308,Stevena Cabble
558,104,2023-12-23,34393.61,online_payment,06-083-3726,Tony Cellone
559,340,2025-06-25,358.83,paypal,28-302-3647,Charity Han
560,408,2025-03-09,17618.97,apple_pay,37-635-5743,Artie Pantling
561,140,2024-05-14,38299.95,cash,35-449-3524,Cosetta Jubert
562,238,2020-10-01,39050.25,bitcoin,07-204-6418,Julee Powley
563,498,2026-04-09,46526.97,apple_pay,55-833-1452,Bibi Atherley
564,834,2020-03-06,36398.47,paypal,79-827-6103,Domenic Dunbobin
565,435,2026-09-12,27981.45,bitcoin,98-330-8595,Patrice Vause
566,602,2023-06-23,39964.06,card,24-088-6083,Ambrosio Hankins
567,385,2021-07-01,7395.23,bitcoin,52-881-4904,Cristiano Pinchbeck
568,20,2026-09-12,22913.25,bank_transfer,75-392-0964,Natassia Musson
569,77,2026-09-12,38109.43,card,62-435-3614,Arel Bartolomeo
570,775,2026-09-12,39588.05,venmo,05-768-9538,Shandy Waplington
571,441,2026-09-12,24230.52,google_wallet,05-912-5812,Sollie Voller
572,709,2026-09-12,7620.97,google_wallet,46-626-2506,Carolyn Trevascus
573,534,2021-05-18,9007.91,apple_pay,18-807-6804,Theodoric Bealton
574,24,2024-01-13,18.73,bank_transfer,98-475-8598,Andrea Bisp
575,479,2026-09-12,19722.09,bitcoin,45-220-6052,Cathe Doxey
576,743,2023-02-27,12146.79,card,21-402-3736,Catina Nellen
577,920,2026-03-20,37315.54,paypal,37-850-9091,Sadella Jaffra
578,374,2026-09-12,13274.1,card,09-319-1812,Sallyanne Purple
579,315,2019-04-21,29395.8,paypal,97-272-5536,Marnia Ghione
580,446,2020-11-14,11866.62,bank_transfer,53-867-0773,Inez Chumley
581,153,2022-07-20,49498.57,cash,02-023-2478,Sayer Dugald
582,731,2026-09-12,3905.26,bitcoin,23-738-9200,Adler Osbourn
583,662,2018-07-24,46152.79,apple_pay,69-720-3417,Debor Ballintime
584,361,2025-07-24,45124.76,apple_pay,22-528-1377,Ellsworth Dassindale
585,573,2026-09-12,34837.07,paypal,16-929-2774,Pris Bowley
586,576,2020-05-05,38534.78,card,74-578-3761,Vinnie Vel
587,347,2026-08-14,8118.03,bank_transfer,95-209-3619,Rochester Clemenzi
588,801,2026-09-12,11043.09,online_payment,57-795-7649,Hart Allender
589,791,2020-12-07,17298.91,card,19-668-8363,Arte Deeman
590,671,2026-07-01,35816.34,google_wallet,38-283-5960,Boniface Forber
591,115,2025-03-08,33101.11,card,77-322-6678,Haley Becket
592,993,2022-10-09,29577.25,online_payment,51-267-0442,Oswald Sherbrook
593,717,2019-06-18,44293.21,google_wallet,97-850-5435,Devin Emlyn
594,701,2024-07-03,19232.16,bank_transfer,14-717-4334,Thibaut Di Roberto
595,851,2018-07-18,41413.47,paypal,64-777-9091,Cortie Thurlby
596,891,2025-05-30,43318.02,paypal,51-393-2859,Anne-corinne Bogeys
597,515,2020-12-27,42409.83,apple_pay,70-680-0951,Lemar Hartburn
598,353,2026-09-12,14246.09,apple_pay,72-838-1814,Ruthe Chappel
599,383,2024-12-28,30083.23,venmo,75-828-2503,Frazier Bradbrook
600,460,2024-06-15,4000.77,card,60-777-7721,Belvia Hauch
601,675,2022-04-08,39874.87,bank_transfer,83-679-3276,Blinny Palphramand
602,357,2018-11-14,7938.82,apple_pay,54-172-8433,Korie Gornall
603,190,2019-12-01,30275.13,card,92-063-9578,Serge Shellcross
604,967,2023-09-03,20210.01,bitcoin,03-189-1086,Cristine Tinan
605,594,2022-01-23,33303.23,apple_pay,67-114-9451,Othilia Iremonger
606,713,2026-09-12,32397.78,card,04-580-4195,Barton Reede
607,159,2026-07-27,23285.47,apple_pay,52-410-1638,Elisha Crinidge
608,808,2019-06-28,31176.26,venmo,47-686-3211,Crawford Cordner
609,698,2021-08-02,37730.76,apple_pay,65-807-9909,Jae Itzkov
610,367,2026-03-29,46632.74,card,48-302-4791,Ferd Berardt
611,8,2023-07-25,34349.24,bitcoin,00-345-9042,Jeanette Pods
612,379,2023-05-13,6569.41,paypal,05-597-1335,Chrystel Danels
613,303,2026-01-27,4587.49,bank_transfer,63-465-1419,Electra Tidy
614,543,2026-06-21,49912.38,bitcoin,22-408-2034,Bay Hegg
615,340,2024-05-26,7059.89,cash,97-297-0871,Lisha Siene
616,965,2024-10-21,46692.74,card,76-548-0900,Sutherland Caplis
617,127,2024-03-24,44898.46,bank_transfer,74-397-1634,Nicolai Kersey
618,8,2021-03-09,23175.92,apple_pay,91-761-0907,Meara MacGaffey
619,413,2021-10-15,36451.2,bank_transfer,08-179-2264,Benedict Freeman
620,415,2023-10-20,26105.55,card,86-044-1877,Jilli Farfolomeev
621,670,2026-09-12,10389.99,cash,66-820-2893,Lorilyn Iorillo
622,296,2021-08-05,22412.17,venmo,92-428-7358,Pamelina Sayle
623,485,2021-01-17,46417.52,bitcoin,98-792-0384,Jamil Littrick
624,138,2021-09-06,39348.06,venmo,80-614-0640,Kippie Coade
625,739,2026-09-12,26009.15,apple_pay,04-101-9849,Zeb O'Tierney
626,226,2025-11-15,19310.26,online_payment,60-980-0840,Mayer Corwood
627,559,2025-05-16,37417.13,bank_transfer,51-311-5419,Tuckie Dalloway
628,439,2025-01-21,40932.37,google_wallet,73-311-6168,Garwood Ioannou
629,818,2022-08-18,7557.11,venmo,21-982-9412,Devonne Vogeller
630,369,2018-11-16,4842.17,online_payment,38-729-8482,Kev Keming
631,834,2023-03-14,16824.08,venmo,24-266-3232,Waverley Illesley
632,963,2026-09-12,19461.8,card,21-260-7187,Eleanora Cliff
633,286,2026-05-06,31037.27,card,92-246-7163,Florinda Burnie
634,566,2026-09-12,45523.84,paypal,72-266-3593,Vic O'Crevy
635,798,2026-05-06,15242.06,paypal,51-757-7002,Marsiella Ianelli
636,519,2023-06-27,18836.92,apple_pay,63-959-2688,Caitrin Gowing
637,233,2026-03-27,8080.26,bitcoin,61-133-1268,Jewel Lassen
638,508,2020-02-20,13153.93,bitcoin,52-714-6682,Kiele Shorthill
639,671,2025-07-05,43014.15,card,26-597-2257,Allie Heigold
640,145,2020-01-24,46558.4,google_wallet,98-181-3047,Cleon Labbett
641,826,2019-03-28,32634.85,bank_transfer,97-881-7945,Gareth McMeyler
642,240,2025-03-22,22528.57,bitcoin,72-377-0226,Andi Bocock
643,330,2024-08-21,24378.22,online_payment,35-068-7968,Uri Utterson
644,890,2026-09-12,30533.57,venmo,49-886-3631,Tallia Taunton.
645,788,2023-11-10,25282.82,card,34-299-5229,Emanuele Bosch
646,773,2020-04-28,41530.26,online_payment,65-418-1011,Loleta Bryce
647,705,2021-05-30,9343.97,paypal,01-672-1744,Cassie Patley
648,701,2022-10-24,14055.07,bank_transfer,65-709-7047,Angie Surcomb
649,1,2019-07-20,23894.27,online_payment,41-477-3416,Carmelia Basilio
650,317,2019-04-27,18697.98,card,15-989-8110,Gery Rivel
651,136,2023-01-01,13631.91,card,60-398-2487,Owen Rawstorne
652,303,2026-01-27,36202.46,bitcoin,09-863-8694,Rafferty Orable
653,378,2021-11-15,42169.72,card,78-269-6499,Ida Lampart
654,289,2026-09-12,34482.96,bank_transfer,23-779-3005,Bron Simonou
655,283,2026-06-02,21857.32,online_payment,22-569-3636,Jacki Mildmott
656,708,2022-01-18,21601.12,apple_pay,69-789-9350,Sheffie Burgum
657,698,2019-09-24,5651.6,apple_pay,91-642-8940,Erinn Galle
658,241,2024-04-23,4825.8,card,23-414-8764,Elaina Dunkerly
659,345,2022-09-20,36808.5,card,55-197-8151,Martie Bock
660,183,2021-12-14,16906.91,paypal,83-696-1205,Farly Blunsum
661,798,2025-08-30,38933.19,bank_transfer,88-731-9984,Joleen Fleet
662,155,2026-09-12,38038.75,bitcoin,78-070-8275,Ulrika Petrashkov
663,572,2021-09-06,7835.68,paypal,42-347-1635,Piotr Jordin
664,583,2026-09-12,4149.15,google_wallet,58-196-9946,Garrot Danby
665,102,2024-09-24,6813.24,bitcoin,84-854-7476,Gregor Dymocke
666,279,2023-10-01,24080.06,online_payment,76-978-7142,Mozes Verna
667,996,2026-08-11,49732.59,google_wallet,00-477-4251,Hayley Waldram
668,241,2026-09-12,20924.69,cash,09-417-6471,Jaquelyn Conneau
669,539,2021-05-25,25736.27,venmo,82-068-6372,Brittany Mantripp
670,232,2020-04-21,6400.1,card,63-895-4549,Brand Woolbrook
671,217,2023-11-17,35023.42,paypal,10-843-7741,Blondelle Melding
672,78,2025-05-08,31836.13,bank_transfer,20-194-7854,Christy Fee
673,305,2026-09-12,26858.87,google_wallet,79-522-5544,Logan Lilleycrop
674,621,2025-12-24,39815.99,card,45-664-6310,Ethelyn Schimek
675,717,2026-09-12,4504.71,card,16-369-1075,Talya Faltin
676,214,2026-09-12,23466.42,cash,41-900-5885,Noella Davidow
677,403,2024-03-05,10778.3,card,09-498-3793,Torrey Dalton
678,1,2019-07-20,30520.34,venmo,23-047-4478,Cleopatra Jikovsky
679,79,2022-01-31,8007.49,paypal,13-934-9350,Wilburt Sheard
680,745,2026-08-28,45456.71,card,32-024-8877,Stephana Beaston
681,292,2020-10-18,25409.6,bitcoin,26-885-6762,Austen Lenz
682,93,2021-08-14,19628.02,card,57-251-7549,Florella Trathen
683,299,2026-09-12,16099.87,cash,90-373-5780,Jada Kivlehan
684,76,2024-11-17,20972.09,card,79-632-5760,Sallyanne Trevan
685,506,2018-12-31,11960.38,bank_transfer,40-949-2731,Rancell Cleave
686,152,2026-01-20,3660.51,apple_pay,13-654-4155,Randee Neasham
687,186,2019-01-29,989.82,venmo,38-279-6133,Audrie Billing
688,571,2026-09-12,47129.37,card,77-747-7160,Hinze Baldam
689,802,2021-03-03,18020.41,bank_transfer,03-610-4870,Orlando Blundan
690,674,2020-05-19,32330.13,venmo,43-886-9818,Sybila Flipek
691,565,2026-09-12,47666.34,cash,26-717-3148,Maury Hayes
692,980,2026-09-12,16218.37,card,62-844-9354,Fawnia Prevost
693,60,2026-09-12,42472.33,bank_transfer,25-558-7919,Francene Skayman
694,993,2024-04-27,11071.83,google_wallet,36-647-7015,Meggie Stocken
695,627,2023-12-24,30668.39,paypal,66-561-8809,Ceciley Gerding
696,786,2025-11-07,12515.07,apple_pay,15-294-7239,Debra Matyukon
697,624,2026-09-12,34072.08,online_payment,87-710-8529,Banky Buntain
698,735,2026-09-12,31529.51,google_wallet,04-136-1382,Malvin Bonafacino
699,283,2021-06-19,38814.24,paypal,94-914-2330,Bail Skeats
700,112,2020-07-21,1893.66,cash,42-422-6294,Reilly Bettenson
701,506,2026-09-12,38128.86,bank_transfer,13-097-0229,Trude Gauntley
702,301,2026-09-12,12067.14,paypal,25-665-4966,Dallas Mowsdill
703,300,2018-02-22,8041.37,google_wallet,42-172-4301,Garth Ech
704,256,2018-03-24,13323.66,card,30-906-3553,Jenn Olczyk
705,318,2019-06-25,31059.25,google_wallet,16-919-2542,Electra Kittman
706,220,2024-07-29,29947.51,bitcoin,79-609-2578,Terry Ceresa
707,477,2026-09-12,17836.75,apple_pay,96-259-6904,Dav Dalgarnowch
708,593,2026-09-12,33657.68,card,29-066-1157,Petunia Shrubshall
709,446,2026-09-12,4413.09,apple_pay,87-841-5395,Heall Pomfrey
710,232,2026-09-12,25923.28,apple_pay,61-934-1877,Corena Langran
711,361,2026-09-12,49392.61,venmo,30-180-7191,Pate Jack
712,617,2026-09-12,4778.99,venmo,29-367-7561,Brnaba Toffanini
713,738,2026-09-12,44403.33,card,20-296-9855,Kellen Fancutt
714,237,2018-12-10,77.38,google_wallet,72-368-0430,Romona Normanell
715,264,2020-09-26,40751.5,venmo,30-271-3340,Bendicty Petrovykh
716,113,2026-09-12,32023.07,online_payment,71-440-0816,Adria Gusticke
717,708,2024-02-20,19035.13,card,82-236-7201,Stillmann Kimmince
718,484,2026-09-12,3863.41,venmo,42-873-0174,Cal Grimsdith
719,677,2020-04-10,18981.27,apple_pay,22-758-9419,Hollyanne MacFall
720,277,2024-04-03,5830.61,online_payment,19-192-2598,Irwin Feely
721,453,2026-09-12,27595.66,venmo,26-527-4276,Rutledge Langford
722,226,2025-11-15,4846.93,paypal,64-987-9271,Jeana Geraldez
723,596,2026-09-12,31189.56,bitcoin,22-638-0614,Audra Compson
724,747,2024-04-11,30728.56,online_payment,00-494-7811,Lynne Pilkinton
725,208,2021-11-25,9147.34,online_payment,32-047-0013,Mikey Penswick
726,554,2026-09-12,5699.71,card,04-777-9556,Corrine Pressnell
727,404,2026-09-12,8008.17,online_payment,71-079-7236,Mitzi Korting
728,485,2026-09-12,1582.78,apple_pay,35-248-8996,Sam Mozzetti
729,450,2019-09-18,13439.71,apple_pay,16-875-3897,Nicko Featenby
730,290,2025-12-15,38513.83,card,72-407-7724,Mart Burgett
731,386,2026-09-12,48770.26,venmo,17-637-1087,Stefano Braybrookes
732,333,2026-09-12,18973.35,cash,81-114-5909,Bibi Birchenhead
733,433,2026-09-12,40136.17,cash,78-464-8446,Steward Giacubo
734,446,2025-06-14,32120.3,google_wallet,72-761-7441,Rolph Ridley
735,188,2025-11-12,34835.82,venmo,53-108-2812,Leonore Kelley
736,263,2023-07-01,13820.61,venmo,79-042-9858,Verena Eatherton
737,120,2025-10-29,48201.49,paypal,61-428-5314,Ernest Bowld
738,597,2025-07-21,44557.66,venmo,80-061-0542,Doyle Stygall
739,659,2018-10-01,43683.84,online_payment,42-545-6497,Dana Bumpus
740,412,2026-04-28,33531.42,google_wallet,28-813-1295,Cary Shotton
741,886,2026-09-12,29907.24,paypal,65-053-0723,Bronny Phoebe
742,52,2025-08-24,23650.12,card,65-053-5747,Rey Reede
743,648,2022-10-06,3985.48,google_wallet,16-011-1969,Madalyn Flaverty
744,648,2024-03-21,40775.67,bank_transfer,98-785-7323,Rudy Libby
745,912,2020-09-09,9894.91,google_wallet,78-260-3868,Cece Whyborn
746,112,2020-07-21,2390.07,card,40-615-2354,Aurlie Blatchford
747,341,2023-09-26,42999.29,bank_transfer,98-293-1589,Sharl Grigaut
748,800,2023-11-17,25992.55,bank_transfer,95-573-2236,Ario McCosker
749,306,2026-09-12,29786.27,card,65-876-4163,Nike Reightley
750,708,2023-05-24,11794.64,venmo,59-942-7420,Lorraine Killingbeck
751,516,2023-07-14,27564.02,apple_pay,40-217-3093,Biddy Wyson
752,949,2025-05-15,33052.98,cash,88-177-3230,Nicolea Lemmers
753,604,2024-03-11,24433.06,venmo,60-414-4305,Fredericka Milberry
754,916,2025-08-30,5253.67,google_wallet,78-187-0068,Shadow Grishukhin
755,11,2026-09-12,19182.19,paypal,69-160-0971,Karlotte Quarlis
756,158,2026-09-12,25989.33,card,36-751-7202,Chiquita Gooday
757,869,2021-03-17,5318.11,paypal,35-869-0835,Allyn Iacoboni
758,498,2020-12-11,5300.19,bitcoin,11-965-6975,Dynah Sail
759,371,2022-05-15,10773.13,online_payment,52-332-9073,Peggi Linneman
760,86,2023-08-29,11041.84,bitcoin,14-452-0784,Tabby Keward
761,547,2026-09-12,11335.84,cash,65-841-6100,Violet Goldine
762,7,2025-01-23,3592.06,online_payment,99-086-4632,Ulberto Montier
763,987,2025-03-12,10785.01,venmo,48-073-3364,Kylynn Savory
764,1000,2026-08-07,32479.55,card,08-550-4504,Ame Tomsett
765,683,2026-09-12,3109.82,venmo,93-614-0268,Polly Pinfold
766,158,2021-05-05,31723.14,paypal,14-069-2419,Kalinda Goom
767,378,2019-12-21,34370.73,venmo,68-420-1961,Belvia Chartman
768,710,2026-07-23,34843.84,cash,97-037-8508,Brady Handrock
769,968,2020-12-31,48397.71,google_wallet,48-015-3433,Gareth Mastrantone
770,781,2018-11-24,28110.02,apple_pay,84-934-0834,Earle Brandoni
771,521,2026-09-12,38699.66,venmo,73-809-8496,Odella Brothwood
772,177,2019-12-25,7099.29,paypal,90-538-9707,Marney Gerdts
773,331,2026-09-12,32813.42,google_wallet,00-151-2109,Hali Skill
774,422,2021-12-09,23776.63,google_wallet,98-043-9357,Claybourne McCowan
775,797,2026-09-12,1884.12,venmo,74-327-4557,Willard Dovidaitis
776,245,2026-09-12,15624.47,google_wallet,55-657-7859,Myrilla Snoddin
777,287,2026-02-04,49104,online_payment,53-451-7279,Ludovico Milesap
778,883,2026-08-25,25254.7,apple_pay,58-040-8620,Joaquin Joddens
779,383,2026-09-12,22843.14,venmo,01-698-2321,Harcourt Saller
780,556,2026-05-17,43592.76,card,75-615-1373,Rozele Voice
781,500,2021-04-17,1299.18,cash,28-739-2814,Olimpia Dollard
782,747,2024-04-11,12062.19,apple_pay,31-798-8033,Emmery Shutte
783,210,2026-09-12,3799.48,online_payment,43-874-9871,Rriocard Ovens
784,958,2026-09-12,18490.45,apple_pay,84-248-0174,Marsha Luten
785,158,2022-04-10,12033.91,online_payment,75-876-2532,Barth Meddemmen
786,810,2025-09-01,24022.84,cash,68-223-6800,Kori Giamelli
787,375,2026-07-16,26715.71,card,63-353-5325,Ethan Mearns
788,63,2026-09-12,13168.38,online_payment,55-532-6942,Bentley Bediss
789,312,2022-01-28,44021.53,card,16-005-2727,Blair Priter
790,444,2024-08-26,41105.54,bank_transfer,55-396-4154,Bennie Solland
791,891,2021-01-21,45699.51,online_payment,75-950-2053,Henry Mattedi
792,101,2025-06-18,44843.61,paypal,36-022-1357,Ike Abrahami
793,667,2026-09-12,6236.42,card,04-358-0093,Rochelle Fansy
794,351,2026-01-29,43747.1,cash,82-581-8198,Germaine Duigenan
795,480,2022-12-30,29679.32,cash,38-109-0957,Dehlia Claypoole
796,987,2026-03-02,23293.94,google_wallet,36-532-8218,Caril Holyland
797,398,2022-10-01,15401.65,apple_pay,61-285-1436,Janine Errichelli
798,45,2026-09-12,6911.06,venmo,55-613-3695,Lizette Harkins
799,658,2020-07-30,41291.24,bitcoin,57-390-9800,Nicola Loachhead
800,579,2025-01-21,34003.76,card,73-400-0751,Reuben Dressel
801,131,2026-09-12,14262.14,card,41-621-4586,Portia Speddin
802,269,2023-02-07,4449.66,venmo,60-745-6920,Aluino Rushford
803,218,2026-01-09,35918.55,venmo,19-557-6554,Rhett Ziehm
804,644,2026-09-12,27899.94,bitcoin,34-238-4739,Becky McKendry
805,248,2026-09-12,24403.2,venmo,64-324-0508,Tammy Sommerling
806,989,2025-02-22,4568.92,google_wallet,61-366-2550,Kirby Snoddin
807,737,2023-01-04,17256.09,card,97-036-8391,Valentin Abadam
808,84,2026-09-12,44017.53,online_payment,79-460-6006,Garner Oliveto
809,217,2023-11-17,44796.56,bitcoin,60-629-9950,Carmine Brach
810,866,2026-09-12,27957.4,apple_pay,18-598-0415,Hersh Jirik
811,541,2020-05-25,2643.87,paypal,66-235-4511,Slade Shiels
812,115,2023-02-10,38925.48,apple_pay,38-332-0629,Zechariah Eykelbosch
813,188,2026-09-12,13883.31,cash,74-568-6549,Wally Balcers
814,771,2026-02-12,24539.31,apple_pay,35-210-9167,Damon Clothier
815,852,2022-02-08,43608.04,venmo,56-423-9119,Hakeem McGibbon
816,362,2026-09-12,22321.4,bank_transfer,61-753-8135,Margaretha Viste
817,790,2026-09-12,14653.35,cash,48-850-3760,Sile Debill
818,514,2026-09-12,16329.38,card,49-384-9331,Lorilyn Adamthwaite
819,552,2023-07-30,10942.23,paypal,48-194-4592,Egan Gullick
820,353,2026-09-12,25579.73,cash,05-173-1811,Octavia Wenn
821,50,2024-09-18,2116.04,cash,94-848-3829,Lucien Janous
822,574,2023-06-09,30348.89,bitcoin,51-276-7527,Cosme Crimpe
823,412,2026-04-28,7515.77,bitcoin,35-585-5287,Barbe Lugton
824,738,2022-08-29,21044.78,card,98-111-2443,Kleon Parkinson
825,835,2025-03-18,24791.93,bank_transfer,79-993-6322,Staffard Burley
826,165,2019-05-13,48434.53,bitcoin,00-660-9213,Johnathon Brann
827,448,2026-08-03,37473.82,online_payment,56-781-5656,Shawn Kamiyama
828,290,2025-12-15,33805.87,apple_pay,27-297-1834,Dominic Shortin
829,269,2023-02-07,16294.31,google_wallet,55-296-6573,Verne Ksandra
830,118,2020-11-07,49297.8,bitcoin,87-455-9690,Harrison Hembery
831,601,2019-12-06,30467.8,venmo,13-643-0193,Osbourne Blose
832,917,2026-09-12,17311.48,paypal,17-906-1727,Amelie Spary
833,357,2022-02-03,35486.42,card,58-656-5583,Zuzana Hassan
834,789,2026-09-12,31959.9,card,38-373-0791,Ollie Duckerin
835,437,2022-06-02,36757.84,card,24-577-3262,Janetta Govini
836,66,2026-09-12,20470.91,cash,69-402-0718,Jeanna Blaw
837,169,2025-07-26,43723.98,card,62-921-4325,Orsola Hobson
838,740,2023-12-20,24967.07,cash,52-560-7608,Horten Rolfi
839,207,2022-09-14,34370.34,card,11-360-9902,Noah Dalman
840,316,2026-07-25,40976.26,card,84-071-4388,Denni Warters
841,493,2026-09-12,34299.09,venmo,23-677-8540,Colline Hiscoe
842,55,2019-04-25,7846.9,google_wallet,61-700-8526,Anstice Fulun
843,220,2024-11-13,8326.38,bitcoin,76-251-0628,Marie Gribbin
844,875,2026-09-12,21787.29,cash,58-127-5606,Isabel Ritchings
845,687,2023-07-04,47338.42,venmo,08-082-9250,Nils Gaskill
846,574,2026-08-12,15483.07,bank_transfer,91-800-5606,Guillema Rowledge
847,148,2026-07-10,27850.15,online_payment,31-348-1616,Corissa Flattman
848,702,2026-06-08,23432.96,cash,85-109-7315,Obediah Macon
849,660,2026-09-12,12739.32,paypal,04-932-8109,Sheilah Delph
850,768,2025-06-27,35765.75,card,68-602-9792,Clareta Dibbin
851,963,2021-12-11,40253.84,bank_transfer,43-268-2116,Debby Minton
852,49,2025-03-08,49215.7,card,06-085-7299,Emelita Phlippi
853,121,2026-02-04,15124.83,bank_transfer,60-483-8686,Blancha Powell
854,217,2023-11-17,38886.37,venmo,52-262-9550,Gabe Stouther
855,767,2025-03-22,21776.5,apple_pay,19-230-4599,Lowell Bear
856,446,2020-11-14,47414.93,card,58-874-7208,Clem Brockherst
857,699,2026-09-12,8693.9,bitcoin,83-737-3786,Kathy Stansall
858,979,2023-04-03,29206.68,online_payment,28-345-7820,Cross Greenall
859,105,2024-12-12,49631.97,venmo,32-495-5652,Steffen L'Episcopi
860,918,2023-10-19,2326.42,card,60-109-7297,Jeanna Winters
861,484,2019-08-02,37861.03,paypal,05-991-5495,Wilie Plevin
862,118,2024-01-24,11886.1,bitcoin,16-996-4899,Amandy Malden
863,230,2021-12-28,251.75,card,16-841-0287,Nikos Phettiplace
864,417,2024-07-07,42850.75,online_payment,71-871-3697,Nial Burgum
865,726,2019-11-13,21093.44,bitcoin,78-609-3705,Ford Stair
866,684,2024-10-03,14403.34,paypal,10-313-3886,Jeromy Duchatel
867,196,2022-07-22,43187.98,paypal,71-412-1525,Joellyn Orrill
868,770,2026-07-01,36906.12,venmo,88-493-5868,Lenna Camelin
869,356,2025-05-02,45843.78,bank_transfer,70-443-8220,Amalea Brislen
870,674,2021-10-07,21066.2,online_payment,13-383-6575,Pen Scough
871,661,2022-10-13,42757.56,bitcoin,08-886-9891,Isac Alderwick
872,646,2026-09-12,5242.28,bitcoin,85-164-4727,Cele Addyman
873,28,2026-09-12,30277.36,apple_pay,90-019-5538,Darci Clemmitt
874,998,2023-09-01,45267.45,cash,18-997-3212,Alphonso Larvent
875,218,2019-12-20,29032.14,cash,45-543-8477,Durward Rankine
876,656,2022-05-19,30273.64,bitcoin,47-557-6317,Abba Mateu
877,60,2024-10-12,47279.68,venmo,65-740-8118,Sam Muro
878,23,2025-12-01,48500.48,bitcoin,13-117-7102,Cesya Innocent
879,535,2025-08-10,5583.84,card,22-364-0107,Adrianne Rapo
880,893,2026-09-12,16442.87,venmo,46-076-5180,Martino Nursey
881,751,2026-07-26,37535.65,bank_transfer,36-763-0313,Rebeca Frayling
882,332,2026-09-12,905.76,card,38-126-5394,Jerrilee Bergin
883,956,2025-12-02,13426.97,cash,22-671-7895,Regan Housecraft
884,13,2024-04-24,32542.81,bitcoin,55-794-3067,Ab Ousbie
885,682,2023-08-11,547.09,bitcoin,45-887-4219,Tildie Niesing
886,754,2025-07-13,25862.69,paypal,21-308-8641,Waly Hyder
887,435,2026-09-12,20097.63,card,31-735-1179,Victoria Arundel
888,905,2022-05-04,38644.31,google_wallet,32-933-9807,Damita Potte
889,518,2025-09-26,2445.36,card,32-274-4251,Allegra Reisenberg
890,775,2026-09-12,24806.62,paypal,00-935-7216,Joannes Beaze
891,144,2026-09-12,20086.97,bank_transfer,63-027-3967,Janot McHan
892,862,2021-05-05,13098.37,bitcoin,47-841-8830,Rich Biddlecombe
893,117,2023-12-10,8250.76,card,06-572-6875,Barbette Whyman
894,525,2026-09-12,49671.62,paypal,67-608-5421,Gino De Bruijn
895,494,2026-01-08,1484.41,apple_pay,84-882-7979,Deeyn Fullbrook
896,977,2021-06-15,34253.34,card,05-097-4811,Caryl Dewicke
897,34,2026-09-12,26167.95,venmo,64-555-9153,Marlena Volcker
898,882,2024-01-10,41544.18,google_wallet,79-305-7622,Sarette Clouston
899,148,2026-09-12,34841.66,online_payment,06-462-6096,Alister Hucklesby
900,308,2025-05-27,25802.15,paypal,98-892-7148,Hort Chad
901,758,2025-11-02,22156.23,card,65-692-1080,Nelly Margrie
902,411,2025-08-04,48909.3,venmo,78-541-1585,Jeri Drezzer
903,131,2023-12-28,43700.46,online_payment,63-255-2686,Samson Bransom
904,50,2024-09-18,7965.41,bank_transfer,31-368-8103,Annalise Bear
905,520,2023-05-12,39161.13,card,78-796-7427,Maddalena Reiach
906,325,2026-09-12,9734.08,venmo,05-638-7479,Rosaleen Mora
907,974,2024-03-06,7098.48,venmo,87-054-3413,Alameda Rummings
908,863,2026-09-08,21185.53,card,90-538-3507,Zak Yakubowicz
909,122,2026-09-12,48211.53,bank_transfer,28-697-1467,Dominga Marquis
910,131,2026-09-12,21913.04,venmo,82-107-4377,Ingrid Mainland
911,196,2020-02-26,4030.02,bank_transfer,09-692-7562,Georgie Corneljes
912,914,2024-08-30,35419.47,online_payment,19-711-0558,Sharla Catherall
913,766,2025-12-13,33829.87,paypal,38-922-7393,Aldis Pether
914,535,2021-03-10,28063.92,card,38-098-8397,Stavro Ivashechkin
915,77,2023-03-21,47755.47,card,70-144-1208,Jere De Dantesie
916,499,2026-09-12,3705.15,venmo,49-136-0104,Penelope Newnham
917,249,2026-09-12,10727.38,google_wallet,52-941-2787,Emlynne Worsalls
918,273,2026-09-12,21562.3,online_payment,48-913-1626,Archibald Peirazzi
919,796,2026-09-12,24582.05,google_wallet,51-602-5607,Corny Keeler
920,957,2022-03-06,45182.22,venmo,75-449-4728,Tildie Aspray
921,607,2026-09-12,32184.7,card,40-597-8401,Noble Sides
922,899,2026-09-12,18046.4,google_wallet,77-155-6250,Mile Silmon
923,102,2022-10-30,46802.47,venmo,42-506-8257,Melonie Fullwood
924,416,2025-03-06,43830.21,cash,25-354-2494,Mitchel Fynan
925,620,2026-09-12,1702.74,bitcoin,90-564-5640,Drucie Schulze
926,826,2026-03-25,22561.2,apple_pay,34-461-6233,Reynard Pietruszka
927,497,2020-04-19,9680.8,apple_pay,02-757-6030,Vern Badgers
928,939,2019-12-05,46130.2,card,19-270-0402,Lorrie Abbey
929,196,2026-09-12,37236.98,apple_pay,30-310-5356,Lira Langhorne
930,232,2020-04-21,456.91,card,71-222-0104,Kial Kersey
931,267,2026-09-12,30525.54,card,82-876-9312,Arri Kellough
932,405,2026-09-12,5946.92,cash,49-736-4977,Vasilis Edscer
933,333,2026-09-12,33743,venmo,39-002-0455,Gabby Bitcheno
934,321,2024-04-29,14901.53,bitcoin,40-227-9908,Aron Ellice
935,616,2020-09-24,43025.83,google_wallet,94-369-0481,Joyce Hollows
936,341,2023-09-26,38272.34,bank_transfer,33-711-8467,Valle Seyffert
937,826,2019-07-18,45070.46,paypal,95-075-3944,Charlot MacCallester
938,165,2026-09-12,38805.01,bank_transfer,45-383-0733,Renata Dinnis
939,236,2026-09-12,46122.13,apple_pay,40-237-9785,Roobbie Keyson
940,810,2026-09-12,27288.99,online_payment,81-585-0260,Rakel Baudino
941,127,2024-11-30,22746.71,cash,04-967-3510,Lukas Schriren
942,111,2023-07-05,48969.75,apple_pay,81-391-7195,Gothart Menezes
943,46,2025-04-18,38375.02,cash,62-774-4276,Tilda Ledward
944,652,2023-11-10,24910.29,cash,76-875-1961,Chandal Corbin
945,18,2024-03-25,14241.43,google_wallet,32-230-2532,Terrie Bollands
946,906,2023-10-11,7837.74,bank_transfer,84-678-7553,Rosy Burdell
947,765,2025-10-18,20855.42,bitcoin,16-228-1023,Isabel de Quesne
948,294,2022-03-11,19367.83,google_wallet,51-602-0332,Lalo Myrtle
949,834,2026-09-12,19637.51,apple_pay,63-623-8521,Gery Brave
950,65,2025-06-08,15065.66,apple_pay,82-305-9831,Hyacinthie Greenmon
951,65,2026-09-12,33094.47,google_wallet,47-113-9181,Morlee Kapelhof
952,458,2025-08-18,42820.35,online_payment,09-171-8229,Raeann Allender
953,165,2023-12-24,27966.73,cash,29-656-4682,Saxe Pigram
954,487,2020-10-13,23027.04,venmo,08-668-4578,Tomkin Matthisson
955,434,2026-09-12,23449.08,card,97-150-6232,Lannie Lefort
956,934,2025-07-19,17760.85,bank_transfer,24-981-6242,Tessa Bourner
957,688,2026-09-12,29473.23,online_payment,40-086-6201,Wylie Trudgeon
958,985,2020-07-06,24158.52,cash,10-043-4412,Saunder Gummary
959,193,2024-11-12,19001.5,cash,31-001-8468,Ardelia Bergstrand
960,527,2025-03-10,30261.27,card,00-422-1700,Louella Cossor
961,217,2026-09-12,41459.37,cash,24-580-8793,Vernon Goane
962,553,2021-06-08,2999.21,cash,13-894-6614,Paulette Broggio
963,772,2023-04-07,11363.75,venmo,61-906-9197,Elora Daoust
964,239,2026-09-07,19526.47,paypal,46-241-4453,Harriot Sporner
965,141,2018-10-19,17238.7,cash,77-466-7796,Benita Jeske
966,752,2026-09-12,17340.65,card,20-099-7616,Doti Lillecrop
967,67,2023-09-30,17233.66,apple_pay,14-710-0602,Nichols Backshell
968,622,2022-11-23,13096.24,bitcoin,71-044-4706,Ilario Allain
969,930,2026-09-12,3348.71,card,83-477-2334,Merrily Keenleyside
970,122,2023-12-07,34593.68,google_wallet,08-359-0036,Jordain Wressell
971,81,2026-02-17,47107.58,venmo,45-069-4506,Marlene Di Gregorio
972,528,2023-04-04,14791.71,bitcoin,46-145-8925,Julian Ovett
973,756,2025-03-02,32151.66,google_wallet,68-168-7884,Rosalyn Furmedge
974,177,2020-08-23,9603.45,online_payment,48-692-4426,Gunther Doman
975,776,2026-09-12,1603.77,card,48-953-4805,Tedda Maxfield
976,783,2026-09-12,39216.45,card,98-811-0058,Shurlocke Archdeckne
977,737,2023-01-04,28949.96,apple_pay,26-334-1863,Shurwood Cuphus
978,876,2022-10-19,10472.85,venmo,05-738-7278,Clayborne Ryland
979,230,2021-12-28,28277.45,card,26-304-0170,Laurena Tassell
980,986,2024-05-17,8336.06,card,68-197-0061,Joelly Eadmeads
981,887,2026-09-12,7017.35,bitcoin,92-643-4375,Rubetta Griffitt
982,815,2025-02-15,40427.57,paypal,73-165-2290,Roderic Stuehmeyer
983,716,2024-09-13,27314.96,google_wallet,42-154-9072,Sibel Dobbison
984,930,2021-05-18,46289.15,apple_pay,58-468-6281,Jeanelle Heinrich
985,561,2026-09-12,10992.65,apple_pay,21-864-8095,Zena Raimbauld
986,510,2022-11-16,8597.99,google_wallet,37-908-5832,Jeramey Bonnefin
987,623,2026-09-12,17279.47,paypal,94-130-7096,Bay Josland
988,411,2026-05-04,45245.86,paypal,23-076-5097,Rena Wilbor
989,59,2025-03-27,33352.28,online_payment,08-211-6158,Vita Fussen
990,482,2026-09-12,22228.06,venmo,41-345-8412,Welch Huggill
991,141,2023-08-04,5049.89,paypal,35-199-0408,Ediva Willsmore
992,24,2026-09-12,34302.45,bank_transfer,69-317-4504,Fawn Halwell
993,137,2023-01-28,8575.54,paypal,58-450-4678,Daune Dedham
994,362,2023-01-23,8234.05,bitcoin,75-847-7111,Gerladina Rops
995,428,2026-09-12,43999.37,apple_pay,59-853-5796,Noby Egentan
996,806,2022-12-22,35752.19,paypal,62-151-1535,Pip Satyford
997,83,2025-11-27,15193.01,venmo,25-250-0057,Dolli McLernon
998,582,2026-09-12,15430.95,bitcoin,99-231-4474,Nolly Tourmell
999,374,2026-09-12,3969.79,card,02-671-5989,Ilsa Franke
1000,231,2026-09-12,12096.94,card,23-663-7365,Stephen Terbeck
