user_id,name,role
98-452-9682,Christy Fee,assistant
81-801-8743,Sybila Flipek,assistant
39-695-4437,Gweneth Walworth,assistant
31-693-9892,Kane Gammill,lawyer
32-826-8453,Madalyn Flaverty,assistant
46-134-4943,Tessa Bourner,lawyer
16-284-6168,Georgie Corneljes,finance
99-470-7276,Terry Ceresa,assistant
11-733-5148,Diena Hampstead,finance
79-301-2051,Pauli O'Neal,admin
50-355-4811,Theo Jouen,admin
96-105-9311,Graig Gravenall,lawyer
76-606-9071,Bond Vasilmanov,lawyer
62-928-8585,Catina Nellen,finance
59-567-1284,Wylie Trudgeon,finance
25-034-9723,Janine Errichelli,lawyer
43-157-1542,Reuben Dressel,assistant
23-629-5281,Victoria Arundel,finance
12-374-7074,Steward Giacubo,finance
51-550-9766,Tiff Demsey,assistant
33-131-0853,Raynell Angrock,receptionist
09-450-0737,Gusti de Verson,finance
57-456-1346,Hobart Woolfitt,finance
99-847-4529,Mart Burgett,lawyer
41-866-5502,Bryan Jenks,lawyer
22-837-3798,Ashlin Bouller,lawyer
66-776-6118,Christoph Bachanski,lawyer
34-950-3955,Dominga Marquis,assistant
16-409-2974,Merilyn Finder,admin
92-434-6663,Steffane Fishly,assistant
51-955-6067,Norris Jakubowsky,lawyer
78-808-5504,Redford Josskovitz,receptionist
10-285-2033,Jeremiah Oxbury,lawyer
70-428-0520,Tabby Keward,lawyer
04-730-2099,Vilma Foli,assistant
41-129-8319,Francois Gover,receptionist
52-298-7220,Samson Bransom,assistant
35-513-7292,Vinnie Vel,receptionist
85-419-0241,Viki Littlechild,finance
84-347-1269,Amelie Spary,admin
58-209-0064,Mattie McCoid,lawyer
61-258-9094,Jordain Wressell,assistant
56-855-4833,Micaela Klouz,assistant
64-885-3129,Mile Silmon,assistant
42-754-6709,Carmine Brach,admin
88-436-8523,Carmine Brach,receptionist
83-661-8041,Kev Keming,assistant
27-290-9630,Gill McDuff,lawyer
30-108-7446,Madalyn Flaverty,assistant
45-885-3543,Ario McCosker,finance
01-144-5626,Lombard Coghlan,receptionist
33-020-6468,Graig Gravenall,receptionist
66-982-8695,Meggi Scarre,lawyer
95-516-1962,Britni Romera,finance
56-292-6621,Carol-jean Boanas,receptionist
42-323-1854,Carl Shenton,admin
51-636-5280,Charity Han,lawyer
23-465-3199,Drona Lambden,assistant
35-109-6841,Maitilde Hartop,assistant
96-218-6891,Kingston Flieger,finance
98-869-4241,Garth Ech,finance
04-610-1204,Violet Goldine,assistant
03-215-3447,Shayne Tweedlie,assistant
87-679-6661,Red Georgeou,lawyer
21-147-3845,Tessa Dahlbom,admin
76-105-1675,Rolph Ridley,admin
42-150-5884,Luise Seavers,finance
79-013-2108,Baryram Tedorenko,admin
15-768-8258,Haley Becket,assistant
43-049-1556,Sybila Flipek,lawyer
86-755-7629,Alvy Schapero,finance
82-162-1363,Gery Rivel,receptionist
06-525-8805,Rancell Cleave,receptionist
50-958-2190,Cece Whyborn,finance
78-939-9843,Vachel Bage,lawyer
93-225-7207,Electra Tidy,lawyer
76-148-4393,Damita Potte,receptionist
08-496-1008,Rufe Bucknell,receptionist
13-605-1806,Quentin Redborn,receptionist
07-097-0995,Christal Fairweather,assistant
74-398-0993,Sauncho Taw,admin
96-171-5145,Bobbi McCrorie,assistant
40-744-5496,Marcel MacTrustrie,finance
49-670-0401,Guillema Rowledge,admin
26-274-7683,Renelle Labern,finance
55-560-6603,Phil Searight,finance
40-335-7805,Edyth Collingdon,lawyer
67-600-7457,Steffen L'Episcopi,lawyer
41-939-6427,Dawna Cottesford,admin
89-907-2948,Debby Minton,assistant
94-799-7691,Charlie Guiet,admin
72-255-8508,Zebulen Kepe,receptionist
34-032-7934,Ellsworth Dassindale,lawyer
68-609-7882,Emanuele Bosch,lawyer
90-229-8706,Marcus Loach,admin
18-084-6250,Damon Clothier,lawyer
58-723-3943,Jozef Petrowsky,finance
17-649-2597,Tedda Maxfield,assistant
80-279-3966,Corbie Trimming,admin
77-386-1748,Michaelina Mattisssen,admin
95-385-2417,Sybila Flipek,finance
65-522-2696,Conway Parell,admin
11-900-6981,Isabel de Quesne,admin
40-959-8848,Livia Ogilby,assistant
77-483-9174,Tallia Taunton.,lawyer
90-173-3926,Steffen L'Episcopi,finance
51-626-7340,Sylvan Houndesome,receptionist
43-275-1284,Augusto Skingley,finance
37-180-2022,Kiele Shorthill,finance
44-881-8024,Reynard Pietruszka,assistant
99-435-0327,Rochester Clemenzi,receptionist
81-636-2229,Conway Parell,finance
61-514-5470,Violet Goldine,finance
88-636-2613,Ari Limb,assistant
91-251-1622,Shadow Grishukhin,assistant
13-387-5306,Artie Pantling,finance
76-640-4854,Biddy Wyson,lawyer
51-582-1294,Shayne Tweedlie,admin
62-144-0159,Corrine Pressnell,assistant
85-469-0185,Nicolea Lemmers,lawyer
35-422-9586,Ford Stair,admin
87-257-6641,Rhianon Glauber,finance
11-242-2448,Lorraine Killingbeck,admin
12-790-2584,Timmi Scimone,finance
25-910-7185,Rudy Libby,lawyer
98-093-3769,Madalyn Flaverty,finance
40-162-5824,Janine Errichelli,receptionist
91-786-5207,Brand Woolbrook,receptionist
84-241-4076,Becki Fleeman,lawyer
69-501-6639,Ari Limb,finance
19-140-4622,Dana Bumpus,finance
87-940-3033,Marina Januszewski,finance
91-765-3259,Norris Jakubowsky,finance
75-597-4766,Cathe Doxey,receptionist
62-270-4982,Shalom Brahan,receptionist
46-250-0021,Alphonso Larvent,finance
84-983-1433,Nannie Mallord,assistant
40-211-5321,Bibi Atherley,receptionist
69-785-7734,Zena Raimbauld,finance
14-855-9382,Piotr Jordin,assistant
31-095-9926,Tabby Keward,lawyer
99-867-4601,Dorree Burnapp,assistant
45-255-4100,Staffard Burley,assistant
17-946-9913,Eden Hevey,receptionist
61-937-5950,Steward Giacubo,finance
01-301-1511,Jenna Heims,admin
58-792-2330,Ari Limb,assistant
68-492-3934,Regan Housecraft,finance
97-422-8708,Zebulen Kepe,assistant
37-032-4986,Pierson Peotz,lawyer
56-107-4770,Cesya Innocent,admin
33-843-9710,Harmony Weight,receptionist
41-984-7217,Drona Lambden,admin
35-463-7061,Bartel Patnelli,admin
28-833-5334,Bobbi McCrorie,receptionist
22-716-6795,Lenore Lightbourne,lawyer
93-755-1431,Blaire Seagar,finance
68-795-7018,Florance Maddyson,lawyer
04-881-7249,Bertie Arter,admin
57-633-0382,Norean Barriball,assistant
04-181-3417,Rosaleen Mora,admin
92-691-9479,Kelly Abbet,finance
24-306-6652,Hayley Waldram,receptionist
27-380-2472,Novelia O'Rafferty,finance
86-422-2012,Fawn Halwell,finance
83-097-6208,Leonore Kelley,lawyer
23-827-9601,Heath Deex,lawyer
75-432-5406,Saxe Pigram,receptionist
10-103-7373,Carmella Barling,finance
52-244-4246,Cesya Innocent,receptionist
73-291-9667,Hobart Woolfitt,assistant
39-999-1685,Emlynne Worsalls,assistant
55-502-2693,Dillie Bemwell,receptionist
98-139-5202,Newton Rallings,finance
59-652-2871,Micaela Klouz,receptionist
38-979-5732,Bess Saveall,assistant
18-569-3626,Flss Menhenitt,admin
13-410-8583,Rancell Cleave,finance
42-466-9426,Ceciley Gerding,admin
87-161-4371,Marnia Ghione,receptionist
56-781-8702,Dorree Burnapp,lawyer
24-163-4141,Sadie Yeats,admin
57-515-3672,Regan Housecraft,finance
60-150-4990,Tracie McQuirk,assistant
30-737-4849,Luise Seavers,finance
32-885-6898,Annetta Leipnik,admin
87-395-9285,Romain Humm,lawyer
82-613-2477,Isac Alderwick,receptionist
47-592-0327,Melody Threadgold,assistant
90-877-3423,Renelle Labern,assistant
73-093-7166,Aurea Till,admin
76-949-5150,Francois Gover,lawyer
83-099-7125,Guillema Rowledge,finance
56-519-6805,Olivie Nixon,receptionist
65-436-1570,Zeb O'Tierney,receptionist
05-054-4563,Lurleen Pappin,admin
36-408-4397,Isabel Ritchings,receptionist
81-947-0345,Polly Midner,finance
00-037-7685,Hermon O'Hare,lawyer
33-064-2300,Barton Reede,finance
67-769-4139,Leonhard Dikles,admin
33-844-7259,Lonnie Nottle,receptionist
46-408-0186,Sadie Yeats,lawyer
60-324-0523,Nicolai Kersey,lawyer
62-005-2031,Brand Woolbrook,lawyer
22-103-2522,Torrey Dalton,admin
97-208-6981,Seward MacCall,assistant
14-355-0338,Jozef Petrowsky,admin
76-593-4041,Connie Sweetnam,assistant
24-712-6406,Nils Gaskill,assistant
16-524-4670,Shurlocke Archdeckne,admin
89-623-0722,Wally Balcers,assistant
47-883-1967,Pen Scough,assistant
92-779-8276,Allyn Iacoboni,receptionist
68-969-6984,Marcy Jaukovic,assistant
79-624-1694,Livia Ogilby,lawyer
72-263-5093,Maje Waterman,lawyer
82-299-7952,Lanni Gookes,admin
26-753-3309,Melonie Fullwood,finance
97-744-4574,Florance Maddyson,lawyer
90-245-7108,Bobbi McCrorie,assistant
54-683-7199,Drusi Paulisch,receptionist
70-533-3612,Lisha Siene,assistant
86-625-3311,Ealasaid Hassard,finance
11-330-6688,Florinda Burnie,receptionist
54-624-5830,Aliza Cotterill,receptionist
83-505-8036,Cal Grimsdith,assistant
30-866-7278,Tuckie Dalloway,admin
87-375-3606,Jae Itzkov,lawyer
48-297-4904,Ulberto Montier,receptionist
41-319-5264,Gareth McMeyler,lawyer
55-270-9335,Ethelyn Schimek,assistant
16-508-9951,Ari Limb,assistant
94-564-0007,Charlot MacCallester,finance
22-008-8312,Gael Caseri,admin
73-276-3496,Dana Claremont,admin
69-968-0718,Nat Pfeffle,receptionist
67-265-2855,Mattie McCoid,admin
32-796-2326,Ambrosio Hankins,finance
78-985-7165,Nicola Loachhead,lawyer
22-201-1878,Trude Gauntley,admin
13-038-5242,Vachel Bage,admin
14-003-2647,Hilary Vosse,lawyer
48-714-0575,Vasilis Edscer,lawyer
23-485-9207,Sella Shills,receptionist
39-994-7468,Jule Lafond,admin
59-288-0105,Barton Reede,admin
29-654-0013,Rriocard Ovens,lawyer
98-028-3143,Barbe Lugton,assistant
01-166-2505,Tildie Aspray,admin
71-259-2099,Sharl Grigaut,finance
29-099-2320,Luis Glossup,finance
57-677-3443,Kori Giamelli,finance
05-373-1227,Faye Gueste,admin
16-170-3577,Petunia Shrubshall,admin
68-045-0030,Noella Davidow,lawyer
39-025-1208,Gay Torns,receptionist
30-671-0082,Gerianna Aulton,lawyer
94-921-9982,Silvano Dunseath,finance
39-334-0130,Mattie McCoid,admin
56-392-2678,Vasilis Edscer,receptionist
30-958-9827,Terencio Siemantel,admin
79-719-4663,Fayina Egle of Germany,receptionist
39-783-3624,Nils Gaskill,admin
64-261-6145,Jerrilee Bergin,finance
34-471-4026,Lee Hallan,assistant
66-222-0479,Loleta Bryce,receptionist
89-669-4088,Ida Lampart,assistant
22-264-8073,Hobart Woolfitt,finance
85-168-8472,Lyle Shorter,assistant
69-001-0287,Harlin Spencock,lawyer
12-982-8935,Micaela Klouz,assistant
04-438-2517,Carl Shenton,admin
65-009-2135,Christoph Bachanski,admin
31-644-2694,Steffen L'Episcopi,receptionist
59-903-3093,Lenna Camelin,assistant
11-532-4233,Horten Rolfi,assistant
58-182-8619,Wilie Plevin,admin
13-610-3486,Lilias Gildersleeve,admin
11-186-6537,Buckie Rasher,finance
08-348-9394,Rudy Libby,assistant
82-373-2941,Dominic Shortin,lawyer
47-082-7928,Carl Shenton,receptionist
36-294-7123,Paulie Keats,lawyer
85-764-4986,Jethro Quinn,receptionist
89-314-7166,Shirleen Hurler,admin
57-577-3733,Octavia Wenn,finance
81-350-2446,Griselda Wilflinger,admin
16-975-0810,Verena Eatherton,receptionist
16-589-2755,Claybourne McCowan,admin
67-008-1197,Louella Cossor,assistant
82-132-4384,Gino De Bruijn,assistant
40-314-7081,Nikki Lockery,finance
95-308-0531,Ettie Cowderoy,assistant
63-693-5034,Jethro Quinn,finance
50-688-9316,Benton Bilbery,finance
92-328-4506,Polly Pinfold,finance
82-655-5598,Tabby Keward,receptionist
66-560-1717,Miran Murtimer,lawyer
47-993-5073,Tiff Demsey,receptionist
40-625-2688,Ferd Berardt,assistant
41-436-2441,Emlynne Worsalls,assistant
65-651-9258,Lyssa Tantum,lawyer
10-716-2415,Myrilla Snoddin,finance
46-459-0990,Astrix Docherty,lawyer
32-462-7367,Devonne Vogeller,receptionist
72-361-4335,Tristan Stops,lawyer
02-880-7579,Jeri Drezzer,assistant
26-698-9015,Lilias Gildersleeve,receptionist
75-718-7711,Tabby Keward,admin
28-291-9758,Lalo Myrtle,receptionist
07-414-4041,Belicia Roseman,admin
07-600-2217,Perl Conkay,assistant
03-408-8236,Vern Badgers,receptionist
03-252-8429,Antonella Janczak,receptionist
62-298-4109,Ibbie Mowle,receptionist
13-837-8663,Micheal Allderidge,assistant
21-871-0752,Bronny Phoebe,assistant
81-553-2398,Tammy Sommerling,lawyer
92-725-0794,Christoph Bachanski,receptionist
40-153-3670,Curry McKnockiter,admin
62-647-6747,Bonnibelle Greenley,receptionist
78-808-4071,Missie Graves,lawyer
48-970-2143,Nicolle Johananov,lawyer
56-544-3402,Osbourne Blose,receptionist
92-355-3187,Penrod Croley,admin
10-771-4887,Henry Mattedi,finance
48-470-6294,Winona Gomersall,lawyer
08-965-6452,Ted Loughlin,lawyer
17-687-9250,Johnette Coling,receptionist
44-803-6701,Benita Jeske,receptionist
09-447-1170,Lewes Bilbey,assistant
60-026-3645,Stanton Casillis,finance
54-848-0343,Tracie McQuirk,finance
49-247-5486,Colline Hiscoe,assistant
44-178-0221,Belinda Powis,assistant
96-894-2098,Ludovico Milesap,lawyer
34-129-8793,Ceciley Gerding,finance
84-652-4538,Zena Raimbauld,lawyer
51-504-3864,Tildie Niesing,finance
64-866-5448,Tildie Niesing,lawyer
18-316-5458,Fanchon Barclay,finance
74-657-7923,Cross Greenall,finance
09-970-0102,Frazier Bradbrook,receptionist
74-621-1377,Kippie Coade,lawyer
66-485-3160,Cathe Doxey,receptionist
40-063-6735,Hollyanne MacFall,lawyer
19-558-6669,Kial Bulley,finance
51-822-6583,Cordula Eastlake,finance
38-098-9559,Rey Reede,finance
94-442-4952,Rena Wilbor,assistant
66-395-4107,Gareth Mastrantone,admin
79-807-8538,Marlena Volcker,admin
09-322-8603,Dominga Marquis,lawyer
64-220-8397,Stefano Braybrookes,receptionist
98-288-3023,Camille Byrth,assistant
19-696-4400,Erminie Whiteley,admin
08-205-2705,Nan Egle,receptionist
32-179-1223,Annalise Bear,admin
43-479-1816,Valentine Godain,assistant
77-140-0308,Robbin Wishkar,admin
98-274-6959,Ambrosio Hankins,receptionist
31-821-9348,Ashleigh Moodie,admin
67-639-8207,Natassia Musson,finance
52-542-4508,Lorilyn Adamthwaite,assistant
33-467-7326,Kelly Abbet,lawyer
72-918-0214,Beatrisa Sandbrook,admin
28-528-8838,Darci Clemmitt,assistant
79-629-5984,Joleen Fleet,assistant
65-658-9955,Eba Beach,admin
68-312-8536,Violet Goldine,assistant
71-796-5605,Duane Gentreau,lawyer
40-345-6907,Almira Kennifeck,assistant
80-632-4026,Barth Meddemmen,assistant
54-986-5323,Cross Greenall,receptionist
70-761-8870,Electra Tidy,finance
89-198-8362,Earle Brandoni,receptionist
32-204-3371,Hobart Woolfitt,assistant
81-394-6148,Willard Dovidaitis,assistant
02-072-5345,Phebe Doggart,assistant
67-927-6562,Deeyn Fullbrook,assistant
46-798-1693,Aldis Pether,assistant
49-810-1562,Harriette Menhenitt,finance
55-550-5443,Hersh Jirik,lawyer
26-222-1885,Marlena Volcker,assistant
76-672-9881,Perl Conkay,receptionist
72-325-9093,Joyce Hollows,assistant
88-162-7202,Nikos Phettiplace,lawyer
46-931-7964,Cornie Rodda,finance
66-876-8727,Shurlocke Archdeckne,lawyer
26-143-7472,Perl Conkay,receptionist
03-451-6378,Jamil Littrick,assistant
46-786-5183,Hart Allender,assistant
14-978-7039,Arel Bartolomeo,admin
26-212-7942,Damon Clothier,finance
64-290-7417,Chick Curry,finance
96-032-4800,Doti Lillecrop,lawyer
63-903-3424,Cleon Labbett,finance
34-955-6226,Sidoney Castanie,assistant
47-177-4675,Earle Brandoni,receptionist
39-345-3863,Brennan Skade,admin
24-824-3439,Mitchel Fynan,assistant
90-182-1380,Adria Gusticke,receptionist
32-303-7976,Astrid Lingwood,receptionist
24-198-7698,Lorilyn Iorillo,admin
23-191-7483,Anselma Peevor,assistant
01-271-5199,Britteny Papps,lawyer
62-006-7536,Earle Brandoni,receptionist
58-183-8722,Willard Dovidaitis,admin
33-362-6791,Charlene Craigg,lawyer
37-177-1779,Jamil Littrick,admin
81-002-2161,Winni Hamlin,receptionist
74-453-3836,Georgeanna Brauns,receptionist
81-435-9440,Caitrin Gowing,finance
27-766-7966,Zena Raimbauld,lawyer
69-605-4566,Jessalyn McFadden,assistant
42-930-3698,Diena Sammon,lawyer
71-132-3960,Domingo Kemwal,receptionist
09-762-9099,Muhammad Saines,admin
64-530-0666,Kane Gammill,assistant
46-378-0116,Georgie Corneljes,receptionist
70-073-8525,Felix Cawdery,lawyer
03-966-4447,Steffane Fishly,receptionist
70-282-0087,Dierdre Dowthwaite,finance
58-413-3817,Priscilla Piscot,finance
89-873-7857,Kiele Shorthill,admin
42-007-0432,Vic O'Crevy,admin
21-081-0458,Staffard Burley,receptionist
51-099-7117,Edi Full,assistant
69-662-7109,Chuck Cattonnet,assistant
40-710-9081,Olimpia Dollard,admin
80-229-3692,Garwood Ioannou,lawyer
05-325-4088,Abba Mateu,receptionist
18-146-2605,Jada Kivlehan,admin
74-156-1145,Jacquetta Lumm,assistant
70-224-6234,Britni Romera,admin
74-581-0391,Gino De Bruijn,lawyer
69-687-4817,Nola Loudyan,finance
38-979-1873,Raye Pleasance,lawyer
91-499-2868,Thibaut Di Roberto,receptionist
19-907-2111,Olimpia Dollard,receptionist
66-652-7800,Damon Clothier,finance
18-479-1050,Bell Rackley,assistant
05-220-3157,Terrie Bollands,admin
04-250-1306,Fayina Egle of Germany,lawyer
17-875-1473,Vern Badgers,receptionist
16-843-3126,Tomi Tutsell,lawyer
86-945-6864,Benedict Freeman,receptionist
59-419-9869,Viki Littlechild,admin
86-390-8144,Stevena Cabble,finance
19-470-5167,Hadrian Robrose,assistant
62-696-0802,Lilias Gildersleeve,receptionist
51-589-1205,Zuzana Hassan,lawyer
05-168-2254,Oswald Sherbrook,finance
64-693-0652,Glynis Habben,lawyer
51-102-7215,Marlene Di Gregorio,admin
78-837-9625,Corrine Pressnell,receptionist
13-931-4181,Lyn Selwyne,finance
79-145-5462,Egan Gullick,receptionist
83-810-1554,Kristan Jillis,admin
11-857-2804,Gwenora Jurczyk,receptionist
06-569-1466,Steward Giacubo,assistant
81-090-1222,Bay Josland,lawyer
00-097-5097,Ethan Mearns,lawyer
72-801-3162,Edi Jephson,receptionist
68-996-7851,Phil Searight,assistant
12-091-3233,Grissel Lorenzo,lawyer
00-241-0703,Hedwiga Pestor,admin
82-867-8262,Christabella Irnys,finance
51-424-6827,Corissa Flattman,finance
66-581-9392,Jenna Heims,finance
84-005-0416,Lyle Shorter,receptionist
30-991-4181,Dominga Marquis,admin
59-603-0800,Rochester Clemenzi,admin
86-847-4126,Morlee Kapelhof,finance
00-629-1782,Steffen L'Episcopi,receptionist
26-146-4422,Isac Alderwick,finance
74-522-3581,Orville Lickorish,admin
22-870-3841,Sean Schwand,admin
27-657-1639,Willard Dovidaitis,finance
85-361-0458,Nissa Morstatt,assistant
23-619-1044,Zena Raimbauld,lawyer
13-132-1712,Lee Hallan,assistant
13-681-9541,Hermon O'Hare,assistant
50-225-8853,Christalle Taylor,lawyer
05-617-7691,Mikey Penswick,admin
63-020-1260,Sloane Clohissy,assistant
68-479-8500,Trudie Cosely,lawyer
02-811-6412,Jeremiah Oxbury,admin
12-424-0715,Mitzi Korting,admin
98-811-3036,Hildagard MacAlister,receptionist
95-257-9678,Vic O'Crevy,assistant
35-518-7107,Raeann Allender,assistant
75-160-4348,Loleta Bryce,receptionist
66-499-3127,Corena Langran,finance
47-682-1419,Belicia Roseman,finance
66-420-0329,Dwayne Andriuzzi,receptionist
23-996-8271,Zuzana Hassan,admin
77-627-6113,Vern Badgers,assistant
65-512-4706,Freddi Baldacco,finance
64-167-9176,Markus Ikringill,receptionist
56-470-9790,Osbourne Blose,receptionist
27-130-8089,Alphonso Larvent,lawyer
89-648-9883,Drucie Schulze,assistant
64-659-4970,Jeri Drezzer,lawyer
34-460-2293,Isabel Ritchings,receptionist
70-452-2903,Kalinda Goom,receptionist
28-467-4472,Cece Whyborn,lawyer
44-772-7585,Demetri Jacquemy,lawyer
69-693-1234,Pauli O'Neal,finance
23-109-8486,Bea De Bernardis,admin
75-483-3691,Priscilla Piscot,admin
77-498-1383,Dillie Bemwell,finance
39-818-5626,Durward Rankine,lawyer
06-106-3899,Hyacinthie Greenmon,finance
15-852-9376,Marleen Godain,receptionist
58-135-0253,Barbaraanne Labrone,admin
17-117-4038,Lorianna Santello,receptionist
85-173-9137,Damon Clothier,finance
90-551-5717,Cyrill Bouzek,lawyer
64-887-1661,Margo Brickdale,admin
06-738-7359,Kathy Stansall,admin
25-853-2817,Bentley Altree,receptionist
07-092-5793,Nial Burgum,receptionist
55-101-9949,Marlena Volcker,assistant
33-555-5354,Arvin Mariotte,receptionist
40-151-7203,Lorita Onele,assistant
01-545-9321,Lowell Bear,assistant
94-394-6652,Shalom Brahan,finance
49-759-6317,Marney Gerdts,admin
40-330-8231,Terry Ceresa,lawyer
59-643-6084,Christal Fairweather,assistant
83-146-1487,Angus Deener,admin
58-074-2809,Portia Speddin,assistant
68-417-8693,Carce Greswell,admin
16-811-8541,Jeromy Duchatel,finance
27-507-3426,Beryle Dwyr,assistant
36-630-9126,Kev Keming,lawyer
91-842-8466,Stillmann Kimmince,admin
45-205-0706,Charmain Greaves,receptionist
89-457-9982,Madalyn Flaverty,assistant
01-792-2407,Bertie Arter,finance
37-051-1266,Corbie Trimming,assistant
27-509-4912,Bentley Bediss,lawyer
76-450-5259,Rosalyn Furmedge,admin
44-370-2740,Jaquelyn Conneau,assistant
22-813-3404,Garner Oliveto,finance
42-399-3691,Maitilde Hartop,receptionist
23-529-6723,Chicky Sacco,assistant
66-282-9929,Sile Debill,assistant
64-961-9515,Harmonia Pharo,finance
85-693-8662,Saxe Pigram,assistant
55-315-0491,Kial Bulley,receptionist
19-349-9715,Tersina Masterman,admin
49-630-7753,Gaylor Wither,receptionist
89-795-7126,Rafa McLevie,receptionist
66-838-2154,Marcel MacTrustrie,finance
56-639-2549,Stavro Ivashechkin,lawyer
97-674-5604,Gerianna Aulton,admin
72-046-9762,Talya Faltin,assistant
06-883-6234,Kristan Jillis,receptionist
57-274-6223,Fletcher Wetherhead,lawyer
70-730-7390,Missie Graves,finance
03-086-0051,Andrea Bisp,admin
68-945-6448,Waly Hyder,finance
43-817-6728,Emilie Puckey,assistant
80-381-4056,Benita Jeske,assistant
50-139-8524,Victoria Arundel,admin
96-410-1519,Storm Benedtti,receptionist
90-991-0363,Curry McKnockiter,lawyer
33-603-2984,Cassie Patley,receptionist
50-090-4584,Lurleen Pappin,receptionist
56-825-4361,Tildie Aspray,finance
72-957-4858,Maddalena Reiach,assistant
66-190-2831,Iggie Sherringham,assistant
93-992-0517,Tera Foystone,admin
34-355-1098,Egan Gullick,admin
34-056-7659,Upton Ricket,assistant
57-118-2449,Herold Normadell,assistant
26-827-1883,Andi Bocock,lawyer
35-837-0220,Lombard Coghlan,receptionist
61-382-7104,Tammy Sommerling,receptionist
98-079-1623,Loleta Bryce,assistant
27-999-5009,Renelle Labern,finance
75-423-4895,Obediah Macon,admin
94-169-6878,Michaela Martinie,assistant
86-580-0176,Biddy Wyson,lawyer
64-172-1986,Demetri Jacquemy,receptionist
58-171-5274,Belicia Roseman,receptionist
36-528-6712,Cary Shotton,admin
12-899-9661,Augusto Skingley,lawyer
48-987-8783,Moira McCoish,lawyer
00-016-0225,Chrystal Houlison,receptionist
83-132-3715,Ario McCosker,finance
76-597-5364,Joellyn Orrill,admin
94-284-0711,Hedwiga Pestor,admin
96-019-0033,Jaimie Petran,finance
22-374-6462,Gerianna Aulton,assistant
89-999-3330,Shurlocke Archdeckne,lawyer
15-180-1034,Chick Curry,receptionist
64-072-0697,Nicolle Johananov,assistant
79-653-1263,Maryellen Elwyn,receptionist
88-865-1653,Beale Lohoar,lawyer
82-516-3786,Hildagard MacAlister,finance
86-985-1453,Stillmann Kimmince,lawyer
97-571-7803,Alister Hucklesby,admin
08-023-2908,Daffy Rizzo,admin
98-921-7492,Olimpia Dollard,admin
37-213-3577,Benedict Freeman,assistant
90-703-9186,Bonnibelle Greenley,assistant
04-992-0998,Christal Fairweather,lawyer
52-851-4654,Cornie Rodda,assistant
24-078-7379,Sutherland Caplis,assistant
14-612-5239,Rozele Voice,receptionist
27-927-1372,Cal Grimsdith,finance
59-929-4003,Leonhard Dikles,admin
96-396-4469,Mattie McCoid,receptionist
07-091-7609,Aleece Tours,receptionist
25-614-0657,Tomkin Matthisson,admin
16-270-3483,Dreddy Laraway,assistant
60-658-3361,Lilia Teers,finance
11-912-6961,Tracie McQuirk,lawyer
10-641-4731,Raynor Phillis,assistant
78-810-8709,Shandy Waplington,admin
18-648-2836,Deloris Underhill,receptionist
91-154-4352,Steffen L'Episcopi,finance
01-809-7980,Tersina Masterman,finance
42-894-9897,Lizzie Andrelli,receptionist
63-374-7544,Stevena Soldi,finance
04-159-8369,Anselma Peevor,finance
82-741-9647,Aldin Frenzel;,finance
32-053-9774,Audrie Billing,admin
27-981-1733,Welch Huggill,admin
78-860-4766,Phil Chessor,lawyer
56-825-1715,Lenna Camelin,assistant
81-026-5381,Chrissy Gogan,receptionist
68-661-1436,Kennett Skade,admin
54-420-2282,Jere De Dantesie,admin
64-642-3067,Julian Ovett,admin
26-185-1189,Winni Hamlin,assistant
36-777-1328,Lyssa Tantum,receptionist
47-623-9558,Angie Surcomb,admin
13-319-3363,Chuck Cattonnet,lawyer
68-164-2365,Sarette Clouston,assistant
95-228-9417,Gerladina Rops,receptionist
79-670-1212,Tabby Keward,finance
37-836-1131,Cecil Caps,receptionist
54-300-8967,Dana Bumpus,receptionist
19-675-1080,Rik Keerl,finance
31-936-4279,Baryram Tedorenko,admin
90-615-2508,Jewel Lassen,assistant
08-582-3143,Sallyanne Purple,lawyer
79-746-4059,Zuzana Hassan,receptionist
53-904-6920,Pammi Chazotte,lawyer
33-982-7084,Raquela Donson,admin
19-081-9187,Christy Fee,admin
25-429-4935,Krystalle Syrett,receptionist
30-505-5331,Fifine MacRinn,assistant
80-442-8616,Guenna Minchell,admin
30-241-2814,Jere De Dantesie,admin
52-414-1085,Helsa Prall,assistant
89-715-3293,Barbaraanne Labrone,receptionist
83-221-5769,Christy Fee,finance
60-782-6056,Egan Gullick,lawyer
60-422-3090,Kane Gammill,lawyer
40-067-3777,Kalinda Goom,lawyer
91-280-0731,Tyrus Effnert,admin
09-007-1042,Dehlia Claypoole,receptionist
97-001-4862,Missie Graves,finance
03-996-4028,Kelsy Marl,receptionist
99-167-9392,Jessalyn Antognoni,admin
18-001-7464,Florri Wattins,finance
07-897-6384,Charlot MacCallester,finance
66-015-4286,Dreddy Laraway,admin
27-191-8367,Cornie Rodda,assistant
20-154-3397,Conway Parell,finance
62-581-4708,Micheal Allderidge,receptionist
97-763-5296,Carmella Barling,admin
96-543-4187,Aland Camamile,lawyer
27-760-0048,Conn Benettelli,finance
77-024-8194,Tony Cellone,assistant
21-519-8943,Olimpia Dollard,finance
83-450-3814,Phil Searight,finance
44-679-2653,Morlee Kapelhof,admin
19-910-2308,Sadella Jaffra,lawyer
64-544-1660,Maje Waterman,receptionist
86-573-6038,Graig Gravenall,admin
78-495-9200,Zebulen Kepe,finance
79-760-7435,Miran Murtimer,receptionist
88-667-5803,Thibaut Di Roberto,finance
09-554-9360,Steffane Fishly,admin
36-936-3363,Shalom Brahan,receptionist
75-173-1705,Cary Shotton,assistant
63-379-7300,Trudie Cosely,receptionist
82-135-4133,Adelind Graalman,receptionist
45-981-4798,Aland Camamile,assistant
10-152-1916,Gareth McMeyler,finance
30-030-5931,Kalinda Goom,lawyer
36-827-6113,Baryram Tedorenko,receptionist
94-159-8544,Lorrie Abbey,assistant
13-447-8688,Zena Raimbauld,assistant
77-647-2577,Sam Muro,assistant
56-056-3398,Banky Buntain,assistant
76-451-3733,Antonetta Fattori,finance
69-474-5367,Upton Ricket,finance
30-683-8351,Tera Foystone,receptionist
76-430-1926,Libbi Bloxsum,lawyer
95-456-9443,Zsazsa Darrell,finance
81-593-2267,Tersina Masterman,receptionist
93-772-4751,Eolande Allderidge,assistant
20-680-1911,Jayme Sifleet,receptionist
71-864-8623,Augustine Ridd,receptionist
18-115-3200,Dallas Mowsdill,admin
06-793-6293,Harriette Menhenitt,assistant
71-123-0331,Brittany Mantripp,lawyer
64-986-4150,Oswald Sherbrook,finance
99-971-5568,Christabella Irnys,lawyer
18-823-8622,Raine Dermott,admin
52-479-3034,Maynord Maciaszek,receptionist
49-623-0128,Valentin Abadam,receptionist
75-959-4869,Bianka Piola,receptionist
13-913-6292,Raynor Phillis,finance
79-378-3744,Jada Kivlehan,admin
10-556-5757,Pip Satyford,finance
39-740-1137,Gaylor Wither,finance
32-071-4020,Joleen Fleet,lawyer
18-833-5078,Adrianne Rapo,finance
60-787-5268,Nils Gaskill,finance
31-229-1825,Antonetta Fattori,receptionist
82-358-5296,Becki Fleeman,lawyer
56-242-2682,Lyle Shorter,assistant
63-174-6175,Damita Potte,receptionist
43-660-1560,Tamarra Dansie,admin
90-305-7281,Neal Semechik,assistant
12-669-0196,Tamarra Renahan,admin
65-105-7419,Steffane Fishly,assistant
77-739-2614,Sadella Jaffra,assistant
34-879-7449,Jessalyn Antognoni,assistant
38-881-5331,Viki Littlechild,admin
60-730-5097,Minta Collyns,receptionist
48-365-2184,Markus Ikringill,lawyer
86-278-2894,Micheil Lankester,admin
05-104-3968,Chick Curry,finance
08-036-6227,Corene Grinaugh,admin
10-169-4533,Judi Winsper,lawyer
25-840-1174,Carmelia Basilio,finance
24-992-4693,Chicky Sacco,finance
85-899-9135,Joleen Fleet,lawyer
80-516-0711,Cristine Tinan,admin
09-444-9012,Haley Becket,receptionist
62-589-9632,Donnell Pacitti,lawyer
72-489-6254,Yale Darkott,assistant
88-615-2265,Claybourne McCowan,lawyer
98-904-9119,Stavro Ivashechkin,finance
15-179-0419,Livia Ogilby,receptionist
06-189-7390,Mata Cuniffe,lawyer
69-088-3238,Kirstyn Messruther,finance
87-665-3740,Dyna Garrelts,lawyer
12-741-9946,Steffane Fishly,receptionist
35-566-6457,Dyna Garrelts,admin
78-023-2096,Welch Huggill,lawyer
62-152-5495,Joyce Hollows,finance
00-774-4179,Nolly Tourmell,admin
07-909-9659,Sharl Grigaut,lawyer
10-970-3933,Laurena Tassell,finance
21-895-9091,Cecil Caps,finance
69-935-9395,Cleopatra Jikovsky,assistant
11-912-4417,Deloris Underhill,lawyer
62-672-6694,Chrystal Houlison,assistant
33-467-1639,Faye Gueste,admin
57-221-1397,Ruthe Chappel,finance
26-941-8333,Leonelle Zohrer,receptionist
72-340-6787,Peggi Linneman,finance
96-285-7692,Letta Jiricka,admin
84-847-7090,Erinn Galle,assistant
80-202-5089,Nan Egle,finance
74-329-0784,Cassaundra Pidgeley,finance
43-464-9251,Ambrosio Hankins,admin
17-099-4536,Merilyn Finder,assistant
62-856-1435,Celina Jay,admin
58-759-3049,Barton Reede,assistant
13-350-7959,Chrissy Gogan,assistant
11-760-3769,Caril Holyland,assistant
99-395-2765,Muhammad Saines,assistant
09-156-4315,Raine Dermott,finance
48-062-8757,Lynnett O'Leary,admin
85-839-1248,Aleece Tours,finance
77-507-0447,Moira McCoish,admin
66-747-8108,Isac Alderwick,admin
96-337-7952,Barbe Lugton,receptionist
19-213-2274,Kathy Stansall,receptionist
91-995-3512,Sile Debill,lawyer
21-774-1886,Clare Antoniazzi,assistant
64-498-4587,Steffane Fishly,assistant
90-230-3062,Leonelle Zohrer,receptionist
41-137-5505,Cale Clewarth,finance
64-800-7186,Sibel Dobbison,finance
54-077-1710,Jereme Corneljes,assistant
57-897-1598,Electra Tidy,admin
05-344-8853,Ari Limb,receptionist
68-644-6909,Leif Joust,receptionist
84-509-2978,Gelya Nash,admin
38-000-9856,Jedd Orknay,admin
12-740-4654,Herminia Standering,assistant
22-808-2923,Ilsa Franke,finance
15-721-9417,Lemar Hartburn,lawyer
06-558-9577,Sibel Dobbison,receptionist
99-834-2400,Talya Faltin,receptionist
81-719-5455,Ferd Berardt,receptionist
64-489-7049,Ema Box,lawyer
24-429-2938,Amelie Spary,receptionist
22-635-1988,Beatrisa Sandbrook,admin
98-508-6595,Carmelia Basilio,receptionist
40-317-1674,Malvin Bonafacino,lawyer
70-991-0819,Almira Kennifeck,assistant
40-947-3219,Nicolai Kersey,admin
15-308-2048,Melisse Chatto,assistant
43-813-2622,Zelma Duffell,receptionist
55-234-2426,Jerrilee Bergin,admin
31-266-1259,Evered Barnard,receptionist
75-532-8537,Caril Holyland,finance
78-693-1230,Donia Abrahamsson,admin
48-183-3237,Belvia Chartman,finance
74-619-2158,Clem Brockherst,finance
59-256-1631,Muhammad Saines,admin
86-563-4261,Egan Gullick,finance
37-112-3799,Arvin Mariotte,lawyer
69-920-0635,Micheal Allderidge,receptionist
17-818-5172,Griselda Wilflinger,admin
49-619-6006,Corny Keeler,receptionist
04-452-4008,Brennan Skade,lawyer
02-148-9174,Meara MacGaffey,assistant
42-119-9120,Sheilah Brazer,finance
41-174-9305,Julee Powley,assistant
82-775-1963,Kelsy Marl,admin
73-172-5074,Chick Curry,finance
11-035-6206,Vernon Goane,lawyer
54-642-0450,Dione Stuehmeier,finance
35-118-6365,Aland Camamile,assistant
56-851-2655,Tracie Tole,lawyer
83-557-3036,Shirleen Hurler,assistant
94-821-3988,Aguie McCord,admin
90-637-3182,Abba Mateu,assistant
46-878-9985,Welch Huggill,admin
66-338-8007,Gaylor Wither,assistant
92-473-9326,Tristan Stops,lawyer
78-105-6271,Helsa Prall,receptionist
36-613-6706,Sybila Flipek,admin
64-035-7761,Faye Gueste,finance
98-934-9023,Annalise Bear,lawyer
06-333-6930,Terri Brownsworth,assistant
56-850-8358,Boote Galey,finance
83-195-6936,Vita Fussen,receptionist
00-369-1486,Judah Percy,finance
38-334-3362,Eloise McCaughey,lawyer
77-334-6867,Julee Powley,finance
26-041-0305,Lydie Kevern,assistant
98-769-7379,Odella Brothwood,finance
85-284-4515,Marina Januszewski,assistant
81-852-7334,Austen Lenz,receptionist
89-123-6216,Chrystal Houlison,receptionist
60-980-9925,Robbin Wishkar,lawyer
30-440-2506,Damon Clothier,assistant
32-199-6619,Tildie Niesing,lawyer
06-918-8715,Leonore Kelley,finance
74-655-1521,Milton Barosch,lawyer
54-647-2501,Chandal Corbin,assistant
06-148-8082,Catlin Vinten,lawyer
71-881-0054,Dallas Mowsdill,admin
82-788-0445,Oswald Sherbrook,assistant
13-658-0891,Cary Shotton,assistant
75-561-4737,Tessa Dahlbom,lawyer
34-341-5191,Trude Gauntley,receptionist
93-762-0240,Tristan Stops,lawyer
73-608-8064,Shirleen Hurler,lawyer
42-554-0376,Sylvan Houndesome,finance
63-328-9695,Karin Yerrill,admin
71-889-0248,Devonne Vogeller,receptionist
28-439-2912,Britteny Papps,admin
38-493-1381,Debor Ballintime,finance
27-744-8162,Dav Dalgarnowch,finance
95-244-5238,Maddalena Reiach,lawyer
96-839-7362,Gabby Bitcheno,receptionist
81-887-7744,Delbert Winnett,assistant
00-520-1334,Sylvan McConville,receptionist
64-408-2880,Steffen Kipling,receptionist
15-077-8693,Donnie Phare,finance
25-109-1675,Conway Parell,finance
98-669-6309,Ida Lampart,finance
97-543-5732,Boote Galey,lawyer
61-655-8209,Ford Stair,assistant
30-812-8056,Stefania Renault,receptionist
61-244-9898,Kev Keming,lawyer
75-996-3247,Jessalyn Antognoni,lawyer
77-231-1538,Linet Laver,lawyer
86-948-2634,Sadie Yeats,lawyer
75-543-4237,Donnie Phare,receptionist
43-673-9986,Yale Darkott,assistant
96-028-3770,Staffard Burley,admin
16-214-6036,Gareth Mastrantone,lawyer
43-263-9869,Clareta Dibbin,assistant
97-544-2445,Frasquito Maxweell,lawyer
77-852-6754,Archibald Peirazzi,finance
45-081-7461,Bronny Phoebe,admin
28-938-9492,Arte Deeman,admin
24-198-5754,Vanny Fairey,admin
19-051-7156,Chiquita Gooday,assistant
89-998-3973,Corbie Trimming,admin
24-901-7707,Wright Barrack,receptionist
49-737-8925,Bron Simonou,admin
40-142-9568,Merrily Keenleyside,receptionist
30-088-4583,Lorinda Mussolini,receptionist
43-557-0847,Conn Benettelli,receptionist
25-535-0431,Rufe Bucknell,lawyer
31-834-0856,Joleen Fleet,finance
42-077-0685,Blancha Powell,lawyer
28-051-5829,Zollie Bavin,finance
94-831-0141,Bibi Atherley,finance
91-100-2202,Amelie Spary,assistant
19-847-4941,Joelly Eadmeads,admin
94-911-2413,Lira Langhorne,admin
72-551-3099,Arri Kellough,finance
60-264-2205,Linet Laver,admin
20-724-0701,Graig Gravenall,admin
85-028-2198,Blaire Seagar,assistant
57-727-6036,Barbaraanne Labrone,receptionist
24-374-0519,Nial Burgum,finance
99-981-1446,Jeanna Winters,receptionist
99-243-8768,Benji Willans,lawyer
64-651-9397,Cele Addyman,assistant
07-700-7892,Aleece Tours,lawyer
35-105-1649,Dana Claremont,lawyer
68-238-8745,Karin Yerrill,lawyer
96-349-4292,Maury Hayes,lawyer
81-816-7952,Stephen Terbeck,lawyer
74-327-6976,Phil Searight,lawyer
92-280-7180,Zollie Bavin,assistant
88-688-7746,Cyrillus Prene,assistant
86-923-3401,Thibaut Di Roberto,assistant
21-036-7722,Starlene Hedau,lawyer
18-669-0428,Vern Badgers,lawyer
03-733-0388,Georgie Corneljes,finance
06-065-8944,Jacquetta Lumm,finance
17-317-3296,Randa Rennocks,assistant
33-699-3009,Verena Eatherton,finance
60-212-5233,Erminie Whiteley,assistant
69-694-2640,Tammy Sommerling,finance
57-392-0259,Marney Gerdts,finance
47-895-5669,Conway Parell,admin
60-856-2201,Leif Joust,finance
03-579-0226,Devonne Vogeller,assistant
82-192-9920,Ibbie Mowle,assistant
32-307-6613,Nicol Buy,finance
84-826-9798,Welch Huggill,admin
70-908-7066,Regan Housecraft,lawyer
67-155-7261,Nickie Kinchin,assistant
47-020-6107,Ediva Willsmore,assistant
01-762-7748,Theodoric Bealton,assistant
97-603-2685,Freddi Baldacco,lawyer
94-544-7809,Debra Matyukon,admin
58-157-1722,Bell Rackley,assistant
22-113-9520,Steffane Fishly,finance
84-594-8640,Bryan Jenks,finance
85-918-5477,Marsiella Ianelli,lawyer
07-859-5041,Patrice Vause,finance
02-822-9580,Alidia Storrock,finance
50-210-4043,Marchelle Aries,assistant
51-555-1156,Aldis Pether,assistant
78-769-1351,Leonore Kelley,finance
39-087-3176,Jacquenetta Le Houx,admin
79-244-3974,Gerri Disdel,admin
15-392-3195,Cobby Burkart,finance
54-961-9499,Vasilis Edscer,admin
26-150-8312,Romain Humm,lawyer
64-769-5798,Arel Bartolomeo,assistant
37-969-1609,Adrianne Rapo,assistant
81-100-2137,Abe De Domenici,receptionist
14-763-1022,Stephana Beaston,receptionist
29-694-8672,Jessalyn Antognoni,assistant
88-578-6559,Romona Normanell,lawyer
97-048-9800,Maje Waterman,finance
80-798-5542,Benji Willans,lawyer
91-649-6551,Bronny Phoebe,receptionist
09-604-6324,Jada Kivlehan,finance
25-883-4542,Sadella Jaffra,admin
99-845-6975,Ted Loughlin,finance
78-461-8039,Jasen Astley,lawyer
38-151-4722,Isabel de Quesne,receptionist
18-765-4110,Fifine MacRinn,finance
26-883-0156,Dynah Sail,lawyer
11-875-4193,Freddi Baldacco,finance
44-466-8268,Roobbie Keyson,assistant
88-422-6668,Lowell Bear,assistant
15-704-2608,Cordula Eastlake,receptionist
25-221-1584,Anstice Fulun,finance
27-792-4281,Stephie Brannan,admin
43-811-3009,Martie Bock,receptionist
92-691-7909,Melva Boys,lawyer
14-526-1587,Stefania Renault,lawyer
84-083-9918,Beatrisa Sandbrook,assistant
