document_id,matter_id,document_type,received_at,received_via,is_required,is_missing
273-54-2067,798,contract,11/22/27,email456,TRUE,TRUE
116-81-6576,307,correspondence,6/27/24,emailDEF,TRUE,TRUE
895-81-3837,502,power_of_attorney,12/28/21,whatsapp789,TRUE,TRUE
376-85-0704,150,court_filing,4/23/27,phone456,TRUE,TRUE
151-24-3719,111,evidence,10/25/26,email456,TRUE,TRUE
652-59-7797,579,invoice,2/29/28,whatsapp123,FALSE,FALSE
560-41-8011,977,court_filing,1/3/23,phone456,TRUE,FALSE
515-45-4094,895,correspondence,5/1/26,email123,FALSE,FALSE
202-01-5652,618,invoice,3/27/20,whatsappABC,TRUE,TRUE
744-34-1428,950,correspondence,12/7/24,whatsapp789,FALSE,FALSE
398-53-0196,136,invoice,4/9/26,whatsappABC,TRUE,TRUE
410-86-0703,811,passport_copy,9/4/25,phone789,TRUE,TRUE
272-58-3140,452,invoice,3/5/24,email456,FALSE,TRUE
247-52-1911,977,passport_copy,6/26/24,phone456,TRUE,TRUE
461-19-1359,378,evidence,6/10/26,whatsapp789,TRUE,FALSE
248-49-1032,321,evidence,7/25/25,emailDEF,FALSE,TRUE
846-43-4980,201,correspondence,3/10/26,whatsappABC,TRUE,TRUE
416-22-7418,550,correspondence,3/28/25,email456,FALSE,TRUE
648-45-7025,731,evidence,6/13/20,phone456,TRUE,TRUE
731-32-5181,425,power_of_attorney,4/20/29,emailDEF,FALSE,FALSE
144-81-7722,681,passport_copy,6/27/20,phone789,TRUE,FALSE
787-83-0579,272,evidence,1/21/23,phone456,TRUE,FALSE
465-32-4446,108,invoice,12/16/26,whatsappABC,FALSE,FALSE
871-13-3423,217,power_of_attorney,6/23/22,phone789,FALSE,TRUE
776-75-8988,427,correspondence,6/20/27,phoneGHI,FALSE,FALSE
866-12-1580,184,passport_copy,5/4/25,whatsapp789,TRUE,TRUE
437-97-8182,915,invoice,5/8/26,whatsappABC,FALSE,FALSE
312-18-9206,453,correspondence,6/8/24,whatsappXYZ,FALSE,FALSE
605-34-0901,897,evidence,2/18/20,phone456,TRUE,TRUE
377-69-9311,507,passport_copy,4/18/26,emailDEF,TRUE,TRUE
876-56-9339,396,invoice,8/22/23,phoneGHI,TRUE,FALSE
890-18-5113,694,court_filing,8/26/28,whatsappXYZ,FALSE,FALSE
725-92-7374,987,evidence,11/7/29,whatsapp789,TRUE,TRUE
747-44-4496,501,invoice,10/8/24,whatsappXYZ,TRUE,TRUE
571-79-2579,480,passport_copy,1/21/22,whatsapp789,FALSE,FALSE
476-36-7469,302,correspondence,5/22/25,phoneGHI,FALSE,TRUE
608-05-4808,378,contract,7/4/26,whatsapp789,FALSE,FALSE
427-54-1776,388,contract,1/22/23,emailDEF,FALSE,FALSE
146-57-5825,112,court_filing,11/12/21,phoneGHI,TRUE,FALSE
860-28-2576,489,passport_copy,8/3/23,whatsappABC,FALSE,FALSE
751-24-8821,702,power_of_attorney,5/13/27,phone789,TRUE,FALSE
620-58-9653,985,court_filing,3/31/23,whatsapp789,FALSE,TRUE
819-64-0277,147,contract,11/5/27,phone456,TRUE,TRUE
465-32-4446,634,invoice,6/23/21,emailDEF,TRUE,FALSE
799-02-2405,681,power_of_attorney,2/25/29,phone789,FALSE,FALSE
304-53-5467,761,invoice,1/8/24,whatsappABC,FALSE,TRUE
247-18-2218,862,court_filing,9/13/26,whatsapp789,FALSE,FALSE
498-13-9477,453,passport_copy,3/26/20,whatsappXYZ,TRUE,TRUE
806-68-4278,764,power_of_attorney,1/27/26,whatsapp789,FALSE,TRUE
699-96-1393,305,passport_copy,3/24/22,emailDEF,TRUE,FALSE
602-30-0472,384,evidence,7/7/24,phone456,FALSE,TRUE
314-45-3113,800,passport_copy,7/7/27,phone789,FALSE,TRUE
223-59-3039,685,contract,7/30/21,phone456,FALSE,TRUE
358-82-8989,575,court_filing,5/18/27,phoneGHI,FALSE,FALSE
714-96-1996,472,court_filing,1/26/23,email123,TRUE,FALSE
263-90-0559,636,invoice,3/30/20,whatsapp789,FALSE,FALSE
122-24-8710,834,correspondence,7/31/29,email123,FALSE,TRUE
264-96-9525,270,passport_copy,2/23/28,phone456,FALSE,FALSE
612-35-0746,447,court_filing,3/5/23,emailDEF,FALSE,FALSE
289-38-7887,157,contract,6/5/22,emailDEF,TRUE,TRUE
248-49-1032,978,evidence,3/13/26,phoneGHI,FALSE,FALSE
880-90-6390,142,correspondence,8/21/24,phone456,TRUE,FALSE
524-47-9184,880,invoice,9/21/23,whatsappABC,FALSE,TRUE
109-84-0934,688,correspondence,4/27/29,whatsapp789,TRUE,TRUE
589-05-3493,74,court_filing,6/27/24,phone456,TRUE,TRUE
134-79-4600,396,invoice,3/25/26,phoneGHI,TRUE,TRUE
691-25-6938,242,contract,3/4/28,whatsappXYZ,FALSE,TRUE
622-42-2088,793,invoice,3/9/27,emailDEF,TRUE,TRUE
128-94-7136,797,evidence,5/6/29,whatsapp123,FALSE,TRUE
347-14-6144,232,invoice,8/9/29,email123,FALSE,TRUE
502-21-2549,354,evidence,10/26/20,email123,TRUE,FALSE
209-41-1705,399,evidence,6/11/26,phoneGHI,FALSE,FALSE
570-14-9890,67,correspondence,7/4/23,whatsappABC,FALSE,TRUE
659-65-4864,183,court_filing,1/31/29,phoneGHI,TRUE,FALSE
402-07-9400,483,correspondence,10/5/23,phone456,TRUE,FALSE
686-52-6025,604,correspondence,5/10/20,whatsapp123,TRUE,TRUE
208-62-9097,520,invoice,1/29/20,emailDEF,TRUE,FALSE
884-25-7279,406,power_of_attorney,10/18/27,phone456,TRUE,FALSE
132-77-5150,592,court_filing,9/11/26,whatsappXYZ,TRUE,FALSE
289-38-7887,300,passport_copy,2/23/25,whatsapp789,TRUE,FALSE
833-47-4203,928,invoice,12/6/22,email123,TRUE,TRUE
758-51-4085,863,contract,7/17/21,whatsapp123,FALSE,TRUE
719-50-1812,788,invoice,12/8/27,emailDEF,TRUE,TRUE
671-40-5871,114,court_filing,4/27/26,email456,FALSE,FALSE
171-37-3076,632,passport_copy,9/30/27,phone789,TRUE,TRUE
267-69-2971,50,invoice,8/11/22,phone789,TRUE,FALSE
693-61-1439,924,evidence,11/14/21,phone456,FALSE,FALSE
448-55-0465,408,contract,7/31/21,whatsapp123,TRUE,TRUE
716-97-9540,206,invoice,4/1/25,email123,FALSE,TRUE
166-27-9511,797,power_of_attorney,5/10/24,whatsapp123,FALSE,TRUE
340-50-6596,213,invoice,1/11/24,email456,FALSE,TRUE
464-03-6000,312,contract,1/24/25,phone789,TRUE,FALSE
641-07-9177,849,court_filing,3/26/28,email456,FALSE,FALSE
809-10-7442,952,correspondence,12/28/25,whatsapp789,FALSE,FALSE
140-05-5918,482,court_filing,12/21/28,emailDEF,TRUE,TRUE
486-73-0128,611,correspondence,11/16/21,whatsappABC,FALSE,FALSE
768-32-4356,626,contract,4/15/25,whatsappABC,FALSE,FALSE
222-37-5308,848,correspondence,8/16/27,whatsappXYZ,TRUE,TRUE
819-30-9179,389,correspondence,4/23/27,whatsapp123,TRUE,TRUE
468-93-1807,73,correspondence,5/28/23,whatsapp789,TRUE,FALSE
829-34-4443,880,contract,5/10/21,whatsappABC,TRUE,FALSE
395-13-7055,355,invoice,12/3/27,emailDEF,FALSE,TRUE
109-28-9934,885,correspondence,4/21/20,phone456,TRUE,FALSE
441-52-8841,334,contract,7/20/28,whatsapp789,FALSE,FALSE
781-01-1656,835,contract,5/10/25,emailDEF,TRUE,FALSE
133-51-2132,842,court_filing,7/28/22,whatsapp789,TRUE,TRUE
344-15-2717,385,invoice,3/22/26,emailDEF,TRUE,TRUE
533-48-9413,674,passport_copy,6/7/23,emailDEF,TRUE,FALSE
759-64-9769,826,passport_copy,9/29/22,phone789,TRUE,FALSE
525-16-7771,441,invoice,11/12/27,whatsappABC,TRUE,FALSE
576-58-8541,966,evidence,2/1/28,whatsapp789,FALSE,TRUE
606-07-7444,555,power_of_attorney,1/2/21,whatsapp789,TRUE,FALSE
114-54-7562,444,evidence,12/12/27,whatsapp123,FALSE,TRUE
866-08-2679,847,passport_copy,1/12/25,email123,FALSE,FALSE
577-79-8555,303,correspondence,7/16/29,emailDEF,FALSE,FALSE
410-86-0703,592,power_of_attorney,11/25/20,whatsappXYZ,FALSE,TRUE
180-61-2777,592,power_of_attorney,5/9/23,whatsappXYZ,FALSE,FALSE
586-16-0581,656,court_filing,9/15/21,email456,FALSE,TRUE
659-65-4864,947,invoice,9/5/25,whatsappXYZ,TRUE,FALSE
119-99-1828,839,contract,5/29/21,email123,TRUE,TRUE
704-80-5747,47,passport_copy,6/18/24,emailDEF,FALSE,TRUE
814-01-7783,874,court_filing,7/27/29,whatsappXYZ,FALSE,TRUE
318-37-2947,231,passport_copy,7/9/26,phone789,TRUE,TRUE
600-71-5384,589,invoice,12/15/23,emailDEF,FALSE,TRUE
829-18-7355,417,correspondence,8/3/24,whatsappXYZ,FALSE,FALSE
139-26-3961,161,evidence,9/25/27,phoneGHI,TRUE,FALSE
854-38-6343,897,invoice,7/11/29,phone456,TRUE,TRUE
210-57-8590,311,correspondence,3/9/26,emailDEF,TRUE,TRUE
798-14-9647,541,power_of_attorney,8/29/23,phoneGHI,FALSE,FALSE
855-68-5642,441,invoice,12/26/24,whatsappABC,FALSE,TRUE
393-52-1229,250,court_filing,6/18/21,phone789,FALSE,TRUE
597-66-9529,429,power_of_attorney,1/19/20,whatsapp789,FALSE,TRUE
473-36-9995,87,invoice,5/25/29,whatsappABC,TRUE,FALSE
588-38-3797,612,contract,6/17/25,emailDEF,TRUE,FALSE
427-54-1776,120,invoice,6/4/28,phoneGHI,TRUE,FALSE
312-60-5062,371,contract,3/31/23,whatsapp123,FALSE,FALSE
287-29-2399,355,contract,8/20/25,emailDEF,TRUE,FALSE
162-11-5562,24,contract,11/18/21,emailDEF,TRUE,FALSE
427-43-6978,971,evidence,8/30/21,phone789,TRUE,TRUE
180-61-2777,946,passport_copy,11/29/26,whatsapp789,TRUE,TRUE
468-51-8968,743,evidence,9/3/28,emailDEF,FALSE,FALSE
713-51-6911,263,court_filing,5/5/24,phoneGHI,TRUE,FALSE
200-52-0148,865,passport_copy,6/10/21,phone789,TRUE,TRUE
569-22-4227,846,court_filing,9/17/27,phone789,TRUE,FALSE
863-72-0215,510,correspondence,3/19/27,phone789,FALSE,TRUE
811-57-9547,738,passport_copy,6/19/21,email123,FALSE,TRUE
116-76-6708,302,power_of_attorney,11/7/28,phoneGHI,FALSE,TRUE
738-70-9740,907,evidence,7/22/28,email123,TRUE,TRUE
107-10-4542,509,passport_copy,12/15/27,phone789,FALSE,TRUE
263-90-0559,607,correspondence,6/27/24,email456,FALSE,TRUE
339-75-5093,516,court_filing,12/16/29,phone789,TRUE,TRUE
235-60-6064,248,power_of_attorney,5/15/20,whatsappXYZ,FALSE,FALSE
543-96-0259,650,evidence,11/3/28,phoneGHI,FALSE,TRUE
267-54-5094,546,correspondence,10/27/22,whatsappABC,TRUE,TRUE
620-58-9653,985,power_of_attorney,1/10/24,whatsapp789,FALSE,FALSE
823-25-7622,729,passport_copy,11/22/23,phone789,TRUE,TRUE
360-56-4621,585,correspondence,3/24/22,phone789,TRUE,FALSE
245-18-4739,291,correspondence,9/3/20,whatsappABC,TRUE,TRUE
775-52-4460,992,correspondence,8/19/28,email456,FALSE,FALSE
455-30-0280,174,evidence,5/29/21,phone456,FALSE,TRUE
227-02-0599,474,evidence,11/14/28,emailDEF,TRUE,FALSE
277-72-9416,334,correspondence,5/8/29,whatsapp789,TRUE,FALSE
290-58-2274,674,court_filing,12/28/22,emailDEF,TRUE,TRUE
235-41-2428,256,passport_copy,12/8/23,phoneGHI,FALSE,FALSE
686-77-3617,766,correspondence,2/22/21,phoneGHI,FALSE,FALSE
880-90-6390,17,court_filing,9/5/25,whatsappXYZ,FALSE,FALSE
555-48-3768,916,correspondence,4/19/25,email123,FALSE,TRUE
305-74-3972,881,evidence,11/23/24,whatsapp123,TRUE,FALSE
116-71-1746,254,power_of_attorney,11/15/20,whatsappXYZ,TRUE,FALSE
808-72-6496,691,court_filing,2/4/27,emailDEF,FALSE,FALSE
139-26-3961,809,evidence,10/14/28,whatsappABC,FALSE,TRUE
288-69-4771,510,power_of_attorney,12/11/27,phone789,TRUE,TRUE
108-34-2185,249,evidence,4/8/29,whatsapp789,TRUE,TRUE
588-38-3797,535,power_of_attorney,2/11/23,whatsappABC,TRUE,TRUE
357-63-6582,775,contract,1/29/21,whatsapp123,FALSE,FALSE
278-26-9912,548,invoice,4/17/29,whatsappXYZ,FALSE,FALSE
565-92-2500,143,passport_copy,8/20/27,email123,FALSE,TRUE
357-69-9503,79,contract,8/14/23,whatsappXYZ,TRUE,FALSE
157-28-9201,370,invoice,4/18/24,phone789,TRUE,FALSE
831-96-5109,968,power_of_attorney,3/22/20,whatsappXYZ,FALSE,TRUE
384-52-0649,116,invoice,1/11/20,whatsapp123,TRUE,TRUE
508-74-7423,507,contract,9/6/20,emailDEF,FALSE,FALSE
608-87-6648,833,correspondence,11/5/20,whatsapp123,TRUE,FALSE
357-69-9503,49,evidence,1/22/25,phone789,FALSE,TRUE
146-20-0856,873,evidence,5/26/22,whatsappABC,FALSE,FALSE
442-86-0543,265,passport_copy,6/10/23,phoneGHI,TRUE,TRUE
146-20-0856,199,power_of_attorney,5/22/22,whatsappABC,TRUE,FALSE
602-27-8253,76,power_of_attorney,10/9/24,whatsapp123,TRUE,FALSE
330-09-6166,193,contract,7/28/20,whatsapp123,FALSE,TRUE
105-11-2373,233,contract,9/1/25,emailDEF,TRUE,TRUE
295-29-6083,999,passport_copy,9/13/24,phoneGHI,FALSE,TRUE
168-64-8307,56,court_filing,12/4/29,whatsapp123,TRUE,FALSE
513-18-3193,169,power_of_attorney,3/11/20,email123,TRUE,FALSE
565-92-2500,287,contract,8/28/25,whatsappABC,TRUE,TRUE
146-20-0856,924,invoice,2/17/22,phone456,TRUE,FALSE
334-40-3531,221,correspondence,11/23/22,whatsapp789,FALSE,TRUE
596-04-4735,122,contract,5/25/29,whatsapp123,TRUE,FALSE
777-20-9399,512,contract,4/23/26,whatsappXYZ,FALSE,FALSE
501-32-1215,96,contract,5/3/23,whatsapp123,FALSE,TRUE
153-92-3179,759,passport_copy,2/9/25,whatsapp789,FALSE,FALSE
639-25-8433,193,contract,9/5/29,whatsapp123,FALSE,TRUE
821-30-7446,176,correspondence,2/1/23,whatsappXYZ,TRUE,FALSE
791-46-2851,684,evidence,7/20/23,email456,TRUE,TRUE
686-77-3617,786,court_filing,6/19/21,email123,TRUE,FALSE
168-88-3139,489,power_of_attorney,10/6/25,whatsappABC,TRUE,FALSE
481-44-8467,429,invoice,9/27/21,whatsapp789,TRUE,FALSE
339-75-5093,715,passport_copy,3/9/20,phoneGHI,FALSE,TRUE
873-53-3294,963,court_filing,6/10/27,phoneGHI,FALSE,TRUE
704-06-5657,888,evidence,6/25/23,phone456,TRUE,FALSE
137-13-5127,448,contract,3/2/23,whatsapp789,TRUE,FALSE
780-75-9943,895,evidence,4/19/29,email123,FALSE,TRUE
763-05-0889,596,contract,2/15/25,phone456,FALSE,TRUE
586-16-0581,162,invoice,3/20/23,email456,FALSE,TRUE
780-18-4203,278,invoice,3/29/22,emailDEF,FALSE,TRUE
158-01-1417,935,passport_copy,10/2/26,phone789,TRUE,FALSE
444-20-4456,892,power_of_attorney,12/24/29,phoneGHI,TRUE,FALSE
602-47-0147,381,invoice,1/14/23,whatsappABC,FALSE,TRUE
865-36-5376,246,power_of_attorney,10/27/27,whatsappXYZ,FALSE,TRUE
867-62-8862,121,power_of_attorney,8/12/27,whatsappXYZ,TRUE,FALSE
658-26-8420,719,passport_copy,4/12/27,phoneGHI,TRUE,TRUE
178-10-1042,558,passport_copy,8/10/21,whatsappABC,FALSE,FALSE
781-82-4022,659,power_of_attorney,11/17/29,emailDEF,FALSE,FALSE
175-30-5365,191,correspondence,1/21/29,email456,TRUE,FALSE
468-51-8968,125,passport_copy,8/31/20,phoneGHI,FALSE,TRUE
425-66-6575,465,invoice,9/16/22,whatsappABC,FALSE,TRUE
845-69-2258,927,evidence,9/15/29,email456,FALSE,TRUE
545-87-6265,776,evidence,2/20/28,email123,TRUE,FALSE
182-12-6292,578,passport_copy,5/22/20,whatsapp789,TRUE,TRUE
398-08-4355,748,correspondence,7/19/22,whatsappABC,FALSE,TRUE
617-11-6752,439,invoice,2/19/26,whatsapp123,FALSE,TRUE
202-05-9687,25,evidence,3/10/24,email456,FALSE,FALSE
810-82-8272,882,contract,12/25/26,whatsapp789,FALSE,TRUE
702-85-8819,333,correspondence,5/22/28,phone789,TRUE,FALSE
113-98-6336,565,passport_copy,7/9/22,email456,FALSE,FALSE
527-16-9550,941,evidence,5/18/28,email123,TRUE,TRUE
623-39-5711,549,court_filing,3/25/22,emailDEF,TRUE,TRUE
545-87-6265,86,court_filing,4/1/27,phoneGHI,TRUE,FALSE
116-50-9596,577,contract,7/6/23,phoneGHI,TRUE,TRUE
306-99-4604,826,passport_copy,1/21/20,phone789,TRUE,TRUE
826-14-2292,998,correspondence,12/8/28,emailDEF,TRUE,TRUE
540-83-3338,106,court_filing,1/28/29,email123,FALSE,FALSE
456-54-5682,208,court_filing,5/1/20,whatsapp789,TRUE,TRUE
676-99-9502,529,invoice,8/3/28,whatsappABC,FALSE,TRUE
796-17-5430,41,passport_copy,10/23/22,email456,FALSE,FALSE
384-52-0649,781,evidence,7/27/25,phone789,TRUE,TRUE
798-14-9647,55,passport_copy,8/29/23,phoneGHI,FALSE,TRUE
568-24-3899,93,evidence,9/1/23,whatsappXYZ,TRUE,TRUE
537-53-5541,926,invoice,10/19/27,phoneGHI,FALSE,TRUE
208-62-9097,825,passport_copy,9/21/20,phone456,TRUE,TRUE
200-52-0148,263,invoice,11/17/28,phoneGHI,TRUE,FALSE
606-07-7444,202,evidence,4/26/25,whatsappXYZ,FALSE,TRUE
540-75-2070,584,correspondence,10/9/25,whatsapp789,FALSE,TRUE
220-31-5486,868,evidence,9/2/21,whatsapp123,FALSE,TRUE
584-75-8671,845,correspondence,1/2/27,whatsappXYZ,TRUE,FALSE
809-06-8125,189,evidence,4/21/21,email456,FALSE,FALSE
565-92-2500,467,power_of_attorney,6/29/23,whatsapp789,FALSE,TRUE
450-35-4504,729,correspondence,2/29/28,phone789,TRUE,TRUE
753-66-1626,893,contract,1/16/22,phone456,FALSE,TRUE
260-50-3908,227,contract,4/16/28,whatsappABC,FALSE,FALSE
781-28-3443,790,contract,9/1/29,whatsappXYZ,TRUE,TRUE
468-51-2991,586,correspondence,5/31/26,whatsappABC,TRUE,TRUE
648-14-5319,344,court_filing,12/15/26,whatsapp123,TRUE,FALSE
445-09-8187,979,evidence,3/27/23,whatsappABC,FALSE,TRUE
826-01-1141,706,invoice,8/13/29,whatsappXYZ,FALSE,FALSE
880-90-6390,86,court_filing,7/19/23,phoneGHI,FALSE,FALSE
624-90-8259,685,correspondence,5/18/24,phone456,FALSE,TRUE
796-17-5430,15,evidence,2/7/27,emailDEF,TRUE,FALSE
829-34-4443,466,power_of_attorney,10/16/26,whatsapp789,FALSE,FALSE
470-21-1943,771,court_filing,11/16/22,email123,FALSE,TRUE
775-52-4460,845,invoice,1/16/23,whatsappXYZ,FALSE,TRUE
524-70-6548,147,power_of_attorney,3/3/24,phone456,TRUE,FALSE
118-29-3351,637,correspondence,8/26/29,whatsappXYZ,TRUE,FALSE
124-46-1848,357,evidence,5/15/29,whatsappXYZ,TRUE,FALSE
632-76-0930,67,correspondence,2/12/22,whatsappABC,TRUE,FALSE
623-29-0672,275,contract,11/29/26,email456,FALSE,FALSE
424-68-7248,209,court_filing,11/28/21,whatsappABC,TRUE,TRUE
146-86-2592,817,passport_copy,10/18/28,email456,FALSE,TRUE
215-41-2442,764,passport_copy,12/28/27,whatsapp789,TRUE,FALSE
106-59-6313,30,evidence,8/5/20,email123,TRUE,TRUE
227-03-8364,969,contract,9/1/25,phone789,FALSE,FALSE
226-14-4845,588,contract,6/24/23,whatsapp123,TRUE,FALSE
201-40-5044,625,evidence,12/13/20,email123,TRUE,FALSE
455-30-0280,256,contract,3/13/20,phoneGHI,FALSE,TRUE
520-19-7861,840,correspondence,1/31/22,email456,TRUE,FALSE
648-45-7025,803,correspondence,1/25/25,emailDEF,TRUE,FALSE
452-85-0203,925,power_of_attorney,1/9/22,phone789,TRUE,TRUE
477-75-0164,813,court_filing,3/9/20,emailDEF,TRUE,FALSE
791-46-2851,404,evidence,10/21/23,whatsapp123,TRUE,TRUE
747-50-6353,340,passport_copy,10/9/20,whatsappXYZ,FALSE,FALSE
814-01-7783,402,evidence,1/30/27,whatsappXYZ,TRUE,TRUE
586-27-4133,521,contract,8/11/23,whatsapp123,FALSE,FALSE
347-14-6144,349,invoice,5/20/27,email456,FALSE,FALSE
701-16-4585,848,contract,5/11/21,whatsappXYZ,TRUE,TRUE
498-86-4081,738,court_filing,12/19/21,email123,FALSE,FALSE
224-79-5198,292,court_filing,1/6/29,emailDEF,TRUE,FALSE
699-27-9933,794,invoice,12/16/29,email123,FALSE,FALSE
670-69-7199,735,contract,12/13/23,whatsapp123,TRUE,TRUE
786-74-5048,203,evidence,5/9/24,whatsappXYZ,FALSE,FALSE
583-16-9668,105,passport_copy,7/13/22,whatsappXYZ,FALSE,FALSE
401-07-7596,664,correspondence,4/22/26,emailDEF,TRUE,TRUE
305-74-3972,558,evidence,12/25/21,whatsappABC,TRUE,FALSE
794-94-3206,613,passport_copy,8/1/25,whatsapp123,TRUE,FALSE
542-54-7546,319,power_of_attorney,6/5/27,emailDEF,TRUE,TRUE
202-05-9687,776,evidence,7/25/26,email123,FALSE,FALSE
334-26-1028,536,evidence,6/24/28,phone789,TRUE,TRUE
564-68-2432,105,correspondence,9/21/23,whatsappXYZ,FALSE,FALSE
227-22-7917,860,evidence,8/16/29,phone789,TRUE,FALSE
224-79-5198,164,correspondence,9/10/20,phoneGHI,FALSE,FALSE
230-05-9855,841,power_of_attorney,4/12/20,email456,TRUE,TRUE
545-97-1908,191,power_of_attorney,4/23/28,email456,TRUE,TRUE
487-12-4349,326,invoice,1/1/23,phone456,FALSE,FALSE
265-04-7814,581,power_of_attorney,7/22/24,whatsapp789,TRUE,FALSE
608-85-8748,153,evidence,3/24/20,phoneGHI,TRUE,FALSE
340-34-8662,398,passport_copy,9/21/25,email123,TRUE,TRUE
407-84-0757,606,evidence,5/24/21,email123,TRUE,TRUE
297-77-1522,263,contract,7/18/27,phoneGHI,TRUE,FALSE
640-24-0743,304,power_of_attorney,9/25/27,email456,FALSE,TRUE
456-58-4252,554,evidence,2/1/25,email123,TRUE,TRUE
693-61-1439,530,evidence,12/2/26,email123,FALSE,TRUE
564-85-9094,853,correspondence,4/13/24,phone789,FALSE,FALSE
525-75-4217,945,power_of_attorney,8/7/21,email456,TRUE,TRUE
537-85-3583,884,invoice,7/1/29,whatsappXYZ,TRUE,FALSE
102-62-3247,48,power_of_attorney,7/16/27,whatsappXYZ,FALSE,FALSE
699-96-1393,986,court_filing,10/28/24,whatsapp123,FALSE,FALSE
690-50-2451,510,power_of_attorney,10/19/29,phone789,TRUE,TRUE
424-68-7248,832,contract,3/18/23,phone456,TRUE,TRUE
747-38-8523,224,correspondence,1/4/28,emailDEF,TRUE,FALSE
305-74-3972,513,evidence,5/22/27,phone456,FALSE,FALSE
499-80-1093,799,court_filing,5/18/21,phoneGHI,FALSE,FALSE
441-52-8841,932,evidence,4/19/20,email123,TRUE,FALSE
297-77-1522,182,power_of_attorney,7/10/23,whatsappXYZ,FALSE,TRUE
781-01-1656,36,invoice,11/18/20,phone456,FALSE,FALSE
183-29-4440,737,power_of_attorney,1/1/28,email456,FALSE,FALSE
663-69-4069,24,power_of_attorney,6/21/23,emailDEF,FALSE,TRUE
628-93-2051,744,passport_copy,10/19/28,email123,FALSE,FALSE
282-76-0431,610,correspondence,5/12/29,phone789,TRUE,TRUE
357-63-6582,199,evidence,9/12/28,whatsappABC,FALSE,FALSE
844-20-6464,614,passport_copy,4/4/28,whatsappABC,FALSE,FALSE
230-05-9855,849,passport_copy,2/2/25,email456,FALSE,TRUE
265-36-3652,94,court_filing,9/30/22,emailDEF,FALSE,TRUE
728-26-7685,96,invoice,10/26/29,whatsapp123,FALSE,FALSE
119-99-1828,521,passport_copy,1/29/26,whatsapp123,TRUE,TRUE
399-30-5135,975,contract,2/27/28,email123,FALSE,TRUE
331-01-2320,948,contract,1/30/27,emailDEF,TRUE,TRUE
600-77-4492,847,contract,2/3/28,email123,FALSE,FALSE
674-98-6544,318,invoice,1/22/24,phoneGHI,TRUE,FALSE
811-88-6014,724,contract,1/19/25,whatsappABC,TRUE,TRUE
531-82-0974,79,correspondence,10/20/25,whatsappXYZ,TRUE,FALSE
622-42-2088,926,passport_copy,10/2/29,phoneGHI,FALSE,TRUE
814-32-7884,919,power_of_attorney,2/13/21,whatsappXYZ,TRUE,FALSE
582-89-3957,748,correspondence,11/26/26,whatsappABC,FALSE,TRUE
623-39-5711,422,court_filing,1/3/24,phone789,TRUE,FALSE
659-65-4864,830,invoice,9/29/21,email456,FALSE,FALSE
539-39-0084,595,evidence,4/23/26,whatsappXYZ,FALSE,TRUE
410-86-0703,721,correspondence,11/26/23,whatsapp789,FALSE,FALSE
152-93-9172,558,contract,5/28/22,whatsappABC,TRUE,TRUE
107-10-4542,210,contract,2/2/29,whatsapp123,TRUE,TRUE
380-93-5110,80,contract,7/1/29,whatsappABC,TRUE,FALSE
292-78-0168,229,evidence,11/26/28,email123,FALSE,TRUE
417-72-4477,156,contract,1/14/25,email456,FALSE,TRUE
264-96-9525,829,correspondence,9/24/23,whatsapp789,TRUE,FALSE
337-96-1117,938,invoice,7/2/26,phone456,FALSE,FALSE
525-16-7771,625,correspondence,7/24/25,email123,FALSE,FALSE
378-98-4465,685,court_filing,6/4/28,phone456,TRUE,FALSE
418-39-2879,983,passport_copy,2/25/28,whatsapp789,FALSE,FALSE
154-81-7431,963,correspondence,6/21/28,phoneGHI,TRUE,FALSE
582-89-3957,139,power_of_attorney,3/21/28,emailDEF,TRUE,TRUE
814-01-7783,586,invoice,11/20/23,whatsappABC,TRUE,TRUE
343-01-1938,466,passport_copy,7/20/21,whatsapp789,TRUE,FALSE
798-14-9647,880,power_of_attorney,10/13/23,whatsappABC,FALSE,TRUE
649-23-6150,298,court_filing,6/23/23,whatsapp789,TRUE,TRUE
646-77-9132,845,passport_copy,9/4/24,whatsappXYZ,FALSE,TRUE
468-51-8968,209,contract,6/22/25,whatsappABC,TRUE,TRUE
691-47-3408,101,evidence,7/13/25,whatsapp123,FALSE,TRUE
358-76-3757,649,invoice,1/4/28,phoneGHI,TRUE,FALSE
794-94-3206,461,correspondence,4/30/29,whatsappABC,TRUE,TRUE
245-89-8921,938,power_of_attorney,12/11/25,phone456,TRUE,FALSE
803-72-6892,670,contract,1/6/25,whatsappABC,FALSE,TRUE
437-50-0970,899,court_filing,4/24/27,email456,FALSE,TRUE
207-91-4570,61,correspondence,7/1/28,phone456,TRUE,FALSE
456-54-5682,479,power_of_attorney,7/3/24,email456,TRUE,TRUE
671-40-5871,787,passport_copy,9/7/21,email123,FALSE,TRUE
124-46-1848,120,evidence,6/18/22,phoneGHI,FALSE,TRUE
167-04-5706,601,invoice,8/4/27,phone789,TRUE,FALSE
730-21-4146,938,correspondence,6/21/24,phone456,FALSE,FALSE
670-69-7199,911,contract,9/4/23,phoneGHI,TRUE,TRUE
533-12-3774,799,power_of_attorney,5/10/23,phoneGHI,FALSE,TRUE
271-49-0694,524,contract,12/9/24,whatsapp123,TRUE,FALSE
388-22-9726,101,correspondence,3/21/24,whatsapp123,FALSE,FALSE
415-77-6532,32,passport_copy,11/21/20,phone789,FALSE,FALSE
589-05-3493,689,contract,6/20/22,phoneGHI,TRUE,FALSE
699-96-1393,883,correspondence,8/29/20,emailDEF,TRUE,FALSE
130-51-3727,226,evidence,3/16/29,phone456,TRUE,FALSE
421-10-8259,85,passport_copy,8/7/22,phone456,FALSE,FALSE
525-75-4217,466,invoice,7/27/27,whatsapp789,TRUE,TRUE
787-07-4045,924,evidence,12/27/23,phone456,FALSE,TRUE
182-22-8786,965,passport_copy,3/14/23,email456,TRUE,TRUE
823-24-6745,764,power_of_attorney,7/2/26,whatsapp789,FALSE,FALSE
716-66-7945,806,court_filing,6/10/23,whatsappABC,FALSE,FALSE
863-62-4940,269,contract,10/13/29,whatsapp789,TRUE,FALSE
665-31-5972,553,power_of_attorney,2/19/27,email456,FALSE,FALSE
461-53-7985,354,evidence,4/6/25,email123,TRUE,TRUE
546-50-6043,216,power_of_attorney,3/21/29,email456,TRUE,FALSE
171-37-3076,14,contract,9/4/20,email456,FALSE,FALSE
545-01-2670,41,power_of_attorney,3/4/29,email456,TRUE,TRUE
727-15-6099,711,invoice,12/7/25,phone789,TRUE,FALSE
726-10-6019,586,correspondence,9/17/25,whatsappABC,TRUE,FALSE
481-44-8467,658,court_filing,9/26/22,phone456,TRUE,FALSE
754-23-2281,323,court_filing,11/16/28,phoneGHI,TRUE,TRUE
358-76-3757,196,court_filing,4/26/29,whatsappABC,FALSE,FALSE
502-21-2549,544,contract,8/31/29,whatsapp789,TRUE,TRUE
166-27-9511,120,correspondence,9/27/27,phoneGHI,FALSE,FALSE
850-67-9873,9,contract,12/2/25,phoneGHI,FALSE,TRUE
605-34-0901,830,contract,10/28/20,email456,FALSE,FALSE
643-45-2836,607,invoice,7/4/23,email456,TRUE,FALSE
543-96-0259,371,contract,1/11/20,whatsapp123,FALSE,FALSE
508-74-7423,31,correspondence,12/21/22,phoneGHI,FALSE,TRUE
500-03-9966,681,power_of_attorney,7/1/21,phone789,FALSE,TRUE
253-99-5567,117,evidence,8/14/22,emailDEF,TRUE,TRUE
291-25-0394,596,invoice,1/12/23,phone456,TRUE,FALSE
616-24-8237,661,evidence,1/13/22,emailDEF,TRUE,FALSE
686-77-3617,51,correspondence,12/8/27,whatsappXYZ,FALSE,FALSE
178-96-2567,773,passport_copy,1/16/23,whatsapp123,TRUE,FALSE
130-51-3727,409,contract,9/27/29,whatsappXYZ,TRUE,TRUE
534-71-0381,769,passport_copy,10/29/20,whatsappABC,TRUE,TRUE
185-73-2447,624,evidence,11/26/20,whatsappABC,FALSE,TRUE
459-11-4951,466,correspondence,12/9/23,whatsapp789,TRUE,FALSE
856-74-3100,34,contract,12/3/24,email456,FALSE,TRUE
285-35-6355,855,correspondence,8/7/23,whatsappABC,TRUE,TRUE
810-32-6204,971,passport_copy,6/29/23,phone789,TRUE,TRUE
474-25-8478,416,correspondence,9/9/24,whatsappXYZ,FALSE,TRUE
796-17-5430,613,invoice,7/20/26,whatsapp123,FALSE,FALSE
472-37-6564,578,evidence,10/20/20,whatsapp789,FALSE,TRUE
186-26-7964,396,correspondence,11/2/22,phoneGHI,TRUE,TRUE
372-21-4141,334,invoice,6/23/29,whatsapp789,TRUE,TRUE
571-79-2579,384,correspondence,9/23/23,phone456,TRUE,TRUE
219-47-5641,662,invoice,3/17/28,email123,TRUE,FALSE
248-49-1032,262,invoice,10/8/27,whatsapp123,TRUE,FALSE
829-78-3552,20,power_of_attorney,4/3/29,emailDEF,FALSE,TRUE
672-64-5069,218,contract,10/27/29,emailDEF,FALSE,TRUE
143-24-3701,170,evidence,5/23/27,whatsapp789,TRUE,FALSE
200-52-0148,614,court_filing,5/9/24,whatsappABC,FALSE,TRUE
121-20-7455,419,contract,12/12/29,email456,FALSE,FALSE
357-14-0234,947,power_of_attorney,7/30/27,whatsappXYZ,FALSE,FALSE
183-56-4095,590,contract,1/18/22,phone456,TRUE,TRUE
231-35-3211,495,passport_copy,8/13/24,whatsappABC,TRUE,FALSE
744-34-1428,534,passport_copy,12/14/29,whatsapp789,TRUE,FALSE
264-20-3339,919,invoice,4/12/23,whatsappXYZ,FALSE,TRUE
272-58-3140,428,power_of_attorney,4/29/25,phone456,TRUE,FALSE
315-61-5674,305,invoice,5/4/25,emailDEF,TRUE,FALSE
146-43-0177,364,power_of_attorney,8/24/23,email123,TRUE,TRUE
183-57-5385,496,power_of_attorney,7/15/28,email123,FALSE,FALSE
530-51-7695,59,power_of_attorney,11/3/28,emailDEF,FALSE,FALSE
620-92-5309,940,power_of_attorney,9/19/26,whatsappABC,TRUE,FALSE
635-13-2026,334,correspondence,11/16/26,whatsapp789,FALSE,FALSE
863-80-5736,58,passport_copy,2/27/28,whatsappABC,TRUE,TRUE
452-85-0203,355,contract,3/13/21,emailDEF,FALSE,TRUE
144-05-6859,558,passport_copy,11/22/24,whatsappABC,FALSE,TRUE
408-88-2961,408,evidence,5/6/28,whatsapp123,FALSE,TRUE
693-61-1439,347,evidence,6/28/23,phone789,TRUE,FALSE
292-66-0130,74,power_of_attorney,7/24/21,phone456,FALSE,TRUE
221-06-8410,233,evidence,6/11/26,emailDEF,TRUE,FALSE
564-85-9094,114,court_filing,11/9/27,email456,FALSE,TRUE
495-18-8351,669,contract,7/1/24,whatsapp123,FALSE,TRUE
782-24-3595,59,court_filing,6/26/23,emailDEF,FALSE,FALSE
846-43-4980,680,correspondence,12/17/22,phoneGHI,TRUE,FALSE
402-47-4844,752,contract,9/30/20,phone456,FALSE,FALSE
317-96-8662,534,correspondence,4/3/22,whatsapp789,TRUE,FALSE
785-70-3915,882,invoice,2/16/23,whatsapp789,FALSE,TRUE
417-27-2079,544,evidence,10/6/25,whatsapp789,FALSE,TRUE
291-50-6753,159,court_filing,5/9/23,whatsappABC,FALSE,FALSE
652-59-7797,517,correspondence,6/12/20,whatsappABC,TRUE,TRUE
602-47-0147,951,correspondence,9/21/25,whatsapp789,TRUE,TRUE
201-40-5044,525,passport_copy,12/11/26,phone456,TRUE,TRUE
874-67-7377,180,invoice,5/3/22,whatsappABC,FALSE,FALSE
860-39-0305,744,evidence,12/18/21,email123,TRUE,FALSE
831-96-5109,83,power_of_attorney,1/22/26,phone456,FALSE,FALSE
644-13-8450,884,evidence,12/12/22,whatsappXYZ,FALSE,TRUE
143-02-0634,171,power_of_attorney,10/20/28,phone789,TRUE,FALSE
106-59-6313,539,court_filing,11/8/29,phone456,FALSE,TRUE
740-19-1873,202,invoice,7/23/24,whatsappXYZ,TRUE,FALSE
818-08-1276,847,court_filing,11/12/21,email123,FALSE,TRUE
271-49-0694,285,court_filing,12/2/29,phone789,FALSE,FALSE
257-46-7266,298,court_filing,10/26/24,whatsapp789,TRUE,TRUE
368-91-5627,713,evidence,4/7/25,phoneGHI,FALSE,FALSE
832-28-5151,858,correspondence,7/4/27,phoneGHI,FALSE,TRUE
646-97-6876,402,correspondence,6/14/24,whatsappXYZ,FALSE,TRUE
487-61-7788,776,invoice,11/23/27,email123,TRUE,TRUE
183-57-5385,694,invoice,3/13/28,whatsappXYZ,TRUE,TRUE
725-92-7374,797,power_of_attorney,3/10/21,whatsapp123,FALSE,TRUE
122-68-4541,595,contract,8/26/27,whatsappXYZ,FALSE,TRUE
401-07-7596,304,passport_copy,8/8/27,email456,FALSE,FALSE
823-06-0742,486,invoice,3/27/23,phone789,FALSE,FALSE
849-81-4883,9,evidence,9/27/27,phoneGHI,TRUE,FALSE
299-83-2206,980,power_of_attorney,4/20/29,whatsappXYZ,FALSE,FALSE
648-14-5319,987,evidence,9/13/24,whatsapp789,TRUE,FALSE
291-50-6753,869,passport_copy,3/1/28,whatsappXYZ,FALSE,FALSE
368-37-7906,224,correspondence,9/19/23,emailDEF,FALSE,FALSE
464-03-6000,876,court_filing,8/23/23,email123,FALSE,TRUE
158-01-1417,349,invoice,8/15/28,email456,TRUE,TRUE
267-13-9273,255,evidence,11/12/20,whatsapp123,TRUE,TRUE
118-29-3351,64,court_filing,5/4/28,whatsappABC,FALSE,FALSE
520-19-7861,603,correspondence,4/12/27,whatsapp123,TRUE,TRUE
163-36-5384,160,court_filing,12/15/26,email456,TRUE,TRUE
166-92-8181,841,contract,3/2/27,email456,TRUE,TRUE
425-66-6575,293,power_of_attorney,2/14/24,whatsappABC,TRUE,TRUE
737-62-5476,515,passport_copy,8/21/24,whatsappXYZ,FALSE,FALSE
598-10-8180,320,invoice,1/3/27,whatsappXYZ,FALSE,TRUE
597-66-9529,147,contract,3/4/27,phone456,FALSE,FALSE
451-91-2675,278,invoice,7/27/26,emailDEF,TRUE,FALSE
724-01-8146,549,contract,6/7/25,emailDEF,FALSE,TRUE
575-67-9480,671,power_of_attorney,6/18/23,whatsapp123,TRUE,TRUE
608-87-6648,74,passport_copy,3/21/23,phone456,FALSE,FALSE
140-05-5918,484,court_filing,7/22/28,phone789,TRUE,TRUE
148-90-8748,476,power_of_attorney,12/11/28,phone789,TRUE,FALSE
644-13-8450,52,evidence,5/17/20,email123,FALSE,FALSE
378-64-4730,771,passport_copy,5/5/28,email123,TRUE,FALSE
410-86-0703,968,passport_copy,11/5/24,whatsappXYZ,FALSE,FALSE
661-98-3879,157,evidence,9/5/22,emailDEF,FALSE,TRUE
570-67-9560,84,passport_copy,5/14/25,phone456,TRUE,TRUE
533-48-9413,394,invoice,2/16/28,email456,TRUE,FALSE
564-68-2432,210,correspondence,4/22/24,whatsapp123,FALSE,TRUE
712-76-0644,429,correspondence,11/13/23,whatsapp789,FALSE,FALSE
582-89-3957,446,power_of_attorney,3/19/29,whatsappABC,TRUE,TRUE
417-27-2079,226,passport_copy,11/1/27,phone456,TRUE,TRUE
166-27-9511,896,court_filing,7/13/23,emailDEF,TRUE,FALSE
782-19-4869,993,contract,12/6/24,whatsappABC,TRUE,TRUE
787-24-2503,747,evidence,12/16/28,phoneGHI,TRUE,TRUE
231-31-5351,519,passport_copy,6/19/24,whatsapp789,FALSE,FALSE
709-23-5743,364,power_of_attorney,11/21/22,email123,FALSE,FALSE
760-43-7361,347,passport_copy,8/25/27,phone789,FALSE,TRUE
641-42-9913,887,court_filing,5/7/22,phone789,FALSE,TRUE
497-26-1006,575,invoice,1/30/25,phoneGHI,FALSE,TRUE
819-30-9179,671,correspondence,1/15/25,whatsapp123,TRUE,FALSE
457-58-1265,149,correspondence,9/14/23,whatsappABC,FALSE,TRUE
670-69-7199,111,correspondence,11/13/29,email456,TRUE,FALSE
569-22-4227,205,power_of_attorney,6/14/27,phone789,TRUE,TRUE
238-71-6781,926,passport_copy,8/29/24,phoneGHI,TRUE,TRUE
524-92-5467,260,correspondence,7/22/28,whatsapp123,FALSE,FALSE
829-34-4443,708,power_of_attorney,5/22/25,whatsappXYZ,FALSE,FALSE
840-77-0315,613,passport_copy,10/14/28,whatsapp123,FALSE,TRUE
742-45-0997,186,contract,3/28/20,phone789,FALSE,FALSE
490-09-4699,457,invoice,5/19/26,phone789,FALSE,FALSE
608-85-8748,206,court_filing,9/21/28,email123,TRUE,FALSE
227-02-0599,365,evidence,12/22/22,email456,TRUE,TRUE
444-43-4666,612,correspondence,9/21/28,emailDEF,FALSE,TRUE
501-32-1215,655,power_of_attorney,7/28/25,whatsappABC,TRUE,TRUE
115-61-3616,764,contract,10/16/29,whatsapp789,FALSE,FALSE
689-64-6637,1,power_of_attorney,3/13/29,email456,TRUE,FALSE
787-07-4045,966,correspondence,6/29/22,whatsapp789,FALSE,FALSE
417-46-8668,489,passport_copy,10/19/29,whatsappABC,TRUE,FALSE
183-57-5385,70,correspondence,7/16/29,emailDEF,FALSE,TRUE
570-56-3768,196,passport_copy,12/12/26,whatsappABC,TRUE,TRUE
122-68-4541,758,evidence,7/2/21,phone456,TRUE,FALSE
753-90-1730,37,correspondence,9/27/22,phoneGHI,TRUE,TRUE
152-37-6006,877,court_filing,6/25/20,whatsappXYZ,FALSE,TRUE
704-06-5657,665,evidence,11/6/25,emailDEF,FALSE,FALSE
752-15-0250,944,power_of_attorney,8/26/25,emailDEF,TRUE,FALSE
714-31-0316,906,invoice,8/13/22,email123,TRUE,TRUE
368-95-6178,761,power_of_attorney,7/1/29,whatsappABC,FALSE,FALSE
175-30-5365,832,evidence,8/24/20,phone456,TRUE,FALSE
781-01-1656,459,evidence,12/25/21,email123,FALSE,TRUE
277-72-9416,71,evidence,6/18/29,whatsappXYZ,FALSE,FALSE
716-66-7945,657,court_filing,1/18/26,phone789,FALSE,FALSE
602-38-9431,201,invoice,5/30/26,whatsappABC,TRUE,FALSE
210-57-8590,896,passport_copy,6/30/29,emailDEF,FALSE,FALSE
877-45-7459,980,power_of_attorney,9/30/26,whatsappXYZ,TRUE,TRUE
677-66-3050,57,power_of_attorney,2/24/28,email456,TRUE,TRUE
350-50-9384,62,court_filing,11/23/24,whatsapp789,TRUE,FALSE
570-67-9560,651,correspondence,8/29/26,whatsapp789,TRUE,TRUE
450-35-4504,64,contract,10/5/24,whatsappABC,FALSE,TRUE
608-05-4808,360,court_filing,5/13/26,emailDEF,FALSE,FALSE
622-42-2088,29,correspondence,8/3/24,phone789,FALSE,FALSE
785-29-1337,829,invoice,3/1/23,whatsapp789,FALSE,FALSE
227-22-7917,172,contract,5/4/20,whatsappABC,FALSE,FALSE
197-77-9303,702,contract,7/31/24,phone789,TRUE,FALSE
315-61-5674,41,contract,7/15/22,email456,TRUE,TRUE
741-12-5818,227,passport_copy,6/30/22,whatsappABC,TRUE,FALSE
611-60-2184,868,invoice,10/31/26,whatsapp123,TRUE,TRUE
461-19-1359,580,court_filing,10/31/27,whatsapp123,TRUE,FALSE
103-48-1292,338,invoice,6/26/25,email456,FALSE,FALSE
802-99-4816,589,contract,10/19/26,emailDEF,TRUE,FALSE
278-26-9912,181,evidence,5/29/20,phoneGHI,FALSE,TRUE
533-48-9413,886,power_of_attorney,10/14/24,emailDEF,TRUE,TRUE
357-63-6582,602,contract,8/18/22,phone456,FALSE,TRUE
787-07-4045,437,correspondence,1/13/21,phoneGHI,TRUE,FALSE
727-15-6099,961,correspondence,6/15/29,whatsapp789,TRUE,FALSE
453-99-4173,798,power_of_attorney,9/14/21,email456,FALSE,TRUE
451-91-2675,936,passport_copy,7/29/20,phone456,TRUE,TRUE
574-85-6811,175,power_of_attorney,1/30/24,email456,TRUE,FALSE
782-19-4869,926,correspondence,11/30/27,phoneGHI,TRUE,TRUE
356-02-2840,357,evidence,11/21/23,whatsappXYZ,FALSE,FALSE
768-07-7907,208,passport_copy,5/8/22,whatsapp789,FALSE,TRUE
330-09-6166,912,court_filing,2/19/22,emailDEF,TRUE,TRUE
356-13-1678,215,correspondence,7/1/24,email123,FALSE,TRUE
140-99-0860,170,power_of_attorney,8/17/26,whatsapp789,FALSE,TRUE
870-66-2502,825,invoice,5/10/21,phone456,TRUE,TRUE
596-96-8528,794,invoice,1/3/27,email123,FALSE,TRUE
265-04-7814,577,invoice,1/27/22,phoneGHI,TRUE,FALSE
600-77-4492,298,invoice,12/13/25,whatsapp789,FALSE,TRUE
144-97-1909,97,evidence,7/15/26,whatsapp789,TRUE,TRUE
343-01-1938,945,court_filing,9/18/21,email456,FALSE,TRUE
237-06-2756,406,power_of_attorney,2/10/28,phone456,TRUE,FALSE
670-07-0220,571,passport_copy,7/1/22,phone789,FALSE,TRUE
449-73-3936,410,contract,11/3/24,whatsapp123,TRUE,TRUE
392-03-9980,456,contract,7/5/20,phoneGHI,FALSE,FALSE
220-31-5486,291,power_of_attorney,3/12/26,whatsappABC,TRUE,TRUE
838-59-3731,847,court_filing,2/5/27,email123,FALSE,TRUE
304-53-5467,661,invoice,6/14/25,emailDEF,TRUE,FALSE
440-49-7405,427,evidence,10/18/22,phoneGHI,TRUE,TRUE
646-97-6876,826,passport_copy,6/28/25,phone789,FALSE,TRUE
517-16-5968,379,correspondence,2/16/20,email123,TRUE,TRUE
115-61-3616,32,contract,11/6/27,phone789,TRUE,TRUE
279-37-7005,927,passport_copy,12/29/27,email456,FALSE,TRUE
156-04-5531,692,contract,3/5/28,email123,FALSE,FALSE
175-30-5365,698,passport_copy,12/23/29,phone789,TRUE,TRUE
776-19-9447,262,contract,8/29/21,whatsapp123,FALSE,TRUE
152-93-9172,591,evidence,3/2/25,whatsappXYZ,TRUE,TRUE
525-75-4217,103,power_of_attorney,10/3/20,whatsappABC,TRUE,FALSE
860-39-0305,704,court_filing,11/28/22,whatsapp123,TRUE,TRUE
884-25-7279,164,correspondence,2/23/23,phoneGHI,TRUE,FALSE
863-62-4940,533,power_of_attorney,1/6/20,email456,FALSE,TRUE
217-34-3037,987,power_of_attorney,1/4/28,whatsapp789,FALSE,FALSE
537-77-6159,190,court_filing,9/15/29,phoneGHI,FALSE,TRUE
413-76-4608,873,evidence,7/11/28,whatsappABC,FALSE,TRUE
848-74-8387,927,correspondence,8/25/22,email456,TRUE,TRUE
809-93-1187,629,power_of_attorney,5/7/25,whatsapp789,TRUE,TRUE
411-94-9150,507,invoice,5/9/28,emailDEF,FALSE,FALSE
703-45-1577,903,evidence,5/4/20,emailDEF,TRUE,FALSE
326-92-6284,888,power_of_attorney,9/19/22,phone456,FALSE,FALSE
602-30-0472,614,evidence,4/27/25,whatsappABC,FALSE,FALSE
505-05-0127,477,power_of_attorney,5/10/28,phoneGHI,TRUE,FALSE
114-54-7562,9,passport_copy,5/11/27,phoneGHI,TRUE,FALSE
659-65-4864,39,invoice,8/9/21,email456,FALSE,FALSE
380-20-5453,50,passport_copy,9/26/29,phone789,FALSE,FALSE
705-32-3799,397,invoice,7/9/20,email456,TRUE,FALSE
266-47-9754,17,passport_copy,3/3/20,whatsappXYZ,FALSE,TRUE
889-56-2241,945,passport_copy,9/8/25,email456,FALSE,FALSE
546-50-6043,953,contract,3/27/24,email123,FALSE,FALSE
337-96-1117,525,court_filing,1/12/29,phone456,TRUE,TRUE
409-35-1441,500,passport_copy,12/4/24,whatsapp789,TRUE,FALSE
265-36-3652,587,evidence,1/16/28,phoneGHI,TRUE,FALSE
537-85-3583,181,power_of_attorney,12/13/24,phoneGHI,TRUE,FALSE
663-69-4069,145,correspondence,3/12/21,whatsapp789,FALSE,TRUE
636-49-1175,206,correspondence,2/24/27,email123,TRUE,TRUE
299-75-7920,950,invoice,10/29/29,whatsapp789,TRUE,FALSE
132-53-3054,257,evidence,7/25/24,emailDEF,FALSE,FALSE
268-88-2542,724,correspondence,10/9/21,whatsappABC,TRUE,FALSE
306-99-4604,585,invoice,10/25/27,phone789,TRUE,FALSE
585-73-7355,161,evidence,3/14/24,phoneGHI,FALSE,TRUE
305-74-3972,507,correspondence,11/23/21,emailDEF,FALSE,FALSE
409-32-0269,289,correspondence,11/20/27,whatsapp123,FALSE,TRUE
139-96-9671,148,evidence,11/23/29,whatsappABC,TRUE,FALSE
605-34-0901,702,correspondence,3/13/25,phone789,TRUE,FALSE
521-25-0358,983,passport_copy,7/22/29,whatsapp789,FALSE,FALSE
313-85-6931,687,power_of_attorney,2/26/20,phoneGHI,TRUE,FALSE
638-66-6030,574,court_filing,7/28/20,whatsappXYZ,FALSE,FALSE
109-80-4328,889,passport_copy,7/21/21,phone789,TRUE,FALSE
584-86-8494,769,correspondence,11/29/22,whatsappABC,TRUE,FALSE
304-53-5467,813,evidence,5/28/20,emailDEF,TRUE,TRUE
786-78-5397,585,contract,6/18/28,phone789,TRUE,FALSE
137-13-5127,816,passport_copy,10/31/24,whatsappABC,TRUE,TRUE
843-75-0406,939,court_filing,5/16/27,phoneGHI,FALSE,FALSE
710-79-6903,349,court_filing,8/6/26,email456,TRUE,FALSE
510-97-0949,318,invoice,5/5/23,phoneGHI,TRUE,TRUE
322-64-9835,367,passport_copy,5/6/22,whatsapp123,FALSE,FALSE
781-82-4022,133,evidence,7/1/27,phone789,FALSE,TRUE
723-15-3522,472,contract,5/10/22,email123,TRUE,FALSE
201-40-5044,16,evidence,5/5/21,whatsappXYZ,FALSE,TRUE
124-46-1848,759,contract,2/18/23,whatsapp789,TRUE,FALSE
787-24-2503,761,court_filing,8/4/26,whatsappABC,TRUE,FALSE
273-54-2067,426,passport_copy,4/28/20,whatsappXYZ,TRUE,TRUE
659-65-4864,294,evidence,9/11/21,whatsappABC,FALSE,FALSE
116-76-6708,275,power_of_attorney,8/24/23,email456,FALSE,TRUE
521-25-0358,93,court_filing,8/29/23,whatsappXYZ,TRUE,TRUE
247-52-1911,209,invoice,1/3/22,whatsappABC,TRUE,FALSE
208-62-9097,277,contract,1/10/23,phone456,TRUE,TRUE
498-77-7210,128,power_of_attorney,4/3/22,phone789,FALSE,FALSE
873-28-9366,967,evidence,10/29/26,whatsapp123,FALSE,TRUE
375-04-2770,485,invoice,2/7/26,whatsappABC,TRUE,TRUE
809-08-9863,554,evidence,8/31/25,email123,TRUE,FALSE
378-64-4730,552,contract,3/23/29,whatsapp123,TRUE,TRUE
811-88-6014,916,power_of_attorney,10/14/26,email123,TRUE,TRUE
473-29-7534,648,evidence,8/17/27,email456,TRUE,TRUE
852-57-9616,140,evidence,6/5/28,whatsapp123,TRUE,FALSE
183-56-4095,879,contract,3/9/21,whatsapp789,FALSE,FALSE
844-19-7180,550,evidence,1/13/25,email456,FALSE,FALSE
590-86-1773,705,passport_copy,7/18/24,whatsappXYZ,FALSE,TRUE
846-43-4980,77,correspondence,9/9/24,email123,FALSE,FALSE
623-29-0672,801,court_filing,6/7/24,emailDEF,FALSE,TRUE
570-51-6928,928,court_filing,3/25/22,email123,FALSE,FALSE
227-02-0599,957,power_of_attorney,1/6/23,email456,TRUE,TRUE
716-40-6841,832,invoice,11/4/25,phone456,TRUE,TRUE
452-85-0203,971,correspondence,3/3/24,phone789,TRUE,TRUE
393-52-1229,585,correspondence,10/9/26,phone789,FALSE,FALSE
813-60-5268,500,evidence,8/26/21,whatsapp789,TRUE,TRUE
209-67-1112,489,evidence,1/11/29,whatsappABC,FALSE,TRUE
823-24-6745,672,evidence,4/9/22,email456,TRUE,FALSE
502-21-2549,899,contract,1/14/25,email456,FALSE,TRUE
151-24-3719,69,evidence,2/12/28,whatsapp123,TRUE,FALSE
546-50-6043,696,court_filing,6/17/20,email456,TRUE,FALSE
640-24-0743,413,correspondence,6/5/29,phoneGHI,TRUE,FALSE
399-58-2685,969,power_of_attorney,11/18/22,phone789,FALSE,FALSE
143-02-0634,985,contract,7/25/29,whatsapp789,TRUE,TRUE
875-18-2193,7,invoice,8/23/21,whatsapp123,FALSE,TRUE
641-49-5467,31,contract,3/30/22,phoneGHI,FALSE,FALSE
808-72-6496,358,invoice,3/14/23,whatsappABC,FALSE,FALSE
706-59-8978,454,court_filing,7/7/22,phone456,TRUE,TRUE
582-72-6270,895,correspondence,7/13/22,email123,TRUE,TRUE
299-75-7920,795,invoice,9/18/25,phone456,TRUE,TRUE
101-63-5285,442,contract,9/7/24,whatsapp123,TRUE,TRUE
463-54-7560,538,passport_copy,1/14/20,emailDEF,TRUE,FALSE
345-92-4319,187,power_of_attorney,7/15/21,email123,FALSE,FALSE
468-51-8968,570,evidence,10/16/27,phone789,FALSE,FALSE
806-80-1927,930,invoice,9/19/22,emailDEF,FALSE,TRUE
380-93-5110,970,invoice,5/14/20,email123,FALSE,TRUE
264-96-9525,860,correspondence,7/3/23,phone789,TRUE,FALSE
743-61-6454,906,correspondence,3/9/24,email123,TRUE,FALSE
842-77-3870,980,contract,11/23/23,whatsappXYZ,FALSE,TRUE
174-32-7244,132,power_of_attorney,2/4/29,emailDEF,TRUE,FALSE
849-81-4883,856,correspondence,10/20/23,whatsappXYZ,TRUE,FALSE
145-22-1442,876,invoice,6/18/26,email123,TRUE,FALSE
255-23-5440,298,power_of_attorney,11/19/25,whatsapp789,FALSE,TRUE
527-16-9550,484,correspondence,11/9/23,phone789,TRUE,FALSE
855-68-5642,710,passport_copy,11/12/22,emailDEF,FALSE,FALSE
334-26-1028,476,evidence,10/18/24,phone789,TRUE,FALSE
644-92-4025,422,power_of_attorney,3/29/23,phone789,TRUE,FALSE
409-35-1441,318,invoice,2/10/20,phoneGHI,TRUE,TRUE
534-71-0381,627,court_filing,9/18/23,phoneGHI,FALSE,FALSE
652-59-7797,422,correspondence,3/27/26,phone789,FALSE,TRUE
768-28-3288,35,correspondence,11/17/22,emailDEF,TRUE,TRUE
855-68-5642,957,passport_copy,6/12/24,email456,TRUE,TRUE
763-12-1735,556,passport_copy,11/24/23,whatsapp123,TRUE,FALSE
439-95-3243,388,passport_copy,7/10/22,emailDEF,FALSE,FALSE
768-28-3288,504,contract,2/21/23,email456,TRUE,TRUE
476-36-7469,312,contract,8/17/28,phone789,FALSE,FALSE
449-73-3936,806,evidence,7/13/25,whatsappABC,FALSE,FALSE
624-90-8259,975,invoice,9/2/26,email123,TRUE,TRUE
887-38-5449,381,invoice,1/8/23,whatsappABC,TRUE,FALSE
281-97-2520,288,invoice,5/18/22,whatsapp123,FALSE,TRUE
372-21-4141,973,invoice,5/6/27,whatsapp123,FALSE,FALSE
106-86-1282,96,passport_copy,8/19/23,whatsapp123,TRUE,FALSE
875-18-2193,714,power_of_attorney,11/9/20,whatsappABC,TRUE,TRUE
815-26-3442,225,court_filing,4/11/20,whatsappABC,FALSE,FALSE
168-88-3139,921,contract,4/15/23,phone789,TRUE,FALSE
867-82-6671,85,power_of_attorney,10/12/23,phone456,TRUE,FALSE
137-13-5127,181,correspondence,10/6/27,phoneGHI,FALSE,TRUE
174-32-7244,10,invoice,2/28/25,email123,TRUE,TRUE
815-26-3442,105,passport_copy,9/1/27,whatsappXYZ,FALSE,TRUE
294-51-1143,735,correspondence,11/26/26,whatsapp123,TRUE,TRUE
782-19-4869,40,invoice,11/24/27,email456,FALSE,TRUE
533-12-3774,696,court_filing,10/26/21,email456,FALSE,FALSE
617-11-6752,152,court_filing,1/12/21,email123,FALSE,FALSE
665-31-5972,916,evidence,1/16/29,email123,FALSE,FALSE
888-60-5543,727,court_filing,4/10/22,whatsapp789,TRUE,TRUE
267-13-9273,703,contract,1/26/24,email123,TRUE,TRUE
234-40-8327,301,invoice,9/28/20,whatsappXYZ,TRUE,FALSE
573-99-5410,607,passport_copy,11/25/29,email456,TRUE,FALSE
266-47-9754,63,contract,9/23/22,emailDEF,FALSE,FALSE
403-34-1762,61,evidence,7/11/20,phone456,FALSE,FALSE
672-63-6318,384,power_of_attorney,1/26/27,phone456,FALSE,FALSE
178-96-2567,58,correspondence,4/15/24,whatsappABC,TRUE,TRUE
703-42-6633,656,contract,7/5/22,email456,FALSE,TRUE
425-67-0977,288,court_filing,8/8/27,whatsapp123,TRUE,FALSE
278-26-9912,342,contract,2/11/21,email456,FALSE,FALSE
775-52-4460,770,court_filing,11/15/25,phone789,FALSE,TRUE
584-75-8671,614,evidence,7/17/22,whatsappABC,TRUE,TRUE
370-61-3043,362,court_filing,1/12/28,email456,TRUE,TRUE
738-70-9740,613,contract,2/11/25,whatsapp123,FALSE,TRUE
347-14-6144,887,court_filing,6/30/27,phone789,FALSE,FALSE
564-66-2835,205,court_filing,4/7/21,phone789,TRUE,FALSE
219-28-4386,567,evidence,7/12/22,phoneGHI,FALSE,FALSE
874-67-7377,667,contract,4/24/27,whatsapp789,FALSE,FALSE
657-27-5128,959,contract,12/20/25,email456,FALSE,FALSE
818-08-1276,531,court_filing,5/1/21,whatsappABC,FALSE,FALSE
350-50-9384,648,passport_copy,12/5/29,email456,TRUE,TRUE
533-12-3774,973,passport_copy,4/11/29,whatsapp123,FALSE,TRUE
572-66-8508,882,passport_copy,6/28/20,whatsapp789,TRUE,FALSE
590-86-1773,193,correspondence,9/27/22,whatsapp123,TRUE,TRUE
440-49-7405,328,passport_copy,3/10/23,whatsapp789,FALSE,TRUE
422-35-0931,895,evidence,7/5/20,email123,TRUE,TRUE
111-43-1177,177,evidence,10/23/22,whatsappABC,TRUE,FALSE
848-65-3673,977,power_of_attorney,8/10/26,phone456,TRUE,TRUE
763-05-0889,747,court_filing,12/19/21,phoneGHI,TRUE,TRUE
814-01-7783,612,evidence,9/20/20,emailDEF,FALSE,TRUE
620-39-6072,665,passport_copy,4/4/28,emailDEF,TRUE,TRUE
818-33-2665,262,court_filing,2/2/20,whatsapp123,FALSE,FALSE
677-66-3050,287,contract,12/1/22,whatsappABC,TRUE,TRUE
564-85-9094,84,contract,6/17/20,phone456,TRUE,TRUE
183-57-5385,151,passport_copy,9/11/21,whatsapp123,FALSE,FALSE
477-75-0164,177,invoice,1/24/27,whatsappABC,FALSE,FALSE
452-60-8263,266,invoice,1/30/23,whatsappABC,FALSE,TRUE
704-12-3955,944,contract,3/17/28,emailDEF,TRUE,TRUE
751-40-5186,947,evidence,8/19/27,whatsappXYZ,TRUE,FALSE
596-96-8528,624,contract,5/2/26,whatsappABC,TRUE,TRUE
740-19-1873,674,power_of_attorney,2/7/23,emailDEF,FALSE,FALSE
136-46-8295,302,invoice,1/19/25,phoneGHI,TRUE,TRUE
453-18-3217,466,correspondence,5/15/28,whatsapp789,FALSE,TRUE
705-32-3799,683,passport_copy,1/6/22,whatsappABC,TRUE,FALSE
419-35-0860,784,contract,5/12/28,emailDEF,FALSE,TRUE
849-81-4883,457,passport_copy,7/19/21,phone789,FALSE,TRUE
327-80-5746,74,contract,2/17/24,phone456,TRUE,TRUE
107-10-4542,400,correspondence,7/17/22,phone789,FALSE,FALSE
818-33-2665,310,power_of_attorney,4/6/22,phone456,TRUE,TRUE
536-38-0973,354,court_filing,1/11/25,email123,FALSE,TRUE
821-30-7446,464,contract,10/21/23,phone789,FALSE,TRUE
144-97-1909,595,court_filing,5/14/29,whatsappXYZ,TRUE,FALSE
553-67-6751,1000,passport_copy,11/10/29,emailDEF,FALSE,TRUE
244-39-7307,328,court_filing,2/26/23,whatsapp789,TRUE,FALSE
785-29-1337,880,evidence,6/21/28,whatsappABC,TRUE,TRUE
209-67-1112,330,passport_copy,11/29/24,phone456,FALSE,FALSE
777-93-2167,40,court_filing,11/7/29,email456,TRUE,FALSE
440-49-7405,849,evidence,5/10/20,email456,TRUE,FALSE
769-65-4891,392,power_of_attorney,5/13/20,emailDEF,FALSE,FALSE
132-77-5150,643,power_of_attorney,7/4/27,email456,FALSE,FALSE
312-38-1844,704,passport_copy,9/25/22,whatsapp123,TRUE,FALSE
536-38-0973,202,court_filing,7/13/20,whatsappXYZ,TRUE,FALSE
184-11-0228,848,court_filing,3/5/24,whatsappXYZ,FALSE,FALSE
547-59-1191,175,court_filing,1/19/26,email456,TRUE,FALSE
549-59-0908,2,invoice,10/29/22,whatsapp789,TRUE,FALSE
340-34-8662,638,invoice,9/5/27,email456,FALSE,TRUE
144-05-6859,258,contract,1/22/24,phoneGHI,TRUE,TRUE
865-71-8532,453,passport_copy,12/16/27,whatsappXYZ,FALSE,FALSE
799-02-2405,774,passport_copy,6/1/21,whatsapp123,TRUE,FALSE
636-49-1175,301,evidence,4/15/21,whatsappXYZ,TRUE,FALSE
291-29-4445,200,evidence,1/16/26,phone789,FALSE,TRUE
777-20-9399,412,passport_copy,6/29/20,whatsapp789,TRUE,FALSE
360-56-4621,35,power_of_attorney,6/15/28,emailDEF,TRUE,TRUE
813-60-5268,317,court_filing,12/11/29,whatsappXYZ,FALSE,FALSE
811-57-9547,401,correspondence,11/29/21,whatsapp123,TRUE,TRUE
559-07-0143,834,court_filing,7/11/27,email123,FALSE,TRUE
207-91-4570,317,contract,1/14/24,whatsappXYZ,FALSE,FALSE
630-28-8658,239,correspondence,6/3/28,email456,FALSE,TRUE
178-96-2567,457,passport_copy,5/19/27,phone789,TRUE,FALSE
608-85-8748,832,correspondence,2/27/22,phone456,TRUE,FALSE
659-65-4864,469,passport_copy,5/22/23,email123,TRUE,TRUE
453-18-3217,880,court_filing,6/1/26,whatsappABC,TRUE,TRUE
166-92-8181,460,invoice,12/10/26,email123,FALSE,TRUE
424-97-4009,733,passport_copy,12/25/21,phone456,TRUE,TRUE
768-28-3288,109,court_filing,9/13/23,phoneGHI,TRUE,TRUE
260-50-3908,98,correspondence,3/30/27,phone456,TRUE,FALSE
546-50-6043,692,invoice,9/24/24,email123,TRUE,FALSE
331-01-2320,697,invoice,11/4/23,whatsapp789,FALSE,TRUE
838-59-3731,986,evidence,3/31/27,whatsapp123,TRUE,TRUE
777-20-9399,38,invoice,12/4/24,emailDEF,TRUE,FALSE
142-36-4687,550,passport_copy,5/14/26,email456,TRUE,FALSE
714-96-1996,870,passport_copy,3/9/29,whatsappXYZ,FALSE,FALSE
107-79-2526,727,correspondence,8/5/25,whatsapp789,TRUE,FALSE
106-98-9122,286,invoice,6/26/29,whatsapp789,TRUE,TRUE
638-66-6030,86,passport_copy,6/2/28,phoneGHI,TRUE,FALSE
439-95-3243,45,evidence,11/5/23,phone456,FALSE,TRUE
417-72-4477,856,passport_copy,12/1/29,whatsappXYZ,FALSE,TRUE
718-78-3595,382,court_filing,10/25/23,whatsapp123,FALSE,TRUE
373-57-4308,319,correspondence,3/23/28,emailDEF,TRUE,TRUE
432-99-6911,310,court_filing,12/23/23,phone456,TRUE,TRUE
459-11-4951,382,power_of_attorney,11/25/28,whatsapp123,TRUE,TRUE
605-34-0901,755,court_filing,6/4/21,phone789,FALSE,TRUE
622-86-2587,881,passport_copy,10/8/22,whatsapp123,TRUE,FALSE
718-78-3595,2,evidence,9/5/22,whatsapp789,FALSE,FALSE
606-68-3889,982,court_filing,8/17/20,whatsapp789,TRUE,FALSE
400-57-2321,433,invoice,4/15/26,whatsappABC,TRUE,FALSE
848-74-8387,539,passport_copy,10/9/24,phone456,FALSE,FALSE
448-44-5684,510,evidence,3/10/27,phone789,TRUE,TRUE
263-71-0198,196,invoice,7/14/26,whatsappABC,FALSE,TRUE
542-27-3467,982,invoice,11/5/26,whatsapp789,FALSE,FALSE
831-96-5109,327,court_filing,12/12/28,whatsappABC,TRUE,TRUE
287-29-2399,300,court_filing,5/7/24,whatsapp789,FALSE,FALSE
632-76-0930,628,contract,5/18/28,emailDEF,TRUE,FALSE
186-26-7964,922,invoice,12/2/23,emailDEF,TRUE,FALSE
116-71-1746,860,evidence,11/1/24,phone789,TRUE,FALSE
158-01-1417,936,correspondence,3/20/28,phone456,TRUE,FALSE
241-83-1921,458,power_of_attorney,9/22/26,whatsapp789,TRUE,TRUE
219-47-5641,448,evidence,11/21/28,whatsapp789,FALSE,FALSE
758-19-0644,623,court_filing,1/29/20,phoneGHI,TRUE,FALSE
178-06-3298,550,contract,5/31/20,email456,TRUE,FALSE
116-76-6708,360,passport_copy,7/24/20,emailDEF,TRUE,TRUE
866-08-2679,924,contract,9/27/28,phone456,FALSE,FALSE
880-90-6390,78,contract,7/27/27,phone456,FALSE,TRUE
278-26-9912,432,power_of_attorney,9/14/23,email123,TRUE,FALSE
830-38-8090,557,power_of_attorney,12/2/20,whatsappXYZ,TRUE,TRUE
600-77-4492,886,correspondence,7/18/23,emailDEF,TRUE,TRUE
552-41-7294,705,power_of_attorney,7/5/24,whatsappXYZ,FALSE,FALSE
779-38-5144,440,correspondence,4/27/24,phone456,FALSE,FALSE
581-20-3386,641,correspondence,1/9/27,whatsappABC,FALSE,FALSE
531-29-5280,674,court_filing,7/24/20,emailDEF,FALSE,FALSE
395-13-7055,778,contract,8/13/24,whatsapp123,TRUE,FALSE
597-66-9529,318,correspondence,5/2/23,phoneGHI,FALSE,FALSE
245-18-4739,690,correspondence,5/4/20,whatsapp789,FALSE,TRUE
681-82-9839,589,evidence,5/13/29,emailDEF,TRUE,TRUE
418-10-1393,326,invoice,1/3/29,phone456,TRUE,FALSE
128-11-4172,901,court_filing,8/27/28,whatsappABC,FALSE,FALSE
267-13-9273,534,evidence,3/18/21,whatsapp789,FALSE,FALSE
702-08-9350,172,correspondence,6/6/20,whatsappABC,FALSE,TRUE
487-61-7788,345,evidence,3/4/21,whatsappABC,TRUE,TRUE
128-48-1704,613,passport_copy,10/7/23,whatsapp123,FALSE,TRUE
796-17-5430,154,evidence,1/3/27,emailDEF,FALSE,FALSE
622-42-2088,396,court_filing,9/26/20,phoneGHI,TRUE,FALSE
509-46-3300,74,evidence,8/19/26,phone456,FALSE,FALSE
564-66-2835,158,contract,5/8/21,email123,FALSE,TRUE
121-20-7455,757,evidence,6/8/27,whatsapp123,TRUE,FALSE
255-23-5440,847,contract,1/7/21,email123,FALSE,FALSE
749-06-3082,230,passport_copy,9/18/27,whatsappXYZ,FALSE,TRUE
395-72-4887,283,correspondence,7/25/25,emailDEF,TRUE,TRUE
128-94-7136,923,power_of_attorney,4/18/25,whatsapp789,TRUE,FALSE
517-16-5968,626,court_filing,1/12/21,whatsappABC,FALSE,TRUE
473-56-9667,328,passport_copy,9/23/22,whatsapp789,FALSE,FALSE
116-76-6708,558,court_filing,1/31/28,whatsappABC,FALSE,FALSE
392-03-9980,741,invoice,3/1/29,email456,FALSE,TRUE
863-72-0215,640,passport_copy,11/4/24,phone789,TRUE,TRUE
583-16-9668,137,contract,2/14/25,whatsappXYZ,FALSE,FALSE
247-52-1911,561,contract,5/29/20,whatsapp789,TRUE,TRUE
131-74-0837,850,power_of_attorney,7/28/21,emailDEF,FALSE,FALSE
376-85-0704,361,evidence,6/7/29,whatsappXYZ,TRUE,FALSE
111-43-1177,769,contract,4/5/29,whatsappABC,FALSE,TRUE
456-92-4710,465,court_filing,12/26/29,whatsappABC,FALSE,FALSE
306-73-9150,197,contract,3/5/29,whatsapp123,TRUE,TRUE
327-75-9631,797,evidence,8/7/26,whatsapp123,FALSE,TRUE
357-63-6582,491,correspondence,12/25/29,whatsappXYZ,FALSE,FALSE
303-14-0640,938,power_of_attorney,4/17/20,phone456,FALSE,TRUE
704-06-5657,246,power_of_attorney,2/28/26,whatsappXYZ,FALSE,TRUE
481-44-8467,969,passport_copy,3/30/22,phone789,TRUE,TRUE
725-92-7374,155,court_filing,12/19/23,phoneGHI,TRUE,FALSE
686-77-3617,781,contract,9/10/21,phone789,TRUE,FALSE
221-06-8410,369,evidence,11/24/27,whatsapp123,FALSE,TRUE
895-67-0353,654,contract,11/15/25,phone789,TRUE,FALSE
781-28-3443,353,correspondence,11/3/29,phone456,TRUE,TRUE
530-51-7695,304,contract,11/4/24,email456,FALSE,FALSE
365-54-7064,925,invoice,11/30/23,phone789,FALSE,FALSE
490-09-4699,680,passport_copy,12/5/21,phoneGHI,TRUE,FALSE
428-93-7487,324,power_of_attorney,4/30/27,whatsapp789,FALSE,FALSE
608-05-4808,40,correspondence,11/20/28,email456,FALSE,FALSE
582-72-6270,328,contract,3/10/28,whatsapp789,TRUE,TRUE
344-15-2717,720,power_of_attorney,10/24/27,phone789,TRUE,TRUE
545-97-1908,692,court_filing,9/10/27,email123,FALSE,TRUE
424-68-7248,253,contract,9/9/21,whatsapp789,TRUE,FALSE
108-73-3525,739,evidence,10/29/22,email456,TRUE,FALSE
743-35-5716,187,correspondence,3/9/25,email123,TRUE,TRUE
865-71-8532,882,invoice,2/11/27,whatsapp789,FALSE,TRUE
818-33-2665,651,invoice,3/26/26,whatsapp789,TRUE,FALSE
405-59-4096,84,correspondence,1/16/28,phone456,FALSE,TRUE
639-05-8609,533,passport_copy,3/19/22,email456,TRUE,TRUE
753-66-1626,239,invoice,9/27/22,email456,TRUE,TRUE
781-82-4022,522,contract,12/10/29,whatsapp789,FALSE,FALSE
425-67-0977,49,evidence,7/21/23,phone789,TRUE,FALSE
118-83-5840,179,contract,7/23/25,whatsapp123,TRUE,TRUE
849-23-9320,146,court_filing,11/27/23,whatsappABC,TRUE,TRUE
368-37-7906,499,correspondence,4/15/27,emailDEF,FALSE,TRUE
663-69-4069,319,invoice,3/27/20,emailDEF,FALSE,TRUE
380-20-5453,721,contract,8/9/21,whatsapp789,FALSE,FALSE
230-73-9020,985,correspondence,2/25/21,whatsapp789,TRUE,FALSE
356-13-1678,910,evidence,5/20/27,whatsapp123,FALSE,FALSE
796-17-5430,873,correspondence,4/6/28,whatsappABC,FALSE,TRUE
310-90-3117,330,evidence,12/10/25,phone456,TRUE,FALSE
295-29-6083,67,invoice,2/28/22,whatsappABC,FALSE,TRUE
408-88-2961,685,invoice,11/14/27,phone456,TRUE,TRUE
384-52-0649,427,evidence,2/27/28,phoneGHI,TRUE,FALSE
178-96-2567,292,passport_copy,8/22/26,emailDEF,FALSE,FALSE
456-58-4252,597,invoice,8/14/24,phone456,TRUE,TRUE
782-92-9841,67,invoice,8/11/20,whatsappABC,TRUE,FALSE
686-41-0192,461,invoice,2/25/24,whatsappABC,TRUE,TRUE
819-30-9179,175,contract,12/23/26,email456,TRUE,TRUE
206-43-0715,651,passport_copy,12/16/28,whatsapp789,TRUE,TRUE
702-85-8819,129,invoice,3/15/20,email456,TRUE,TRUE
809-06-8125,461,court_filing,4/20/23,whatsappABC,FALSE,FALSE
109-80-4328,329,passport_copy,9/12/24,phone789,TRUE,FALSE
624-90-8259,896,power_of_attorney,6/25/22,emailDEF,TRUE,FALSE
107-79-2526,398,invoice,6/1/22,email123,FALSE,FALSE
778-28-7880,536,court_filing,3/23/21,phone789,TRUE,FALSE
674-83-6174,248,invoice,5/31/28,whatsappXYZ,TRUE,TRUE
288-69-4771,630,court_filing,7/6/20,whatsappXYZ,FALSE,TRUE
263-71-0198,575,evidence,7/12/22,phoneGHI,FALSE,FALSE
397-23-0152,740,passport_copy,7/1/24,phoneGHI,FALSE,FALSE
212-65-5598,778,invoice,6/20/26,whatsapp123,TRUE,TRUE
665-87-8570,634,contract,10/15/25,emailDEF,TRUE,TRUE
257-46-7266,640,contract,4/27/23,phone789,TRUE,TRUE
743-35-5716,417,invoice,6/5/21,whatsappXYZ,TRUE,FALSE
158-01-1417,619,evidence,6/21/21,whatsapp789,FALSE,FALSE
702-85-8819,283,passport_copy,2/12/23,emailDEF,TRUE,TRUE
568-24-3899,994,correspondence,10/17/20,emailDEF,TRUE,FALSE
119-99-1828,474,contract,5/29/23,emailDEF,TRUE,FALSE
888-69-1750,474,power_of_attorney,6/13/27,emailDEF,TRUE,TRUE
762-67-2136,200,passport_copy,5/17/26,phone789,TRUE,TRUE
807-62-7831,333,power_of_attorney,6/27/26,phone789,FALSE,FALSE
329-03-9277,118,passport_copy,11/28/28,phone456,TRUE,TRUE
852-57-9616,696,contract,1/24/22,email456,FALSE,TRUE
745-69-8973,141,contract,6/10/26,phone789,TRUE,FALSE
658-26-8420,58,contract,4/15/29,whatsappABC,TRUE,FALSE
287-29-2399,404,invoice,11/9/20,whatsapp123,TRUE,FALSE
852-78-8055,25,correspondence,11/17/24,email456,TRUE,FALSE
880-82-5055,554,invoice,4/10/21,email123,TRUE,TRUE
231-35-3211,293,invoice,8/11/23,whatsappABC,TRUE,TRUE
510-09-0088,960,power_of_attorney,8/18/24,emailDEF,FALSE,FALSE
765-50-6254,808,correspondence,3/5/20,whatsappABC,TRUE,FALSE
306-73-9150,727,invoice,7/9/25,whatsapp789,TRUE,TRUE
145-22-1442,967,court_filing,9/4/25,whatsapp123,TRUE,FALSE
771-18-8641,473,power_of_attorney,7/30/22,emailDEF,TRUE,TRUE
358-76-3757,586,passport_copy,4/16/23,whatsappABC,TRUE,TRUE
188-32-6476,732,power_of_attorney,5/2/24,whatsappXYZ,FALSE,FALSE
122-28-2753,729,passport_copy,12/29/21,phone789,FALSE,TRUE
510-09-0088,694,contract,10/5/21,whatsappXYZ,FALSE,FALSE