payment_id,invoice_id,payment_date,amount,method,reference,recorded_by
1,455,11/13/18,29191.54,paypal,30-342-3837,Raynell Angrock
2,915,5/19/29,26676.73,paypal,84-832-4560,Maje Waterman
3,838,4/2/20,29284.71,apple_pay,12-504-7600,Armin Buglar
4,88,8/5/19,16982.8,venmo,97-079-2549,Winona Gomersall
5,430,1/24/20,45662.42,bitcoin,56-376-8135,Tessa Dahlbom
6,336,3/7/22,26237.04,apple_pay,53-222-7243,Priscilla Piscot
7,155,10/2/22,43309.29,venmo,87-070-7297,Robbin Wishkar
8,531,5/14/23,32700.16,bitcoin,17-694-7528,Letta Jiricka
9,943,6/25/25,45277.51,stripe,17-868-4103,Lonnie Nottle
10,22,8/29/26,41207.7,paypal,20-595-9653,Kenneth Danilov
11,455,9/30/15,35431.01,bank_transfer,46-129-9866,Marleen Herion
12,630,12/1/16,38268.58,cash,84-805-1752,Rufe Bucknell
13,767,6/14/22,46055.7,venmo,10-084-3620,Edyth Collingdon
14,57,2/27/20,32319.29,cash,05-067-2344,Merilyn Finder
15,911,2/26/23,27416.84,bank_transfer,34-798-2942,Tiff Demsey
16,348,12/4/28,26394.21,card,84-125-0024,Connie Sweetnam
17,431,9/10/28,27004.64,card,49-916-4363,Angelika Ballham
18,562,11/4/30,34357.42,paypal,39-178-9346,Leonelle Zohrer
19,413,12/2/21,30629.2,bank_transfer,13-839-1246,Evered Barnard
20,575,8/21/23,20233.96,google_wallet,72-208-3711,Rafa McLevie
21,400,1/2/15,25043.11,online_payment,67-052-0095,Bren Issacov
22,229,8/30/23,6440.82,apple_pay,78-125-9615,Zitella Abramowitz
23,116,3/15/17,37536.56,online_payment,21-277-9125,Quentin Redborn
24,308,6/2/27,12847.59,card,22-436-8259,Chicky Sacco
25,185,11/23/17,4889.45,bank_transfer,70-355-0734,Gael Caseri
26,559,5/28/16,89.87,venmo,79-538-4975,Rebe Arnaez
27,144,6/18/21,37380.45,online_payment,15-321-5624,Lock O'Dyvoy
28,12,1/27/28,10482.63,cash,85-199-0123,Ezmeralda Buckoke
29,542,7/28/28,32008.57,cash,06-679-8960,Markus Ikringill
30,138,1/18/16,13604.4,apple_pay,49-604-8198,Clareta Porcas
31,513,6/1/26,28237.66,card,31-410-6031,Cherri Creeghan
32,363,12/22/19,35510.11,paypal,59-313-9099,Marleen Godain
33,304,8/6/15,37360.78,google_wallet,96-696-9944,Hieronymus Tremmil
34,906,7/22/26,22357.57,bitcoin,71-087-6928,Sheilah Brazer
35,979,6/10/17,33075.41,cash,26-772-1175,Perl Conkay
36,385,4/8/23,28882.4,card,23-697-7094,Aurea Till
37,602,5/11/19,44997.19,apple_pay,93-818-0329,Kennie Walkington
38,176,11/13/29,14427.03,cash,91-141-6479,Fletcher Wetherhead
39,599,4/2/28,28164.83,bank_transfer,82-691-8056,Conn Benettelli
40,86,3/23/15,37404.24,bank_transfer,55-379-1800,Trev Riddles
41,50,4/13/18,46309.55,google_wallet,03-646-4616,Jasen Astley
42,245,1/22/21,8446.84,online_payment,99-598-6885,Gabbi Addie
43,142,12/20/30,43917.51,bitcoin,96-128-1441,Annetta Leipnik
44,305,1/13/18,44956.01,bitcoin,80-227-9222,Chick Curry
45,395,8/23/24,35641.38,online_payment,19-950-1838,Brianne Churching
46,345,4/22/19,14334.86,cash,84-703-7599,Cleopatra Going
47,382,10/23/16,36654.45,google_wallet,70-952-8349,Luise Seavers
48,619,3/12/28,21136.98,stripe,15-696-9975,Em Dodell
49,556,10/6/23,18231.01,cash,51-916-2699,Pavia Jaques
50,216,7/16/20,26826.94,online_payment,94-337-4915,Edi Jephson
51,469,6/1/25,28756.1,google_wallet,21-377-9580,Lilia Teers
52,11,8/5/17,33304.59,google_wallet,47-601-8845,Mitch Mordon
53,949,12/21/25,20157.95,paypal,03-630-7736,Heall Gotter
54,917,2/4/21,20653.06,bitcoin,93-838-8939,Herold Normadell
55,185,5/27/15,28687.55,stripe,44-125-4319,Tracie McQuirk
56,77,2/11/19,6565.94,online_payment,32-943-2845,Milton Barosch
57,245,10/13/28,47184.81,google_wallet,35-170-2829,Augusto Skingley
58,941,3/22/27,11362.41,card,27-738-7445,Stephie Brannan
59,496,4/9/17,15457.39,google_wallet,12-173-8508,Nikki Lockery
60,353,9/26/17,31750.63,apple_pay,22-986-2907,Jenna Heims
61,176,10/23/21,8518.56,bitcoin,40-599-1641,Bentley Altree
62,555,8/9/25,6713.76,cash,33-235-0958,Lesya Beany
63,572,5/10/27,21255.45,card,67-716-7252,Benedetto Demaid
64,104,10/15/20,31942.84,bank_transfer,24-458-5222,Michaelina Mattisssen
65,236,2/10/29,23654.99,card,43-470-6749,Marcel MacTrustrie
66,120,1/29/28,3492.55,apple_pay,61-986-4531,Faye Gueste
67,112,8/25/28,38988.18,google_wallet,79-234-1856,Andrew Bownd
68,413,9/19/18,29442.78,apple_pay,42-280-0962,Redford Josskovitz
69,262,10/17/15,48603.44,apple_pay,37-212-3348,Ashleigh Moodie
70,957,1/11/29,3965.94,online_payment,41-691-8564,Kane Gammill
71,54,6/13/19,2955.04,online_payment,77-734-2467,Fayina Egle of Germany
72,5,1/16/26,46764.91,paypal,64-075-0669,Frasquito Maxweell
73,570,9/28/23,22934.29,bank_transfer,78-375-9737,Felix Cawdery
74,174,2/25/29,35835.41,cash,11-732-1646,Gweneth Walworth
75,642,8/13/27,42368.19,online_payment,42-091-9356,Sidoney Castanie
76,977,8/10/16,10811.45,cash,46-098-6224,Griselda Wilflinger
77,390,11/20/19,13472.88,apple_pay,38-529-3363,Clay Boribal
78,635,5/4/28,2263.18,cash,39-465-2874,Christalle Taylor
79,918,8/20/23,40710.33,cash,75-334-7745,Nicol Buy
80,625,11/23/22,31952.81,bitcoin,47-113-5688,Mirabel Woolaghan
81,519,10/22/16,12930.6,cash,28-244-2988,Ashlin Bouller
82,999,1/2/27,24337.42,bank_transfer,60-693-7747,Vachel Bage
83,728,5/31/21,10327.06,venmo,78-869-6052,Ibbie Mowle
84,711,1/14/22,8694.03,stripe,70-475-9947,Zollie Bavin
85,257,6/2/25,22752.41,bitcoin,99-294-7631,De witt O' Mullan
86,464,1/28/21,18302.78,paypal,21-481-9280,Tera Foystone
87,215,10/5/25,47366.96,stripe,85-773-5956,Dawna Leetham
88,227,2/21/22,35912.02,stripe,18-839-9767,Mac Serginson
89,399,1/4/25,16089.29,online_payment,37-239-1356,Ashlan Matys
90,40,8/26/28,16727.9,online_payment,46-913-5971,Kennett Skade
91,409,5/21/25,19067.13,paypal,22-530-7685,Pammy Aizic
92,660,2/7/19,17457.56,venmo,06-946-5814,Cris Wiersma
93,386,3/19/27,25937.26,cash,95-859-0681,Evvie Woolmington
94,256,7/4/21,35907.11,card,55-609-7461,Gay Torns
95,637,5/17/19,31283.9,online_payment,17-377-8456,Paulie Keats
96,619,6/21/26,30735.22,card,18-532-3413,Kitti Mullett
97,511,11/12/24,1912.28,bitcoin,69-687-5362,Carmella Walenta
98,713,2/22/25,35437.73,apple_pay,75-738-1268,Hewe Harme
99,176,12/27/23,17567.71,stripe,82-837-2850,Lorettalorna Blade
100,766,10/5/19,8025.18,apple_pay,38-811-4353,Emmy des Remedios
101,784,11/25/16,5667.49,apple_pay,97-645-4044,Jolyn Achromov
102,642,12/1/30,20342.65,stripe,37-747-8270,Zelma Duffell
103,660,9/11/15,47936.45,online_payment,90-438-0636,Cordula Eastlake
104,849,7/21/19,37243.4,bank_transfer,84-175-5264,Romain Humm
105,484,7/22/26,24346.52,cash,39-780-5263,Harriette Menhenitt
106,986,1/21/17,13710.33,card,12-379-2427,Guenna Minchell
107,385,3/2/27,26625.24,paypal,25-235-5617,Britni Romera
108,296,11/6/18,28364.1,venmo,91-879-6919,Livia Ogilby
109,828,1/6/26,27715.94,online_payment,41-841-0767,Connor Dregan
110,722,11/19/16,46193.39,card,54-000-6472,Beatrisa Sandbrook
111,631,9/16/16,9360.57,bitcoin,75-658-3124,Alvy Schapero
112,463,10/9/16,20186.24,bitcoin,07-207-2688,Raimund Kunc
113,60,4/1/17,22907.63,bitcoin,60-766-1914,Lorianna Santello
114,938,9/22/16,36767.7,cash,26-245-8034,Cori Eite
115,824,6/20/27,40349.88,online_payment,32-139-3958,Karin Yerrill
116,681,11/19/19,19504.07,google_wallet,99-847-7646,Heath Deex
117,458,5/30/24,34658.41,cash,96-718-7899,Case Bromhead
118,887,1/1/18,2445.2,bitcoin,04-249-4701,Bianka Piola
119,984,1/18/22,32667.81,paypal,11-516-6193,Domingo Baudinot
120,797,8/24/22,20361.13,bank_transfer,74-588-3049,Adelind Graalman
121,83,3/30/23,11962.28,apple_pay,07-267-3150,Danni Lee
122,311,11/22/21,42507.8,bitcoin,95-776-7592,Aguie McCord
123,908,4/18/29,43485.43,bitcoin,40-405-7846,Tory Markushkin
124,864,4/19/30,40407.36,google_wallet,31-952-7105,Judah Percy
125,75,1/19/16,34872.46,bitcoin,56-891-8029,Brennan Skade
126,694,4/3/15,38741.27,stripe,01-038-6370,Hunt Shapero
127,638,5/10/27,15447.03,cash,09-095-2891,Carol-jean Boanas
128,134,11/19/22,11299.01,paypal,55-035-3862,Jessi Priestner
129,57,4/30/24,28359.48,bank_transfer,51-298-4760,Nancee La Vigne
130,602,6/5/22,40354,apple_pay,86-831-4043,Duane Gentreau
131,633,11/4/21,306.22,card,68-077-7280,Kristan Jillis
132,779,9/19/21,12398.27,online_payment,07-125-0312,Muhammad Saines
133,941,12/13/29,31523.64,card,15-856-7216,Diena Sammon
134,772,5/29/26,27497.63,bank_transfer,09-273-8471,Bord Pearse
135,848,12/19/27,16698.05,venmo,54-504-8791,Miguela Rosborough
136,659,10/9/28,32493.46,stripe,84-922-6139,Shannah McComas
137,699,10/4/19,34135.35,venmo,60-056-1582,Eden Hevey
138,858,9/9/25,40380.55,bank_transfer,72-946-9483,Demetri Jacquemy
139,491,4/13/22,2889.03,card,14-722-9878,Selle Ernshaw
140,940,5/6/18,18109.55,apple_pay,61-193-7251,Elmo Harle
141,51,12/11/22,28689.63,bitcoin,14-440-3197,Zebulen Kepe
142,174,5/20/20,5035.01,paypal,83-493-8559,Marchelle Aries
143,982,9/14/21,48900.83,cash,08-300-8239,Nealon Emmatt
144,591,5/21/25,24487.32,cash,00-260-9296,Nan Egle
145,753,9/16/25,47011.66,paypal,26-736-7997,Carl Shenton
146,184,1/15/25,37122.46,paypal,87-534-2134,Stanly Vasenin
147,230,6/19/27,7125.98,google_wallet,58-189-8843,Augustine Ridd
148,444,9/2/23,42329.12,card,30-186-9115,Stefania Renault
149,974,8/26/18,49127.54,card,66-973-0937,Leonard Tambling
150,946,9/29/28,46643.24,google_wallet,81-473-6165,Nissa Morstatt
151,769,9/16/25,24366.59,apple_pay,86-205-8655,Dwayne Andriuzzi
152,32,12/17/18,23283.86,apple_pay,39-244-1240,Marys Baack
153,338,1/13/21,12354.26,online_payment,60-167-2174,Herminia Standering
154,609,3/18/23,46229.4,bitcoin,08-999-9721,Lyle Shorter
155,782,9/16/26,38534.18,paypal,41-154-3879,Alon Birdall
156,938,4/15/26,28452.2,venmo,61-691-3495,Teodorico Blue
157,501,3/16/24,33135.92,online_payment,67-962-6522,Reyna Emtage
158,621,3/27/19,30694.41,paypal,75-174-5816,Alidia Storrock
159,98,3/15/22,21226.36,bank_transfer,89-187-1106,Beryle Dwyr
160,393,5/15/15,48339.53,online_payment,28-672-2091,Dyna Garrelts
161,256,5/20/16,6432.61,stripe,88-916-8542,Joaquin Royston
162,451,8/2/27,49866.47,card,79-612-6945,Normie Flanagan
163,26,2/23/18,7125.87,google_wallet,14-848-8652,Angus Deener
164,231,8/24/28,42229.03,online_payment,92-571-2651,Sibyl Vivash
165,344,8/8/25,11964.44,online_payment,16-684-8758,Nara De Blase
166,612,11/4/23,45449.73,google_wallet,27-512-6686,Hannis Matashkin
167,480,8/27/19,35092.41,bank_transfer,43-917-2619,Christal Fairweather
168,474,3/22/27,22587.42,bank_transfer,84-709-5243,Harmony Weight
169,816,11/13/23,11593.4,cash,46-953-1837,Florance Maddyson
170,431,9/11/23,5213.11,bank_transfer,51-601-0307,Theo Jouen
171,999,2/14/27,9455.8,paypal,38-785-7837,Shalom Brahan
172,861,8/30/19,47577.19,apple_pay,46-718-8475,Tomi Tutsell
173,671,10/20/28,21785.72,apple_pay,91-331-6930,Burton Scintsbury
174,885,9/7/16,10954.43,paypal,60-073-8106,Nahum Mushart
175,383,10/6/29,48609,bank_transfer,96-674-2525,Ettie Cowderoy
176,964,4/6/17,38709.37,google_wallet,16-107-4470,Cyrill Bouzek
177,549,8/21/26,18247.42,online_payment,96-299-2929,Hilary Vosse
178,571,7/9/15,29292.71,card,07-495-9553,Benton Bilbery
179,388,8/16/21,47397.52,bitcoin,98-056-8514,Leonhard Dikles
180,549,12/18/22,3555.54,paypal,01-045-7382,Norris Jakubowsky
181,267,11/20/23,36556.92,online_payment,35-071-5868,Wilek Challicombe
182,495,8/8/19,8275.2,paypal,62-613-0875,Christa Bronger
183,380,11/12/15,2290.92,paypal,23-976-1201,Artemas Daveridge
184,691,4/20/27,7280.35,bitcoin,76-742-7553,Moira McCoish
185,717,11/22/27,49566.92,venmo,65-186-9288,Dawna Cottesford
186,852,6/10/27,9113.57,google_wallet,44-201-1390,Curry McKnockiter
187,384,12/5/25,9743.64,google_wallet,28-542-6630,Beniamino Whickman
188,838,10/23/24,16367.98,google_wallet,28-389-5618,Oliver Lenard
189,963,9/27/28,47729.94,venmo,95-978-7518,Bell Rackley
190,152,8/24/28,47634.44,online_payment,01-175-9550,Melinde Argontt
191,509,4/25/23,38068.43,apple_pay,99-637-5813,Andreana Oulet
192,570,5/20/16,44448.16,online_payment,86-129-0087,Terencio Siemantel
193,315,1/11/28,31321.2,google_wallet,24-583-8197,Deloris Underhill
194,914,12/24/19,13956.85,bitcoin,94-708-8133,Jolyn Bavester
195,237,5/27/17,33216.92,bank_transfer,29-938-3776,Lyn Selwyne
196,728,10/26/30,36412.67,cash,37-725-1232,Rudiger Greenland
197,760,5/11/26,16919.66,apple_pay,08-195-5984,Kirstyn Messruther
198,170,10/3/17,48557.38,online_payment,30-579-6798,Lynnett O'Leary
199,944,1/9/30,18709.78,venmo,56-069-5800,Doralyn Langstone
200,627,6/17/27,27463.06,card,09-787-0299,Edgard Heistermann
201,433,8/7/29,951.03,stripe,97-276-4424,Sadie Yeats
202,409,10/24/28,28244.79,apple_pay,13-608-7469,Cassaundra Pidgeley
203,411,5/13/20,17825.4,cash,26-740-0618,Becki O'Cahsedy
204,649,2/9/30,11610.57,google_wallet,58-940-0356,Koren Hacker
205,532,12/26/27,21210.95,paypal,73-518-4964,Barb Traite
206,473,12/27/21,11399.42,bank_transfer,68-646-4376,Lizzie Andrelli
207,678,1/19/17,25610.23,apple_pay,96-614-3049,Hermon O'Hare
208,106,11/6/19,9865.02,online_payment,46-785-4794,Tamarra Renahan
209,20,12/28/18,33651.08,online_payment,91-475-1932,Hillie Sibbit
210,324,12/23/18,32491.92,venmo,04-412-5018,Ania De la Barre
211,382,5/31/29,40952.76,venmo,55-501-4399,Charlie Guiet
212,487,3/16/20,41522.01,card,82-111-6490,Mattie McCoid
213,3,12/23/23,25571.2,venmo,96-501-5942,Red Georgeou
214,543,5/5/17,12282.75,bitcoin,74-370-1875,Dillie Bemwell
215,149,2/1/15,31706.09,paypal,65-529-8739,Maynord Maciaszek
216,936,1/24/28,34387.03,cash,52-350-3029,Kelbee Cromley
217,324,2/15/22,31192.96,online_payment,44-732-1531,Vere Janssen
218,525,6/14/22,17013.54,card,36-856-2736,Sylvan McConville
219,447,4/13/15,20343.87,bank_transfer,98-055-3254,Mata Cuniffe
220,75,3/13/21,38032.25,cash,31-490-8817,Rebekah McCormick
221,249,10/6/20,11333.28,online_payment,29-796-7491,Erminie Whiteley
222,944,12/7/29,4803.3,paypal,58-270-6360,Storm Benedtti
223,109,11/24/21,42421.93,cash,72-944-3001,Tracie Tole
224,516,4/17/18,19252.97,cash,84-821-3431,Elisabetta Flewan
225,157,6/16/15,45965.4,apple_pay,61-166-7938,Celina Jay
226,638,2/18/18,30385.45,online_payment,05-797-4233,Derrik Luke
227,938,8/12/25,45684.94,paypal,92-325-0378,Flemming Burkart
228,187,2/7/16,40354.52,card,79-582-2211,Elise Gilding
229,760,5/20/22,29082.63,bitcoin,76-555-8072,Jacintha Pashe
230,649,12/2/30,17445.5,bitcoin,83-833-0234,Harlin Spencock
231,529,1/26/21,25105.73,apple_pay,67-214-1823,Pamelina Tolmie
232,121,1/12/30,39294.11,online_payment,43-024-6324,Starlene Hedau
233,269,11/28/27,35878.85,paypal,47-076-3760,Christophorus McLagan
234,529,10/18/24,19881.86,card,50-036-6846,Johnette Coling
235,835,9/29/24,49947.31,bank_transfer,06-223-8576,Winnifred Hiley
236,597,8/29/25,3721.69,venmo,15-002-3333,Chrissy Gogan
237,484,1/24/15,4245.96,paypal,88-830-5035,Donia Abrahamsson
238,99,11/24/21,37273.6,cash,82-790-2985,Thelma Fowley
239,818,2/28/23,850.34,card,87-538-1525,Garnette Tofanelli
240,174,10/9/26,45733.22,cash,22-843-4730,Sayer De Bell
241,919,5/2/15,42152.73,online_payment,97-235-2796,Scarlett Baitman
242,941,3/18/20,34283.34,online_payment,39-854-5745,Trudie Cosely
243,535,2/23/24,16387.54,stripe,22-088-4380,Steffen Kipling
244,634,5/29/17,37052.32,bank_transfer,58-330-6671,Orville Lickorish
245,812,9/18/30,44969.42,paypal,55-289-0666,Judi Winsper
246,49,7/24/17,48301.75,apple_pay,52-344-4817,Rik Keerl
247,798,8/26/15,3852.38,stripe,59-962-6540,Otis Senecaut
248,977,5/15/20,16096.82,bitcoin,46-625-5405,Winni Hamlin
249,894,5/27/17,39816.78,card,33-385-5660,Lurleen Pappin
250,530,12/31/15,448.96,apple_pay,80-276-5092,Bond Vasilmanov
251,856,9/1/18,45239.75,paypal,76-945-5208,Raine Dermott
252,1,8/26/23,4215.29,stripe,46-162-7942,Jacquenetta Le Houx
253,615,5/29/21,46087.75,apple_pay,36-420-0773,Clare Antoniazzi
254,954,9/11/26,3687.75,stripe,62-748-1646,Jessalyn McFadden
255,875,2/12/27,24584.62,bitcoin,29-519-5120,Maurise Cayzer
256,687,1/12/22,44200.54,venmo,78-600-3400,Lewes Bilbey
257,17,5/16/19,15731.62,venmo,33-375-8010,Sylvan Houndesome
258,408,2/23/27,38762.73,cash,28-287-0104,Neal Semechik
259,953,11/15/24,26239.25,online_payment,62-617-6701,Bettina Barks
260,288,2/19/24,17248.17,bitcoin,88-782-7720,Melva Boys
261,100,6/15/15,14913.22,card,38-776-7500,Tamarra Dansie
262,898,3/24/24,9074.85,bitcoin,16-828-7343,Gilda Janda
263,996,8/27/21,9.87,cash,17-040-2736,Edi Full
264,158,7/23/15,41073.73,cash,23-034-7475,Novelia O'Rafferty
265,541,1/7/27,10254.39,venmo,88-837-2101,Tulley Sea
266,314,10/5/15,41299.74,bank_transfer,77-766-6615,Mechelle Nolte
267,200,6/1/17,18220.91,bank_transfer,55-412-6521,Charmain Greaves
268,486,7/11/26,38807.27,stripe,27-340-2099,Bunny Vittle
269,983,8/16/22,26219.23,cash,30-566-2166,Patrick Stratley
270,309,6/9/29,30612.67,online_payment,24-765-5851,Lucina Geffcock
271,354,5/7/25,36459.48,cash,98-461-8271,Buckie Rasher
272,869,9/12/23,47129.79,bank_transfer,99-519-5667,Dimitry Delacroux
273,480,1/19/28,24294.33,stripe,66-835-7080,Gregoor Derges
274,673,12/14/21,26971.99,bitcoin,61-873-3220,Ludovika Oriel
275,639,1/25/29,30601.63,paypal,37-931-5045,Astrix Docherty
276,656,3/23/24,25842.02,card,95-156-8451,Hillel Fusedale
277,152,9/13/27,46788.44,google_wallet,41-031-4536,Camille Byrth
278,415,8/1/16,6994.23,stripe,36-794-7101,Gaylor Wither
279,58,1/29/18,45264.44,card,53-323-8522,Noel Pepys
280,289,11/11/29,41940.14,paypal,51-281-4501,Fifine MacRinn
281,899,6/28/18,32686.95,stripe,44-193-7406,Izaak Baraclough
282,858,8/22/30,47574.16,google_wallet,01-370-2308,Ema Box
283,528,9/21/22,5930.72,paypal,20-441-8769,Dana Claremont
284,659,3/18/25,13915.87,paypal,85-498-9174,Nannie Mallord
285,335,5/5/29,12145.59,bank_transfer,14-677-3289,Baryram Tedorenko
286,806,3/7/16,21627.82,online_payment,78-986-0589,Aldin Frenzel;
287,393,9/9/15,12387.17,stripe,31-135-2372,Kial Bulley
288,469,3/19/18,33540.76,card,66-075-8903,Bea De Bernardis
289,297,2/27/21,39397.83,bitcoin,54-482-9059,Aland Camamile
290,981,2/12/15,34579.57,stripe,76-566-8367,Dreddy Laraway
291,203,9/7/20,35541.63,bitcoin,47-287-8175,Allys Shapira
292,655,9/23/30,45278.22,bank_transfer,79-907-7688,Christoph Bachanski
293,302,11/25/29,26831.31,bitcoin,01-348-3156,Phil Chessor
294,212,11/1/29,36492.88,apple_pay,42-699-6246,Jo Frondt
295,559,4/6/22,20645.35,bank_transfer,81-612-1395,Umeko Genese
296,332,4/30/30,19216.71,bitcoin,09-185-3449,Cale Clewarth
297,369,12/28/21,14380.51,google_wallet,76-157-3330,Hadrian Robrose
298,163,11/2/27,42149.2,bank_transfer,08-783-6095,Ingamar Binne
299,592,11/28/26,16304.15,venmo,26-078-5537,Marina Januszewski
300,190,12/9/29,7734.04,cash,20-578-7685,Benji Willans
301,397,7/22/24,33677.77,venmo,11-512-9778,Aliza Cotterill
302,907,10/20/17,49962.73,paypal,64-375-8770,Delbert Winnett
303,39,6/6/18,28494.79,bank_transfer,55-295-9154,Karla Pyford
304,844,3/24/16,49369.12,card,01-672-0193,Fields Slimon
305,112,2/1/16,9708.8,bank_transfer,34-634-2670,Willetta Crumpton
306,617,7/5/20,47783.29,venmo,80-685-8835,Anselma Peevor
307,224,9/21/28,23793.75,google_wallet,62-715-7228,Alexio Blanking
308,196,1/11/19,45632.32,google_wallet,77-999-2244,Cobby Burkart
309,286,9/14/18,26855.38,card,53-220-9229,Modestia Faro
310,945,9/19/19,28203.19,cash,61-597-0724,Blaire Seagar
311,118,12/3/25,39566.83,google_wallet,58-291-3459,Kingston Flieger
312,605,10/19/24,41470.68,bank_transfer,13-642-2262,Silvano Dunseath
313,843,3/30/29,13039.37,stripe,83-555-2483,Daffy Rizzo
314,372,1/20/28,12328.27,card,50-122-5279,Shirleen Hurler
315,652,1/17/26,12743.53,bitcoin,13-627-6637,Lev Scollard
316,762,1/8/20,38228.11,stripe,02-838-9996,Sloane Clohissy
317,715,4/11/30,29458.14,bitcoin,24-876-3426,Boris Bartels-Ellis
318,941,7/9/27,13823.99,card,14-590-7028,Grissel Lorenzo
319,695,1/8/20,1288.55,venmo,33-929-2338,Gusti de Verson
320,723,12/31/25,25912.01,apple_pay,22-670-7440,Evangeline Kneeshaw
321,404,11/4/16,9098.19,cash,40-060-2910,Carr Alvy
322,745,1/17/30,36696.21,apple_pay,63-647-6363,Tamqrah Dowdeswell
323,660,11/10/30,9365.54,stripe,89-807-8520,Elaine Wragge
324,879,3/6/28,43518.99,google_wallet,90-761-0606,Krystalle Syrett
325,207,6/16/22,33389.84,cash,57-658-3741,Beale Lohoar
326,967,1/31/17,48001.74,apple_pay,48-897-9505,Hatti Myott
327,18,4/10/21,2098.78,cash,55-487-1884,Pippy Gammon
328,906,11/6/24,24150.4,bitcoin,35-053-5775,Jereme Corneljes
329,584,6/4/18,15617.99,google_wallet,00-843-9972,Christabella Irnys
330,946,1/28/25,2555.05,online_payment,68-567-2514,Luis Glossup
331,897,5/11/17,8295.9,bitcoin,94-194-8016,Georgeanna Brauns
332,933,6/19/27,31850.45,card,38-982-1068,Melisse Chatto
333,615,8/24/15,962.51,stripe,23-455-7557,Jozef Petrowsky
334,138,8/30/20,43662.21,cash,14-552-4326,Jessalyn Antognoni
335,469,2/16/20,14357.65,bank_transfer,67-281-8695,Jedd Orknay
336,873,5/19/29,25857.81,bank_transfer,45-744-0305,Pierson Peotz
337,280,5/30/21,26426.38,cash,50-471-6851,Iggie Sherringham
338,691,6/21/24,27059.4,online_payment,12-401-4258,Nola Loudyan
339,345,8/15/19,48371.48,venmo,43-220-5938,Sauncho Taw
340,158,6/24/27,23215.86,card,45-709-5458,Dare McGahey
341,162,8/17/30,48332.37,stripe,31-382-1889,Kelsi Demer
342,330,10/29/27,38539.17,bank_transfer,05-623-9133,Zsazsa Darrell
343,261,4/18/26,7606.35,bitcoin,39-795-3469,Phil Searight
344,316,3/26/15,46830.33,online_payment,01-245-4184,Seward MacCall
345,955,1/3/19,18526.12,cash,79-911-6436,Meggi Scarre
346,956,2/11/27,11001.65,stripe,05-402-2011,Belinda Powis
347,89,8/14/23,474.86,bitcoin,05-101-4621,Cornie Rodda
348,139,4/15/21,8911.04,card,81-802-7970,Nicolle Johananov
349,436,6/20/30,21861.67,card,49-967-7850,Nickie Kinchin
350,608,4/4/18,45508.53,card,94-999-8775,Wilfred Luquet
351,394,8/13/27,26880.04,google_wallet,70-066-2139,Elfrida Foldes
352,6,7/7/16,23853.32,online_payment,89-580-3629,Pammi Chazotte
353,111,4/4/22,15352.16,apple_pay,23-089-2206,Emlynne Piotrkowski
354,63,12/26/16,18424.83,stripe,14-429-2196,King Dominguez
355,507,3/4/18,22026.83,cash,23-752-6014,Eloise McCaughey
356,275,12/17/17,31903.49,stripe,68-026-5714,Janie Whinray
357,865,12/5/19,43937.5,stripe,75-344-1967,Emilie Puckey
358,492,1/21/28,16360,cash,24-510-6636,Rhianon Glauber
359,703,12/23/21,34585.85,stripe,14-496-2127,Raynor Phillis
360,275,3/9/20,25432.61,bitcoin,54-258-1851,Hedwiga Pestor
361,538,1/4/26,33610.27,google_wallet,55-609-2926,Lorinda Mussolini
362,575,4/18/23,22595.17,venmo,42-265-2291,Michaela Martinie
363,101,6/19/25,26535.42,card,03-708-6541,Mab Acosta
364,304,1/21/26,22910.47,google_wallet,21-869-3115,Stanton Casillis
365,725,4/25/16,18123.45,stripe,61-182-4839,Jenica Blackney
366,299,12/20/23,24811.57,bank_transfer,54-874-5283,Almira Kennifeck
367,134,10/23/16,23916.32,venmo,06-703-2227,Tersina Masterman
368,978,3/28/24,49893.73,bitcoin,07-613-9204,Hildagard MacAlister
369,470,11/6/27,14537.17,bank_transfer,24-421-6993,Gerri Disdel
370,50,5/3/24,41355.63,online_payment,93-420-7430,Cairistiona Mollitt
371,87,11/11/19,11504.37,venmo,09-173-9005,Sella Shills
372,388,5/20/19,38891.27,online_payment,22-285-6732,Donnie Phare
373,33,2/17/16,24401.63,apple_pay,49-841-2824,Hurley Tayspell
374,1000,6/30/26,45007.32,paypal,60-460-5769,Garrick Edgington
375,358,6/22/20,3000.87,bitcoin,78-711-1749,Bonny Fettiplace
376,335,2/19/29,33607.54,venmo,22-580-0996,Jaimie Petran
377,415,3/9/21,9381.18,online_payment,35-424-6541,Robbin Gresser
378,637,2/18/22,24387.59,paypal,73-254-9259,Timmi Scimone
379,865,9/9/29,30288.9,stripe,34-455-0332,Gwenora Jurczyk
380,671,9/11/18,3910.6,apple_pay,64-048-6550,Terri Brownsworth
381,537,4/14/16,12028.84,card,36-765-0198,Vilhelmina Meriot
382,745,1/11/30,3955.65,stripe,84-079-6750,Dalston Greenlees
383,264,10/12/21,1089.56,cash,03-117-2973,Lilias Gildersleeve
384,11,3/1/15,32796.26,bitcoin,44-900-4831,Ham Pidgin
385,667,2/27/20,1899.86,card,35-568-4498,Melody Threadgold
386,838,11/30/16,45448.2,bitcoin,35-336-5083,Antonetta Fattori
387,934,10/16/28,43652.99,online_payment,67-873-0219,Randa Rennocks
388,21,5/24/17,27573.36,stripe,17-072-5470,Astrid Lingwood
389,991,2/1/24,4532.84,stripe,97-265-9537,Murray Defew
390,724,7/1/16,42535.66,stripe,86-753-7195,Norean Barriball
391,552,10/29/16,43424.98,paypal,58-339-3393,Florri Wattins
392,197,10/19/17,44845.51,google_wallet,34-078-9805,Carmella Barling
393,580,2/21/25,22763.6,card,99-270-3300,Belvia Prettejohns
394,902,6/3/21,45252.77,venmo,61-116-7307,Steffane Fishly
395,4,9/1/30,27186.52,venmo,79-333-4180,Marcus Loach
396,487,11/29/30,4497.96,online_payment,41-406-0172,Penrod Croley
397,305,9/29/15,3223.4,online_payment,12-987-2321,Graig Gravenall
398,372,7/1/30,45122.71,bitcoin,96-908-9119,Davidde Airth
399,908,10/12/26,2920.6,google_wallet,04-995-9621,Benedicto Harvison
400,770,7/2/29,47410.26,apple_pay,60-328-1704,Miran Murtimer
401,335,6/15/23,37959.42,apple_pay,18-670-3269,Kane Rayhill
402,55,8/16/22,14648.54,venmo,17-182-3981,Newton Rallings
403,571,12/19/16,18858.36,cash,06-503-7715,Drona Lambden
404,917,10/14/25,49423.47,google_wallet,44-945-8475,Bertie Arter
405,65,1/13/24,44373.47,card,97-553-1440,Aleece Tours
406,549,12/25/15,32422.15,venmo,94-774-4607,Lyda Hackley
407,829,10/25/16,2601.45,stripe,27-786-8611,Lorita Onele
408,981,9/15/19,49693.83,paypal,30-430-8446,Nat Pfeffle
409,335,8/17/30,19922.79,bitcoin,10-468-9357,Ilise Yglesia
410,822,7/4/28,27408.52,stripe,52-955-4819,Cyrillus Prene
411,784,3/5/22,43522.64,cash,27-940-5969,Cory Sallarie
412,487,10/25/29,22875.68,card,02-155-8706,Martie Andrew
413,672,10/23/17,39704.93,online_payment,94-210-2469,Marge Diter
414,522,6/2/21,48474.47,apple_pay,85-006-6644,Almira Aylmer
415,159,10/17/15,28643.99,bank_transfer,42-772-2622,Ari Limb
416,60,9/19/22,3773.8,apple_pay,58-145-0294,Boy Shinfield
417,50,4/16/20,47822.92,apple_pay,41-243-0538,Upton Ricket
418,710,5/30/15,15569.04,paypal,84-466-5499,Bryan Jenks
419,209,9/24/25,20954.89,google_wallet,26-779-6586,Bonnibelle Greenley
420,554,4/24/25,15350.46,google_wallet,42-891-9786,Bess Saveall
421,569,1/26/22,29801.35,bitcoin,61-838-0774,Conway Parell
422,268,6/13/15,46409.65,apple_pay,01-644-5203,Ted Loughlin
423,710,2/15/28,41771.79,stripe,61-488-4128,Dare Foucard
424,827,7/8/21,3938.93,online_payment,12-752-3659,Raquela Donson
425,779,1/15/23,45627.87,venmo,00-255-0901,Eolande Allderidge
426,47,12/30/17,7206.79,google_wallet,43-570-3487,Sean Schwand
427,197,6/7/24,48553.25,stripe,52-349-0465,Giselle Esmond
428,774,10/14/16,19256.24,stripe,33-702-6352,Diena Hampstead
429,351,12/8/21,6067.79,bitcoin,69-362-0750,Glynis Habben
430,148,4/1/15,41814.98,online_payment,33-078-4774,Gerianna Aulton
431,324,11/29/30,24282.31,apple_pay,94-743-8975,Linet Laver
432,993,5/19/26,42166.15,bitcoin,54-863-8860,Jeremiah Oxbury
433,121,1/5/15,10971.53,venmo,05-718-8665,Pauli O'Neal
434,250,5/10/15,25204.05,cash,29-406-7175,Jethro Quinn
435,140,6/18/18,16290.22,cash,12-303-2483,Cecil Caps
436,955,2/26/27,631.84,stripe,47-338-1407,Carce Greswell
437,921,5/3/27,41098.06,bitcoin,02-193-8491,Erskine Spacey
438,860,6/17/19,11103.43,bank_transfer,73-816-8488,Lombard Coghlan
439,529,12/19/29,13419.04,bank_transfer,62-615-5665,Micheil Lankester
440,715,6/5/22,14776.89,google_wallet,74-425-1220,Roda Skippen
441,590,8/20/16,49963.56,paypal,22-544-9004,Kristan Innman
442,11,6/13/25,22626.81,google_wallet,64-470-3454,Fanchon Barclay
443,604,12/18/29,10652.44,apple_pay,41-820-6383,Anna Beilby
444,389,6/8/16,44247.97,apple_pay,02-724-5002,Chrystal Houlison
445,159,11/1/25,29093.63,online_payment,79-228-5565,Delcine Plunket
446,997,10/14/16,11696.92,card,15-077-9013,Viki Littlechild
447,573,7/20/24,38865.77,google_wallet,98-180-0211,Shaw Fisher
448,324,2/9/24,2103.99,card,16-598-4339,Ealasaid Hassard
449,730,11/4/19,40367.74,bank_transfer,75-326-4659,Bald Spanswick
450,981,3/6/15,41065.2,venmo,44-295-1210,Gill McDuff
451,573,9/17/30,44947.56,card,83-574-5812,Kalvin Poulsom
452,667,1/17/23,14133.5,apple_pay,10-474-7941,Greta Wakefield
453,970,4/14/21,2562.94,cash,11-812-6179,Dillon Ettery
454,471,2/10/24,1185.8,venmo,09-010-6965,Ivonne Mastrantone
455,895,5/22/15,44624.13,apple_pay,51-141-4124,Ursala Marcu
456,447,9/28/23,12519.36,stripe,00-237-4987,Abe De Domenici
457,29,6/2/17,19414.69,paypal,17-955-6899,Wright Barrack
458,292,6/1/30,22122.07,card,26-755-5813,Hobart Woolfitt
459,403,9/20/23,6216.08,online_payment,48-304-0529,Bobbi McCrorie
460,814,5/2/17,37026.77,apple_pay,67-217-0286,Mayne Roloff
461,672,10/19/29,39258.68,bitcoin,00-052-4282,Francois Gover
462,722,7/28/15,21882.3,google_wallet,33-843-4897,Bartel Patnelli
463,418,3/8/18,18343.08,paypal,55-632-9420,Shelagh Maysor
464,706,3/7/28,34888.83,google_wallet,26-283-6986,Nichole Bradd
465,247,10/8/18,24008.16,bitcoin,41-393-9286,Corene Grinaugh
466,384,11/7/30,2561.9,cash,72-712-4127,Dede Flowith
467,925,8/23/22,14657.93,venmo,87-449-8827,Polly Midner
468,82,6/19/18,38221.63,bank_transfer,61-814-0771,Stevena Soldi
469,267,11/22/19,32080.79,bank_transfer,20-123-5927,Charlene Craigg
470,986,12/10/23,555.33,apple_pay,89-481-2680,Perri Popping
471,544,1/2/24,23450.77,online_payment,13-185-7211,Almira Haggar
472,811,10/17/27,43604.75,online_payment,74-168-6289,Clerissa Lyven
473,229,8/16/19,22903.41,cash,77-198-3706,Harmonia Pharo
474,796,2/14/23,4033.15,online_payment,60-308-6819,Antonella Janczak
475,467,3/21/28,24308.89,bitcoin,63-972-9419,Missie Graves
476,500,6/10/22,15450.7,stripe,89-925-7448,Kelly Abbet
477,245,7/1/26,10551.18,card,52-536-2409,Raye Pleasance
478,124,10/28/25,23101.47,google_wallet,17-081-7632,Becki Fleeman
479,784,8/25/20,32623.04,paypal,70-466-6134,Etty Cashen
480,950,8/13/24,29326.34,venmo,26-181-2448,Emeline Isaksen
481,39,11/29/22,24008.82,online_payment,79-492-7803,Gelya Nash
482,589,7/29/25,10423.79,paypal,51-079-2045,Jacquetta Lumm
483,362,9/29/28,22625.17,card,91-336-5405,Calli O' Flaherty
484,459,3/16/18,12792.61,card,30-626-3941,Belicia Roseman
485,214,8/19/23,13807.89,stripe,69-861-4420,Luke Guisby
486,239,4/17/26,3683.86,bank_transfer,19-430-0030,Dru Bullman
487,551,5/3/27,21466.68,online_payment,00-331-4359,Flss Menhenitt
488,489,3/19/24,16384.05,paypal,93-028-3283,Vanny Fairey
489,34,5/24/18,5113.5,bitcoin,25-794-0862,Freddi Baldacco
490,475,3/5/23,43227.11,google_wallet,81-923-5108,Robin O' Scallan
491,874,10/20/29,20287.63,apple_pay,81-395-2904,Margo Brickdale
492,244,5/19/20,433.21,cash,76-667-1118,Cornelius Coatham
493,803,5/22/18,20818.28,cash,84-112-3597,Sidonia Andrzejewski
494,96,10/2/25,34490.24,apple_pay,45-734-9514,Kelsy Marl
495,354,10/20/23,13783.28,bank_transfer,69-297-0125,Brooke Tomadoni
496,928,9/3/29,1738.62,cash,41-199-7120,Micheal Allderidge
497,649,8/22/23,32237.68,google_wallet,15-093-9509,Maryellen Elwyn
498,513,7/12/25,19112.55,stripe,66-686-5525,Lenore Lightbourne
499,411,4/16/21,33887.03,paypal,00-197-8281,Lee Hallan
500,828,10/20/24,9045.94,google_wallet,35-734-2934,Tristan Stops
501,78,7/9/17,34912.53,google_wallet,07-719-4406,Phebe Doggart
502,629,11/28/30,21849.31,bitcoin,33-528-4383,Renelle Labern
503,14,2/10/28,25498.93,paypal,18-652-5190,Maitilde Hartop
504,870,6/10/25,43355.62,venmo,96-462-7084,Boote Galey
505,725,12/28/30,1248.21,venmo,99-928-9538,Russell Trathan
506,642,4/6/21,39875.83,paypal,86-363-8616,Haskel Dankersley
507,74,2/27/16,26932.35,cash,94-064-0024,Lanni Gookes
508,39,4/2/28,9190.83,bank_transfer,84-883-5745,Pietrek Denisyuk
509,386,9/14/24,45087.06,apple_pay,97-448-2951,Conney Di Bartolommeo
510,79,3/24/21,37939.64,venmo,56-461-0306,Sada Casterot
511,673,2/6/18,1430.75,apple_pay,50-286-1551,Jule Lafond
512,5,1/24/26,46215.44,cash,51-785-4454,Gwenora Seyers
513,496,11/25/21,5232.14,online_payment,75-666-1536,Valentine Godain
514,676,10/13/22,13135.16,cash,67-635-9782,Jayme Sifleet
515,449,10/4/22,43995.78,card,25-524-7525,Lydie Kevern
516,996,2/13/17,15745.37,venmo,83-072-9627,Aubrie Wollers
517,773,1/21/29,29547.22,venmo,00-336-6749,Trace Zanolli
518,145,2/20/23,3685.48,google_wallet,23-200-9678,Hagen Stanaway
519,505,12/8/18,20789.13,bitcoin,66-318-6380,Leif Joust
520,677,10/23/21,20759.87,apple_pay,51-023-4104,Donnell Pacitti
521,948,9/11/28,16233.51,google_wallet,40-538-0587,Minta Collyns
522,532,11/4/24,42765.31,apple_pay,16-144-9999,Dione Stuehmeier
523,460,8/9/24,2715.68,bitcoin,29-348-4952,Donnie McDade
524,64,7/29/28,22902.5,paypal,59-253-0260,Olivie Nixon
525,479,4/13/26,40524.87,card,56-986-2594,Yale Darkott
526,212,7/13/19,14543.81,card,03-364-8819,Catlin Vinten
527,85,6/7/22,12075.07,bank_transfer,79-688-2280,Arvin Mariotte
528,952,12/24/28,35246.28,bitcoin,45-149-8970,Cariotta Mackriell
529,572,1/1/26,34213.27,cash,67-537-2524,Chery Bosworth
530,142,9/8/30,43407.95,card,81-971-1396,Marris Rendle
531,485,11/15/19,2301.38,bitcoin,00-420-5162,Urbanus Kasper
532,982,3/4/30,7241.52,bitcoin,60-542-8566,Britteny Papps
533,236,10/22/29,34912,bank_transfer,43-130-7101,Domingo Kemwal
534,194,12/14/18,21357.19,paypal,11-372-2458,Raquela Brickham
535,279,12/27/22,41841.14,paypal,41-446-7770,Elysha Carrigan
536,938,6/15/20,32235.22,stripe,81-934-5349,Lyssa Tantum
537,853,12/1/27,48134.55,stripe,40-851-0013,Jobina Rolland
538,827,8/30/18,27319.41,card,57-484-8013,Drusi Paulisch
539,558,5/15/29,39962.71,google_wallet,64-461-8128,Shayne Tweedlie
540,813,4/15/17,42904.44,venmo,80-787-3520,Corbie Trimming
541,903,11/23/24,5995.91,google_wallet,21-606-8985,Eba Beach
542,857,11/10/28,42902.98,card,43-558-5626,Libbi Bloxsum
543,269,1/7/25,21567.66,paypal,10-657-9696,Brook Blockey
544,978,8/22/19,43973.41,apple_pay,08-924-6719,Ludvig Tiplady
545,989,3/1/15,18496.51,online_payment,84-409-4997,Chuck Cattonnet
546,789,2/16/26,38384.5,venmo,39-754-5721,Barbaraanne Labrone
547,82,2/9/28,31163.93,card,79-066-7040,Maggee Lippett
548,449,10/14/17,3930.28,apple_pay,64-767-2664,Vilma Foli
549,938,6/11/27,37227.33,bank_transfer,33-534-1191,Helsa Prall
550,927,9/20/19,28008.2,cash,36-496-5345,Dorree Burnapp
551,89,2/13/17,1081.57,bank_transfer,88-823-9929,Randee Leifer
552,64,2/23/28,19860.79,paypal,32-788-9376,Micaela Klouz
553,614,7/4/16,43676.37,stripe,01-812-6459,Velma Massingberd
554,119,3/17/30,23995.97,venmo,27-366-1213,Tyrus Effnert
555,665,3/26/30,27723.55,bitcoin,17-224-3824,Dierdre Dowthwaite
556,193,7/16/29,33014.58,stripe,63-196-5981,Marcy Jaukovic
557,300,3/1/26,32606.22,cash,11-222-6308,Stevena Cabble
558,104,6/26/18,34393.61,online_payment,06-083-3726,Tony Cellone
559,340,6/25/25,358.83,paypal,28-302-3647,Charity Han
560,408,3/9/25,17618.97,apple_pay,37-635-5743,Artie Pantling
561,140,4/30/20,38299.95,cash,35-449-3524,Cosetta Jubert
562,238,10/1/20,39050.25,bitcoin,07-204-6418,Julee Powley
563,498,4/9/26,46526.97,apple_pay,55-833-1452,Bibi Atherley
564,834,5/12/16,36398.47,paypal,79-827-6103,Domenic Dunbobin
565,435,3/19/30,27981.45,bitcoin,98-330-8595,Patrice Vause
566,602,6/23/23,39964.06,stripe,24-088-6083,Ambrosio Hankins
567,385,7/1/21,7395.23,bitcoin,52-881-4904,Cristiano Pinchbeck
568,20,11/4/26,22913.25,bank_transfer,75-392-0964,Natassia Musson
569,77,7/2/27,38109.43,card,62-435-3614,Arel Bartolomeo
570,775,3/17/27,39588.05,venmo,05-768-9538,Shandy Waplington
571,441,12/21/27,24230.52,google_wallet,05-912-5812,Sollie Voller
572,709,2/4/28,7620.97,google_wallet,46-626-2506,Carolyn Trevascus
573,534,6/30/15,9007.91,apple_pay,18-807-6804,Theodoric Bealton
574,24,10/1/23,18.73,bank_transfer,98-475-8598,Andrea Bisp
575,479,8/30/28,19722.09,bitcoin,45-220-6052,Cathe Doxey
576,743,5/17/19,12146.79,card,21-402-3736,Catina Nellen
577,920,11/29/19,37315.54,paypal,37-850-9091,Sadella Jaffra
578,374,8/14/27,13274.1,stripe,09-319-1812,Sallyanne Purple
579,315,5/27/18,29395.8,paypal,97-272-5536,Marnia Ghione
580,446,9/25/15,11866.62,bank_transfer,53-867-0773,Inez Chumley
581,153,7/20/22,49498.57,cash,02-023-2478,Sayer Dugald
582,731,5/28/28,3905.26,bitcoin,23-738-9200,Adler Osbourn
583,662,12/21/17,46152.79,apple_pay,69-720-3417,Debor Ballintime
584,361,7/24/25,45124.76,apple_pay,22-528-1377,Ellsworth Dassindale
585,573,2/17/28,34837.07,paypal,16-929-2774,Pris Bowley
586,576,3/12/17,38534.78,stripe,74-578-3761,Vinnie Vel
587,347,3/19/19,8118.03,bank_transfer,95-209-3619,Rochester Clemenzi
588,801,2/27/26,11043.09,online_payment,57-795-7649,Hart Allender
589,791,11/5/15,17298.91,stripe,19-668-8363,Arte Deeman
590,671,7/1/26,35816.34,google_wallet,38-283-5960,Boniface Forber
591,115,3/8/25,33101.11,stripe,77-322-6678,Haley Becket
592,993,1/11/18,29577.25,online_payment,51-267-0442,Oswald Sherbrook
593,717,4/22/19,44293.21,google_wallet,97-850-5435,Devin Emlyn
594,701,7/3/24,19232.16,bank_transfer,14-717-4334,Thibaut Di Roberto
595,851,2/6/18,41413.47,paypal,64-777-9091,Cortie Thurlby
596,891,5/30/25,43318.02,paypal,51-393-2859,Anne-corinne Bogeys
597,515,12/27/20,42409.83,apple_pay,70-680-0951,Lemar Hartburn
598,353,7/19/28,14246.09,apple_pay,72-838-1814,Ruthe Chappel
599,383,12/28/24,30083.23,venmo,75-828-2503,Frazier Bradbrook
600,460,6/15/24,4000.77,card,60-777-7721,Belvia Hauch
601,675,4/8/22,39874.87,bank_transfer,83-679-3276,Blinny Palphramand
602,357,3/7/16,7938.82,apple_pay,54-172-8433,Korie Gornall
603,190,1/4/17,30275.13,card,92-063-9578,Serge Shellcross
604,967,10/11/19,20210.01,bitcoin,03-189-1086,Cristine Tinan
605,594,1/23/22,33303.23,apple_pay,67-114-9451,Othilia Iremonger
606,713,8/22/28,32397.78,card,04-580-4195,Barton Reede
607,159,3/22/15,23285.47,apple_pay,52-410-1638,Elisha Crinidge
608,808,7/22/17,31176.26,venmo,47-686-3211,Crawford Cordner
609,698,8/2/21,37730.76,apple_pay,65-807-9909,Jae Itzkov
610,367,7/19/20,46632.74,card,48-302-4791,Ferd Berardt
611,8,7/25/23,34349.24,bitcoin,00-345-9042,Jeanette Pods
612,379,5/13/23,6569.41,paypal,05-597-1335,Chrystel Danels
613,303,3/3/16,4587.49,bank_transfer,63-465-1419,Electra Tidy
614,543,6/21/26,49912.38,bitcoin,22-408-2034,Bay Hegg
615,340,3/22/18,7059.89,cash,97-297-0871,Lisha Siene
616,965,10/21/24,46692.74,stripe,76-548-0900,Sutherland Caplis
617,127,3/24/24,44898.46,bank_transfer,74-397-1634,Nicolai Kersey
618,8,9/1/20,23175.92,apple_pay,91-761-0907,Meara MacGaffey
619,413,10/15/21,36451.2,bank_transfer,08-179-2264,Benedict Freeman
620,415,10/20/23,26105.55,card,86-044-1877,Jilli Farfolomeev
621,670,2/28/28,10389.99,cash,66-820-2893,Lorilyn Iorillo
622,296,4/22/17,22412.17,venmo,92-428-7358,Pamelina Sayle
623,485,6/8/15,46417.52,bitcoin,98-792-0384,Jamil Littrick
624,138,12/14/16,39348.06,venmo,80-614-0640,Kippie Coade
625,739,9/4/28,26009.15,apple_pay,04-101-9849,Zeb O'Tierney
626,226,3/7/22,19310.26,online_payment,60-980-0840,Mayer Corwood
627,559,7/28/16,37417.13,bank_transfer,51-311-5419,Tuckie Dalloway
628,439,11/23/18,40932.37,google_wallet,73-311-6168,Garwood Ioannou
629,818,1/18/22,7557.11,venmo,21-982-9412,Devonne Vogeller
630,369,6/30/17,4842.17,online_payment,38-729-8482,Kev Keming
631,834,3/14/23,16824.08,venmo,24-266-3232,Waverley Illesley
632,963,5/31/28,19461.8,stripe,21-260-7187,Eleanora Cliff
633,286,2/25/22,31037.27,stripe,92-246-7163,Florinda Burnie
634,566,4/26/27,45523.84,paypal,72-266-3593,Vic O'Crevy
635,798,5/6/26,15242.06,paypal,51-757-7002,Marsiella Ianelli
636,519,11/6/15,18836.92,apple_pay,63-959-2688,Caitrin Gowing
637,233,3/27/26,8080.26,bitcoin,61-133-1268,Jewel Lassen
638,508,2/20/20,13153.93,bitcoin,52-714-6682,Kiele Shorthill
639,671,8/17/21,43014.15,card,26-597-2257,Allie Heigold
640,145,1/24/20,46558.4,google_wallet,98-181-3047,Cleon Labbett
641,826,4/8/18,32634.85,bank_transfer,97-881-7945,Gareth McMeyler
642,240,4/6/15,22528.57,bitcoin,72-377-0226,Andi Bocock
643,330,10/31/23,24378.22,online_payment,35-068-7968,Uri Utterson
644,890,11/18/28,30533.57,venmo,49-886-3631,Tallia Taunton.
645,788,11/10/23,25282.82,stripe,34-299-5229,Emanuele Bosch
646,773,3/23/16,41530.26,online_payment,65-418-1011,Loleta Bryce
647,705,4/3/19,9343.97,paypal,01-672-1744,Cassie Patley
648,701,12/29/21,14055.07,bank_transfer,65-709-7047,Angie Surcomb
649,1,5/12/16,23894.27,online_payment,41-477-3416,Carmelia Basilio
650,317,10/30/15,18697.98,card,15-989-8110,Gery Rivel
651,136,8/4/16,13631.91,card,60-398-2487,Owen Rawstorne
652,303,12/18/16,36202.46,bitcoin,09-863-8694,Rafferty Orable
653,378,11/15/21,42169.72,card,78-269-6499,Ida Lampart
654,289,11/19/30,34482.96,bank_transfer,23-779-3005,Bron Simonou
655,283,6/2/26,21857.32,online_payment,22-569-3636,Jacki Mildmott
656,708,2/25/18,21601.12,apple_pay,69-789-9350,Sheffie Burgum
657,698,5/5/18,5651.6,apple_pay,91-642-8940,Erinn Galle
658,241,4/23/24,4825.8,stripe,23-414-8764,Elaina Dunkerly
659,345,1/2/18,36808.5,stripe,55-197-8151,Martie Bock
660,183,12/14/21,16906.91,paypal,83-696-1205,Farly Blunsum
661,798,8/30/25,38933.19,bank_transfer,88-731-9984,Joleen Fleet
662,155,4/9/19,38038.75,bitcoin,78-070-8275,Ulrika Petrashkov
663,572,8/5/20,7835.68,paypal,42-347-1635,Piotr Jordin
664,583,11/28/26,4149.15,google_wallet,58-196-9946,Garrot Danby
665,102,9/24/24,6813.24,bitcoin,84-854-7476,Gregor Dymocke
666,279,10/1/23,24080.06,online_payment,76-978-7142,Mozes Verna
667,996,1/7/15,49732.59,google_wallet,00-477-4251,Hayley Waldram
668,241,11/24/29,20924.69,cash,09-417-6471,Jaquelyn Conneau
669,539,9/30/17,25736.27,venmo,82-068-6372,Brittany Mantripp
670,232,7/8/17,6400.1,card,63-895-4549,Brand Woolbrook
671,217,7/2/15,35023.42,paypal,10-843-7741,Blondelle Melding
672,78,11/22/19,31836.13,bank_transfer,20-194-7854,Christy Fee
673,305,12/11/16,26858.87,google_wallet,79-522-5544,Logan Lilleycrop
674,621,10/16/15,39815.99,stripe,45-664-6310,Ethelyn Schimek
675,717,10/17/29,4504.71,card,16-369-1075,Talya Faltin
676,214,4/27/28,23466.42,cash,41-900-5885,Noella Davidow
677,403,3/5/24,10778.3,stripe,09-498-3793,Torrey Dalton
678,1,10/20/15,30520.34,venmo,23-047-4478,Cleopatra Jikovsky
679,79,1/31/22,8007.49,paypal,13-934-9350,Wilburt Sheard
680,745,8/28/26,45456.71,card,32-024-8877,Stephana Beaston
681,292,12/19/17,25409.6,bitcoin,26-885-6762,Austen Lenz
682,93,8/14/21,19628.02,stripe,57-251-7549,Florella Trathen
683,299,8/30/29,16099.87,cash,90-373-5780,Jada Kivlehan
684,76,11/17/24,20972.09,card,79-632-5760,Sallyanne Trevan
685,506,12/24/16,11960.38,bank_transfer,40-949-2731,Rancell Cleave
686,152,1/20/26,3660.51,apple_pay,13-654-4155,Randee Neasham
687,186,11/25/18,989.82,venmo,38-279-6133,Audrie Billing
688,571,2/21/28,47129.37,card,77-747-7160,Hinze Baldam
689,802,8/15/17,18020.41,bank_transfer,03-610-4870,Orlando Blundan
690,674,1/15/17,32330.13,venmo,43-886-9818,Sybila Flipek
691,565,4/25/28,47666.34,cash,26-717-3148,Maury Hayes
692,980,3/20/29,16218.37,stripe,62-844-9354,Fawnia Prevost
693,60,8/30/30,42472.33,bank_transfer,25-558-7919,Francene Skayman
694,993,4/27/24,11071.83,google_wallet,36-647-7015,Meggie Stocken
695,627,12/24/23,30668.39,paypal,66-561-8809,Ceciley Gerding
696,786,2/3/19,12515.07,apple_pay,15-294-7239,Debra Matyukon
697,624,10/3/28,34072.08,online_payment,87-710-8529,Banky Buntain
698,735,8/8/30,31529.51,google_wallet,04-136-1382,Malvin Bonafacino
699,283,6/19/21,38814.24,paypal,94-914-2330,Bail Skeats
700,112,11/27/16,1893.66,cash,42-422-6294,Reilly Bettenson
701,506,7/30/29,38128.86,bank_transfer,13-097-0229,Trude Gauntley
702,301,9/12/28,12067.14,paypal,25-665-4966,Dallas Mowsdill
703,300,1/28/17,8041.37,google_wallet,42-172-4301,Garth Ech
704,256,11/21/15,13323.66,stripe,30-906-3553,Jenn Olczyk
705,318,6/25/19,31059.25,google_wallet,16-919-2542,Electra Kittman
706,220,7/29/24,29947.51,bitcoin,79-609-2578,Terry Ceresa
707,477,8/23/30,17836.75,apple_pay,96-259-6904,Dav Dalgarnowch
708,593,8/9/29,33657.68,card,29-066-1157,Petunia Shrubshall
709,446,12/23/26,4413.09,apple_pay,87-841-5395,Heall Pomfrey
710,232,8/21/29,25923.28,apple_pay,61-934-1877,Corena Langran
711,361,12/5/30,49392.61,venmo,30-180-7191,Pate Jack
712,617,2/3/29,4778.99,venmo,29-367-7561,Brnaba Toffanini
713,738,5/16/30,44403.33,stripe,20-296-9855,Kellen Fancutt
714,237,11/11/17,77.38,google_wallet,72-368-0430,Romona Normanell
715,264,8/18/18,40751.5,venmo,30-271-3340,Bendicty Petrovykh
716,113,3/31/27,32023.07,online_payment,71-440-0816,Adria Gusticke
717,708,2/20/24,19035.13,stripe,82-236-7201,Stillmann Kimmince
718,484,5/27/27,3863.41,venmo,42-873-0174,Cal Grimsdith
719,677,5/14/18,18981.27,apple_pay,22-758-9419,Hollyanne MacFall
720,277,1/11/15,5830.61,online_payment,19-192-2598,Irwin Feely
721,453,6/16/28,27595.66,venmo,26-527-4276,Rutledge Langford
722,226,12/23/18,4846.93,paypal,64-987-9271,Jeana Geraldez
723,596,10/3/19,31189.56,bitcoin,22-638-0614,Audra Compson
724,747,3/18/17,30728.56,online_payment,00-494-7811,Lynne Pilkinton
725,208,11/25/21,9147.34,online_payment,32-047-0013,Mikey Penswick
726,554,1/22/29,5699.71,stripe,04-777-9556,Corrine Pressnell
727,404,11/27/27,8008.17,online_payment,71-079-7236,Mitzi Korting
728,485,5/19/27,1582.78,apple_pay,35-248-8996,Sam Mozzetti
729,450,7/29/16,13439.71,apple_pay,16-875-3897,Nicko Featenby
730,290,7/3/15,38513.83,stripe,72-407-7724,Mart Burgett
731,386,1/10/27,48770.26,venmo,17-637-1087,Stefano Braybrookes
732,333,5/9/27,18973.35,cash,81-114-5909,Bibi Birchenhead
733,433,2/27/29,40136.17,cash,78-464-8446,Steward Giacubo
734,446,6/14/25,32120.3,google_wallet,72-761-7441,Rolph Ridley
735,188,11/12/25,34835.82,venmo,53-108-2812,Leonore Kelley
736,263,7/1/23,13820.61,venmo,79-042-9858,Verena Eatherton
737,120,10/29/25,48201.49,paypal,61-428-5314,Ernest Bowld
738,597,5/30/16,44557.66,venmo,80-061-0542,Doyle Stygall
739,659,1/30/18,43683.84,online_payment,42-545-6497,Dana Bumpus
740,412,1/17/17,33531.42,google_wallet,28-813-1295,Cary Shotton
741,886,7/24/29,29907.24,paypal,65-053-0723,Bronny Phoebe
742,52,3/4/16,23650.12,stripe,65-053-5747,Rey Reede
743,648,10/6/22,3985.48,google_wallet,16-011-1969,Madalyn Flaverty
744,648,3/21/24,40775.67,bank_transfer,98-785-7323,Rudy Libby
745,912,2/20/16,9894.91,google_wallet,78-260-3868,Cece Whyborn
746,112,2/14/20,2390.07,card,40-615-2354,Aurlie Blatchford
747,341,10/28/17,42999.29,bank_transfer,98-293-1589,Sharl Grigaut
748,800,2/6/15,25992.55,bank_transfer,95-573-2236,Ario McCosker
749,306,4/25/27,29786.27,stripe,65-876-4163,Nike Reightley
750,708,5/24/23,11794.64,venmo,59-942-7420,Lorraine Killingbeck
751,516,12/23/19,27564.02,apple_pay,40-217-3093,Biddy Wyson
752,949,2/25/17,33052.98,cash,88-177-3230,Nicolea Lemmers
753,604,3/11/24,24433.06,venmo,60-414-4305,Fredericka Milberry
754,916,2/15/24,5253.67,google_wallet,78-187-0068,Shadow Grishukhin
755,11,3/25/28,19182.19,paypal,69-160-0971,Karlotte Quarlis
756,158,10/5/30,25989.33,stripe,36-751-7202,Chiquita Gooday
757,869,3/17/21,5318.11,paypal,35-869-0835,Allyn Iacoboni
758,498,10/3/17,5300.19,bitcoin,11-965-6975,Dynah Sail
759,371,12/14/15,10773.13,online_payment,52-332-9073,Peggi Linneman
760,86,8/29/23,11041.84,bitcoin,14-452-0784,Tabby Keward
761,547,11/1/28,11335.84,cash,65-841-6100,Violet Goldine
762,7,1/23/25,3592.06,online_payment,99-086-4632,Ulberto Montier
763,987,9/25/16,10785.01,venmo,48-073-3364,Kylynn Savory
764,1000,11/12/25,32479.55,stripe,08-550-4504,Ame Tomsett
765,683,12/14/27,3109.82,venmo,93-614-0268,Polly Pinfold
766,158,11/9/19,31723.14,paypal,14-069-2419,Kalinda Goom
767,378,9/27/17,34370.73,venmo,68-420-1961,Belvia Chartman
768,710,2/16/20,34843.84,cash,97-037-8508,Brady Handrock
769,968,12/31/20,48397.71,google_wallet,48-015-3433,Gareth Mastrantone
770,781,12/13/16,28110.02,apple_pay,84-934-0834,Earle Brandoni
771,521,3/30/27,38699.66,venmo,73-809-8496,Odella Brothwood
772,177,4/17/19,7099.29,paypal,90-538-9707,Marney Gerdts
773,331,12/24/26,32813.42,google_wallet,00-151-2109,Hali Skill
774,422,4/28/21,23776.63,google_wallet,98-043-9357,Claybourne McCowan
775,797,7/10/28,1884.12,venmo,74-327-4557,Willard Dovidaitis
776,245,11/29/30,15624.47,google_wallet,55-657-7859,Myrilla Snoddin
777,287,9/17/16,49104,online_payment,53-451-7279,Ludovico Milesap
778,883,2/7/17,25254.7,apple_pay,58-040-8620,Joaquin Joddens
779,383,11/9/28,22843.14,venmo,01-698-2321,Harcourt Saller
780,556,5/3/16,43592.76,stripe,75-615-1373,Rozele Voice
781,500,7/2/17,1299.18,cash,28-739-2814,Olimpia Dollard
782,747,10/20/16,12062.19,apple_pay,31-798-8033,Emmery Shutte
783,210,12/18/28,3799.48,online_payment,43-874-9871,Rriocard Ovens
784,958,11/1/28,18490.45,apple_pay,84-248-0174,Marsha Luten
785,158,4/10/22,12033.91,online_payment,75-876-2532,Barth Meddemmen
786,810,12/23/17,24022.84,cash,68-223-6800,Kori Giamelli
787,375,7/16/26,26715.71,stripe,63-353-5325,Ethan Mearns
788,63,2/5/29,13168.38,online_payment,55-532-6942,Bentley Bediss
789,312,1/28/22,44021.53,card,16-005-2727,Blair Priter
790,444,8/26/24,41105.54,bank_transfer,55-396-4154,Bennie Solland
791,891,1/21/21,45699.51,online_payment,75-950-2053,Henry Mattedi
792,101,8/15/16,44843.61,paypal,36-022-1357,Ike Abrahami
793,667,12/5/29,6236.42,stripe,04-358-0093,Rochelle Fansy
794,351,12/27/23,43747.1,cash,82-581-8198,Germaine Duigenan
795,480,9/14/18,29679.32,cash,38-109-0957,Dehlia Claypoole
796,987,3/2/26,23293.94,google_wallet,36-532-8218,Caril Holyland
797,398,9/21/16,15401.65,apple_pay,61-285-1436,Janine Errichelli
798,45,12/31/27,6911.06,venmo,55-613-3695,Lizette Harkins
799,658,5/31/19,41291.24,bitcoin,57-390-9800,Nicola Loachhead
800,579,8/3/17,34003.76,card,73-400-0751,Reuben Dressel
801,131,1/27/30,14262.14,card,41-621-4586,Portia Speddin
802,269,11/9/18,4449.66,venmo,60-745-6920,Aluino Rushford
803,218,1/9/26,35918.55,venmo,19-557-6554,Rhett Ziehm
804,644,11/10/30,27899.94,bitcoin,34-238-4739,Becky McKendry
805,248,1/1/28,24403.2,venmo,64-324-0508,Tammy Sommerling
806,989,2/21/23,4568.92,google_wallet,61-366-2550,Kirby Snoddin
807,737,2/16/20,17256.09,card,97-036-8391,Valentin Abadam
808,84,9/18/17,44017.53,online_payment,79-460-6006,Garner Oliveto
809,217,2/25/23,44796.56,bitcoin,60-629-9950,Carmine Brach
810,866,1/20/27,27957.4,apple_pay,18-598-0415,Hersh Jirik
811,541,11/25/15,2643.87,paypal,66-235-4511,Slade Shiels
812,115,12/12/22,38925.48,apple_pay,38-332-0629,Zechariah Eykelbosch
813,188,12/13/29,13883.31,cash,74-568-6549,Wally Balcers
814,771,8/18/24,24539.31,apple_pay,35-210-9167,Damon Clothier
815,852,1/16/18,43608.04,venmo,56-423-9119,Hakeem McGibbon
816,362,5/10/29,22321.4,bank_transfer,61-753-8135,Margaretha Viste
817,790,10/9/28,14653.35,cash,48-850-3760,Sile Debill
818,514,1/23/27,16329.38,stripe,49-384-9331,Lorilyn Adamthwaite
819,552,4/15/23,10942.23,paypal,48-194-4592,Egan Gullick
820,353,9/30/28,25579.73,cash,05-173-1811,Octavia Wenn
821,50,11/29/16,2116.04,cash,94-848-3829,Lucien Janous
822,574,3/2/23,30348.89,bitcoin,51-276-7527,Cosme Crimpe
823,412,6/30/15,7515.77,bitcoin,35-585-5287,Barbe Lugton
824,738,8/29/22,21044.78,stripe,98-111-2443,Kleon Parkinson
825,835,3/18/25,24791.93,bank_transfer,79-993-6322,Staffard Burley
826,165,2/2/18,48434.53,bitcoin,00-660-9213,Johnathon Brann
827,448,8/3/26,37473.82,online_payment,56-781-5656,Shawn Kamiyama
828,290,4/11/15,33805.87,apple_pay,27-297-1834,Dominic Shortin
829,269,6/19/20,16294.31,google_wallet,55-296-6573,Verne Ksandra
830,118,6/3/16,49297.8,bitcoin,87-455-9690,Harrison Hembery
831,601,12/6/19,30467.8,venmo,13-643-0193,Osbourne Blose
832,917,10/24/30,17311.48,paypal,17-906-1727,Amelie Spary
833,357,2/3/22,35486.42,card,58-656-5583,Zuzana Hassan
834,789,2/15/28,31959.9,stripe,38-373-0791,Ollie Duckerin
835,437,6/2/22,36757.84,stripe,24-577-3262,Janetta Govini
836,66,2/18/30,20470.91,cash,69-402-0718,Jeanna Blaw
837,169,7/2/19,43723.98,stripe,62-921-4325,Orsola Hobson
838,740,9/17/15,24967.07,cash,52-560-7608,Horten Rolfi
839,207,3/21/20,34370.34,stripe,11-360-9902,Noah Dalman
840,316,10/20/20,40976.26,card,84-071-4388,Denni Warters
841,493,6/7/29,34299.09,venmo,23-677-8540,Colline Hiscoe
842,55,6/27/15,7846.9,google_wallet,61-700-8526,Anstice Fulun
843,220,11/13/24,8326.38,bitcoin,76-251-0628,Marie Gribbin
844,875,5/27/18,21787.29,cash,58-127-5606,Isabel Ritchings
845,687,6/28/18,47338.42,venmo,08-082-9250,Nils Gaskill
846,574,8/12/26,15483.07,bank_transfer,91-800-5606,Guillema Rowledge
847,148,3/18/25,27850.15,online_payment,31-348-1616,Corissa Flattman
848,702,6/8/26,23432.96,cash,85-109-7315,Obediah Macon
849,660,2/9/27,12739.32,paypal,04-932-8109,Sheilah Delph
850,768,6/27/25,35765.75,card,68-602-9792,Clareta Dibbin
851,963,7/14/21,40253.84,bank_transfer,43-268-2116,Debby Minton
852,49,8/11/16,49215.7,stripe,06-085-7299,Emelita Phlippi
853,121,9/3/16,15124.83,bank_transfer,60-483-8686,Blancha Powell
854,217,1/21/22,38886.37,venmo,52-262-9550,Gabe Stouther
855,767,6/3/21,21776.5,apple_pay,19-230-4599,Lowell Bear
856,446,1/20/16,47414.93,card,58-874-7208,Clem Brockherst
857,699,10/7/30,8693.9,bitcoin,83-737-3786,Kathy Stansall
858,979,6/4/17,29206.68,online_payment,28-345-7820,Cross Greenall
859,105,12/12/24,49631.97,venmo,32-495-5652,Steffen L'Episcopi
860,918,10/19/23,2326.42,stripe,60-109-7297,Jeanna Winters
861,484,7/9/19,37861.03,paypal,05-991-5495,Wilie Plevin
862,118,1/24/24,11886.1,bitcoin,16-996-4899,Amandy Malden
863,230,1/11/17,251.75,card,16-841-0287,Nikos Phettiplace
864,417,7/7/24,42850.75,online_payment,71-871-3697,Nial Burgum
865,726,11/13/19,21093.44,bitcoin,78-609-3705,Ford Stair
866,684,10/3/24,14403.34,paypal,10-313-3886,Jeromy Duchatel
867,196,7/22/22,43187.98,paypal,71-412-1525,Joellyn Orrill
868,770,7/1/26,36906.12,venmo,88-493-5868,Lenna Camelin
869,356,3/10/18,45843.78,bank_transfer,70-443-8220,Amalea Brislen
870,674,10/7/21,21066.2,online_payment,13-383-6575,Pen Scough
871,661,9/1/18,42757.56,bitcoin,08-886-9891,Isac Alderwick
872,646,6/19/27,5242.28,bitcoin,85-164-4727,Cele Addyman
873,28,6/3/29,30277.36,apple_pay,90-019-5538,Darci Clemmitt
874,998,9/1/23,45267.45,cash,18-997-3212,Alphonso Larvent
875,218,7/3/16,29032.14,cash,45-543-8477,Durward Rankine
876,656,9/16/15,30273.64,bitcoin,47-557-6317,Abba Mateu
877,60,10/12/24,47279.68,venmo,65-740-8118,Sam Muro
878,23,12/1/25,48500.48,bitcoin,13-117-7102,Cesya Innocent
879,535,8/10/25,5583.84,stripe,22-364-0107,Adrianne Rapo
880,893,11/24/27,16442.87,venmo,46-076-5180,Martino Nursey
881,751,11/6/21,37535.65,bank_transfer,36-763-0313,Rebeca Frayling
882,332,9/6/28,905.76,card,38-126-5394,Jerrilee Bergin
883,956,7/20/17,13426.97,cash,22-671-7895,Regan Housecraft
884,13,11/15/19,32542.81,bitcoin,55-794-3067,Ab Ousbie
885,682,6/30/17,547.09,bitcoin,45-887-4219,Tildie Niesing
886,754,7/13/25,25862.69,paypal,21-308-8641,Waly Hyder
887,435,6/27/28,20097.63,stripe,31-735-1179,Victoria Arundel
888,905,11/5/20,38644.31,google_wallet,32-933-9807,Damita Potte
889,518,4/14/23,2445.36,card,32-274-4251,Allegra Reisenberg
890,775,12/9/28,24806.62,paypal,00-935-7216,Joannes Beaze
891,144,9/13/30,20086.97,bank_transfer,63-027-3967,Janot McHan
892,862,5/5/21,13098.37,bitcoin,47-841-8830,Rich Biddlecombe
893,117,6/12/19,8250.76,card,06-572-6875,Barbette Whyman
894,525,7/5/20,49671.62,paypal,67-608-5421,Gino De Bruijn
895,494,1/16/23,1484.41,apple_pay,84-882-7979,Deeyn Fullbrook
896,977,12/31/15,34253.34,stripe,05-097-4811,Caryl Dewicke
897,34,10/23/29,26167.95,venmo,64-555-9153,Marlena Volcker
898,882,6/9/23,41544.18,google_wallet,79-305-7622,Sarette Clouston
899,148,12/5/26,34841.66,online_payment,06-462-6096,Alister Hucklesby
900,308,5/27/25,25802.15,paypal,98-892-7148,Hort Chad
901,758,1/25/18,22156.23,stripe,65-692-1080,Nelly Margrie
902,411,8/4/25,48909.3,venmo,78-541-1585,Jeri Drezzer
903,131,2/20/23,43700.46,online_payment,63-255-2686,Samson Bransom
904,50,8/26/21,7965.41,bank_transfer,31-368-8103,Annalise Bear
905,520,5/12/23,39161.13,card,78-796-7427,Maddalena Reiach
906,325,8/13/28,9734.08,venmo,05-638-7479,Rosaleen Mora
907,974,5/20/17,7098.48,venmo,87-054-3413,Alameda Rummings
908,863,9/8/26,21185.53,stripe,90-538-3507,Zak Yakubowicz
909,122,8/1/29,48211.53,bank_transfer,28-697-1467,Dominga Marquis
910,131,3/16/27,21913.04,venmo,82-107-4377,Ingrid Mainland
911,196,3/29/15,4030.02,bank_transfer,09-692-7562,Georgie Corneljes
912,914,6/9/23,35419.47,online_payment,19-711-0558,Sharla Catherall
913,766,2/15/16,33829.87,paypal,38-922-7393,Aldis Pether
914,535,7/10/16,28063.92,stripe,38-098-8397,Stavro Ivashechkin
915,77,2/23/23,47755.47,card,70-144-1208,Jere De Dantesie
916,499,9/4/30,3705.15,venmo,49-136-0104,Penelope Newnham
917,249,6/5/29,10727.38,google_wallet,52-941-2787,Emlynne Worsalls
918,273,4/11/27,21562.3,online_payment,48-913-1626,Archibald Peirazzi
919,796,7/22/27,24582.05,google_wallet,51-602-5607,Corny Keeler
920,957,1/17/21,45182.22,venmo,75-449-4728,Tildie Aspray
921,607,1/31/30,32184.7,stripe,40-597-8401,Noble Sides
922,899,4/23/29,18046.4,google_wallet,77-155-6250,Mile Silmon
923,102,5/7/20,46802.47,venmo,42-506-8257,Melonie Fullwood
924,416,3/6/25,43830.21,cash,25-354-2494,Mitchel Fynan
925,620,8/13/27,1702.74,bitcoin,90-564-5640,Drucie Schulze
926,826,3/25/26,22561.2,apple_pay,34-461-6233,Reynard Pietruszka
927,497,7/27/15,9680.8,apple_pay,02-757-6030,Vern Badgers
928,939,12/5/19,46130.2,stripe,19-270-0402,Lorrie Abbey
929,196,10/17/29,37236.98,apple_pay,30-310-5356,Lira Langhorne
930,232,10/25/18,456.91,stripe,71-222-0104,Kial Kersey
931,267,1/13/28,30525.54,stripe,82-876-9312,Arri Kellough
932,405,11/20/16,5946.92,cash,49-736-4977,Vasilis Edscer
933,333,6/5/27,33743,venmo,39-002-0455,Gabby Bitcheno
934,321,8/18/22,14901.53,bitcoin,40-227-9908,Aron Ellice
935,616,4/23/18,43025.83,google_wallet,94-369-0481,Joyce Hollows
936,341,3/17/21,38272.34,bank_transfer,33-711-8467,Valle Seyffert
937,826,7/18/19,45070.46,paypal,95-075-3944,Charlot MacCallester
938,165,6/2/27,38805.01,bank_transfer,45-383-0733,Renata Dinnis
939,236,8/1/29,46122.13,apple_pay,40-237-9785,Roobbie Keyson
940,810,12/20/27,27288.99,online_payment,81-585-0260,Rakel Baudino
941,127,11/30/24,22746.71,cash,04-967-3510,Lukas Schriren
942,111,7/5/23,48969.75,apple_pay,81-391-7195,Gothart Menezes
943,46,8/2/22,38375.02,cash,62-774-4276,Tilda Ledward
944,652,10/16/22,24910.29,cash,76-875-1961,Chandal Corbin
945,18,11/12/18,14241.43,google_wallet,32-230-2532,Terrie Bollands
946,906,10/11/23,7837.74,bank_transfer,84-678-7553,Rosy Burdell
947,765,4/10/21,20855.42,bitcoin,16-228-1023,Isabel de Quesne
948,294,7/26/15,19367.83,google_wallet,51-602-0332,Lalo Myrtle
949,834,5/10/28,19637.51,apple_pay,63-623-8521,Gery Brave
950,65,6/25/19,15065.66,apple_pay,82-305-9831,Hyacinthie Greenmon
951,65,10/18/27,33094.47,google_wallet,47-113-9181,Morlee Kapelhof
952,458,8/18/25,42820.35,online_payment,09-171-8229,Raeann Allender
953,165,12/24/23,27966.73,cash,29-656-4682,Saxe Pigram
954,487,10/13/20,23027.04,venmo,08-668-4578,Tomkin Matthisson
955,434,8/22/29,23449.08,stripe,97-150-6232,Lannie Lefort
956,934,4/21/25,17760.85,bank_transfer,24-981-6242,Tessa Bourner
957,688,7/29/29,29473.23,online_payment,40-086-6201,Wylie Trudgeon
958,985,7/1/18,24158.52,cash,10-043-4412,Saunder Gummary
959,193,4/12/15,19001.5,cash,31-001-8468,Ardelia Bergstrand
960,527,12/15/16,30261.27,stripe,00-422-1700,Louella Cossor
961,217,4/2/28,41459.37,cash,24-580-8793,Vernon Goane
962,553,10/3/15,2999.21,cash,13-894-6614,Paulette Broggio
963,772,8/1/19,11363.75,venmo,61-906-9197,Elora Daoust
964,239,6/17/24,19526.47,paypal,46-241-4453,Harriot Sporner
965,141,8/18/16,17238.7,cash,77-466-7796,Benita Jeske
966,752,2/21/27,17340.65,card,20-099-7616,Doti Lillecrop
967,67,9/5/19,17233.66,apple_pay,14-710-0602,Nichols Backshell
968,622,1/19/22,13096.24,bitcoin,71-044-4706,Ilario Allain
969,930,10/16/27,3348.71,stripe,83-477-2334,Merrily Keenleyside
970,122,12/7/23,34593.68,google_wallet,08-359-0036,Jordain Wressell
971,81,8/31/22,47107.58,venmo,45-069-4506,Marlene Di Gregorio
972,528,4/4/23,14791.71,bitcoin,46-145-8925,Julian Ovett
973,756,5/4/24,32151.66,google_wallet,68-168-7884,Rosalyn Furmedge
974,177,8/23/20,9603.45,online_payment,48-692-4426,Gunther Doman
975,776,1/8/30,1603.77,card,48-953-4805,Tedda Maxfield
976,783,6/24/19,39216.45,stripe,98-811-0058,Shurlocke Archdeckne
977,737,6/7/19,28949.96,apple_pay,26-334-1863,Shurwood Cuphus
978,876,10/19/22,10472.85,venmo,05-738-7278,Clayborne Ryland
979,230,4/10/19,28277.45,card,26-304-0170,Laurena Tassell
980,986,5/3/24,8336.06,card,68-197-0061,Joelly Eadmeads
981,887,8/5/30,7017.35,bitcoin,92-643-4375,Rubetta Griffitt
982,815,9/5/15,40427.57,paypal,73-165-2290,Roderic Stuehmeyer
983,716,1/5/22,27314.96,google_wallet,42-154-9072,Sibel Dobbison
984,930,9/24/15,46289.15,apple_pay,58-468-6281,Jeanelle Heinrich
985,561,4/7/30,10992.65,apple_pay,21-864-8095,Zena Raimbauld
986,510,2/1/21,8597.99,google_wallet,37-908-5832,Jeramey Bonnefin
987,623,7/22/30,17279.47,paypal,94-130-7096,Bay Josland
988,411,5/4/26,45245.86,paypal,23-076-5097,Rena Wilbor
989,59,3/27/25,33352.28,online_payment,08-211-6158,Vita Fussen
990,482,1/26/27,22228.06,venmo,41-345-8412,Welch Huggill
991,141,8/4/23,5049.89,paypal,35-199-0408,Ediva Willsmore
992,24,12/14/30,34302.45,bank_transfer,69-317-4504,Fawn Halwell
993,137,3/27/19,8575.54,paypal,58-450-4678,Daune Dedham
994,362,1/23/23,8234.05,bitcoin,75-847-7111,Gerladina Rops
995,428,6/8/29,43999.37,apple_pay,59-853-5796,Noby Egentan
996,806,12/22/22,35752.19,paypal,62-151-1535,Pip Satyford
997,83,11/27/25,15193.01,venmo,25-250-0057,Dolli McLernon
998,582,6/16/28,15430.95,bitcoin,99-231-4474,Nolly Tourmell
999,374,1/4/28,3969.79,card,02-671-5989,Ilsa Franke
1000,231,3/20/30,12096.94,stripe,23-663-7365,Stephen Terbeck